year	iso3	model	locators	proposed_function	interpretation_limit
2023	SGP	UN ICT Open-Ended Working Group	4,5	Draw lessons from inclusive UN norms process for AI oversight and escalation prevention	Explicit institutional analogy; not a country cluster.
2023	ESP	International AI agency	8	Host agency headquarters and support Tech Envoy with expertise and resources	Does not specify inspection or enforcement powers.
2023	KOR	International digital ethics organization under UN	10,11	Discuss and set digital ethics rules, supported by Global AI Forum and expert collaboration	Not specifically IAEA or FSB.
2024	GRC	COP for AI	14	Global forum involving countries and technology companies for regulation and applications	Climate-governance analogy; mandate and enforcement not specified.
2024	KAZ	UN AI Office	5	Common ethics and standards for responsible peaceful governance	Office proposal does not establish a new regulator.
2025	CHN	World AI Cooperation Organization	4	International AI cooperation and governance under rules benefiting all	National proposal; not an established UN body in the speech.
2025	UKR	Nuclear non-proliferation urgency	2	Global rules and human control for AI weapons before escalation	Nuclear analogy without naming IAEA.
2026	GBR	G20 response to 2008 financial crisis	2	Single global principles and standards, transparency and access, nationally adapted implementation	FSB-like coordination is analyst interpretation; FSB is not named.
2026	AUT	IAEA and peaceful atomic energy rules	1	Act before catastrophe with binding autonomous-weapons restrictions, human control and accountability	Explicit IAEA analogy; no specific AI inspection agency blueprint.
2026	GRC	Nuclear regulation and aviation certification	1	License AI companies, rigorous tests, temporary pause pending strong authority	Primarily calls on United States; not an explicit IAEA or ICAO institutional proposal.
2026	FRA	Chemical-weapons cooperation precedent	2	Specific interstate security architecture for AI in defence, cyber and outer space	No express OPCW clone or institutional powers specified.
2026	FIN	Frontier-model control initiative	2	Engage companies, governments, regional organizations and UN in frontier control mechanisms	Reports Norway-Finland initiative; cannot attribute Norway's General Debate position from another speaker.
