iso3	theme_paragraphs	rationale
BRA	GOV:1;RIGHTS:1;POWER:1;SAFETY:1	Criticizes unregulated corporate AI race and bypassing UN Scientific Panel; ethical responsibility.
USA	GOV:4;POWER:4;SAFETY:4;DEV:4	Rejects global AI control scheme, emphasizes sovereignty and competitive leadership; disputes catastrophic-risk narratives. GOV records engagement, not support. Extended AI passage reviewed for additional explicitly connected themes.
TUR	GOV:2;SAFETY:2;INFO:2	Calls for international AI legal framework against control and truth risks; reference to UN convention is a speaker claim requiring corroboration.
LTU	GOV:1;RIGHTS:1;SAFETY:1;SECURITY:1;DEV:1;ACCESS:1;INFO:1;POWER:1	Contribute to UN Dialogue; human control, shared legal commitments and protection against coercion, inequality and manipulation.
CHL	DEV:1;RIGHTS:1;GOV:1;SAFETY:1	Responsible pace links economic opportunity with ethics and ability to govern progress.
FIN	GOV:2;SAFETY:2	Invites support for Norway-Finland initiative controlling frontier models with UN involvement.
LUX	SAFETY:2;WORK:2;RIGHTS:2	Extreme risks and education for critical thinking and creativity in AI transformation. Extended AI passage reviewed for additional explicitly connected themes.
FRA	GOV:1,2;POWER:1,2;ACCESS:2;RIGHTS:2;SAFETY:2;SECURITY:2	Shared open-source models and compute, independent audit, child protection, and security cooperation; opposes domination by two powers or few firms.
AGO	DEV:1;GOV:1;ACCESS:1;WORK:1;RIGHTS:1;SAFETY:1;POWER:1	African voice, AI applications, training and infrastructure through Global Digital Compact; inclusion and sovereignty over dependence.
KOR	DEV:1;ACCESS:1;RIGHTS:1;WORK:1;ENV:1;GOV:1	Universal basic AI benefits, global hub partnerships, health and climate applications, employment anxiety and social rights.
SUR	SAFETY:1	National preparation for responsible controlled use and risk mitigation; no concrete development application stated.
SLE	DEV:1;ACCESS:1;POWER:1;GOV:1	Public-service applications and developing-country participation in standards against concentrated infrastructure and rule-making.
CHE	DEV:1;ACCESS:1;WORK:1;GOV:1;SAFETY:1	Geneva summit invitation; science and medicine applications, skills, participation in rules and balance between innovation and trust.
SYC	DEV:2;ENV:2;ACCESS:2;SECURITY:2;RIGHTS:2;GOV:2	Ocean management benefits and risks of inequality, warfare and cybercrime; dignity. Extended AI passage reviewed for additional explicitly connected themes.
VNM	DEV:1;ACCESS:1;POWER:1;SECURITY:1;GOV:1;SAFETY:1	Technology governance for common development without dependence or conflict. Extended AI passage reviewed for additional explicitly connected themes.
TZA	GOV:1;SAFETY:1	Ungoverned AI among existential challenges requiring coordinated UN response.
BTN	DEV:1;ENV:1	National AI/data-centre investment powered by renewable energy in Gelephu Mindfulness City.
TTO	SECURITY:1;INFO:1;GOV:1;ACCESS:1;DEV:1	UNSC priorities include AI cybercrime and autonomous weapons, peacekeeping and inclusive rules; endorses alternative name, not US governance opposition.
JPN	GOV:2;SAFETY:2;SECURITY:2;INFO:2	Hiroshima process, frontier safety cooperation and summit offer.
GBR	DEV:2;SECURITY:2;SAFETY:2;WORK:2;GOV:2	Health and growth, US defence partnership, worker transition and G20 common standards inspired by 2008 financial response; FSB not named.
HRV	DEV:1;RIGHTS:1;GOV:1	Development with legal frameworks, dignity and democratic accountability; transnational coordination context.
BEL	RIGHTS:1;GOV:1;SAFETY:1	Rules to protect people, particularly children, without suppressing innovation.
LVA	INFO:1;SECURITY:1;SAFETY:1	AI as deception, disruption and conflict risk; generic opportunity without concrete development application.
ROU	DEV:2	National AI talent among industries of the future.
PRY	SECURITY:1;DEV:1;RIGHTS:2;SAFETY:2	AI economy and warfare, human dignity and covert values in model training.
CZE	GOV:1;SAFETY:1;POWER:1	Cites Scientific Panel warnings; international standards, public oversight and accountability against race dynamics.
ARG	DEV:1;WORK:1;RIGHTS:1;POWER:1;GOV:1;SAFETY:1	Rejects anticipatory regulation and job-loss alarm, promotes productivity and Western leadership; local liability/tax offer is not a UN mandate.
EST	DEV:1;GOV:1;ACCESS:1;WORK:1;RIGHTS:1;SAFETY:1	Dialogue co-chairing, UNICEF cooperation and AI Leap education with inclusive safe learning.
TLS	GOV:2;ACCESS:2	Developing countries must participate in AI governance and development.
CYP		Passing reference to speed of AI change; no specific AI demand in retrieved passage.
BWA	GOV:1;ACCESS:1	Calls for inclusive UN international emerging-technology framework bridging inequality.
ECU	DEV:2;ACCESS:2;GOV:2;RIGHTS:2	Inclusive international governance for productivity and education without renouncing values or deepening inequality.
UKR	SECURITY:1;SAFETY:1	Urgency of peace before autonomous AI battlefield decisions; no named global institution.
BGR	GOV:1;SECURITY:1;SAFETY:1	Military technology under international law and effective human control.
CAF	ACCESS:2;WORK:2;RIGHTS:2;GOV:2	Connectivity, skills and data protection; developing countries should decide AI rules.
ETH	DEV:1;ACCESS:1;WORK:1;POWER:1	Global South leadership and national coding/university programmes against inequality.
POL	GOV:2;SAFETY:2;RIGHTS:2;INFO:2;SECURITY:2	Enforceable limits against manipulation, destabilization and loss of human agency.
NAM	DEV:1;RIGHTS:1;SAFETY:1;GOV:1	Global Digital Compact and ethical human-centred AI complementing human capability.
SVK	ACCESS:1;POWER:1;SECURITY:1;SAFETY:1;GOV:1;WORK:1	UN-led frameworks, human control of weapons, unequal access, education harms and peace applications.
SRB	DEV:1;WORK:1;ACCESS:1;INFO:1;SECURITY:1;RIGHTS:1;GOV:1;SAFETY:1	Global Partnership on AI, benefits and labour changes, security, manipulation and rights safeguards.
MOZ	ACCESS:2;WORK:2;GOV:2;RIGHTS:2;POWER:2	Compute, research, youth training, technology transfer and ethical governance supporting sovereignty.
SWZ	DEV:1;GOV:1;SAFETY:1;ACCESS:1;ENV:1	Services and economic benefits; accountability, human agency, environmental impact and exclusion.
MNE	GOV:1;SAFETY:1;RIGHTS:1	Multilateral response to AI risks and rights-based human-centred transformation.
VEN	ACCESS:1;GOV:1	Government, technology and scientific community responsibility against digital inequality.
ESP	GOV:1;POWER:1;RIGHTS:1	Strict regulation of tech oligarchs and AI to protect children.
AND	DEV:2;ENV:2;ACCESS:2;RIGHTS:2;GOV:2	Science, health and climate benefits; equality, democracy and cultural/linguistic diversity. Extended AI passage reviewed for additional explicitly connected themes.
COD	GOV:1;ACCESS:1;POWER:1	Supports Dialogue and global capacity-building fund in AI context; developing-country rules and capabilities.
ITA	POWER:1;ACCESS:1;DEV:1;ENV:1;GOV:1;RIGHTS:1;WORK:1;INFO:1;SAFETY:1;SECURITY:1	Governance against domination and dependence; medicine, industry and environmental benefits with human-centred work transition. Extended AI passage reviewed for additional explicitly connected themes.
UZB	RIGHTS:1;ACCESS:1;SECURITY:1;GOV:1;INFO:1	International dialogue, equal opportunity, accountability and countering hatred/stereotypes.
ZWE	DEV:1;ACCESS:1;RIGHTS:1;SECURITY:1;SAFETY:1;GOV:1	AI strategy and equitable development; military/nuclear-command AI under human judgment and international law.
GUY	DEV:2;ACCESS:2	AI health, education, agriculture and services should empower people rather than few.
COM	SAFETY:2;GOV:2	AI risks among challenges requiring multilateral coordination.
LBR	GOV:1;POWER:1;ACCESS:1;RIGHTS:1;SECURITY:1	Welcomes Scientific Panel, seeks digital sovereignty and binding ethical/military regulation.
URY	ACCESS:1	Contrasts discussion of AI with unmet basic needs; no named AI financing mechanism.
GMB	ACCESS:1;GOV:1;POWER:1	LDC research and innovation capacity and inclusive international governance; avoid passive consumer role.
ISR	DEV:1	National AI innovation shared with humanity.
PRT	GOV:2;RIGHTS:2	Joint balance between innovation and regulation to preserve humanity.
SEN	DEV:1;RIGHTS:1;ACCESS:1	AI as ethical, responsible and inclusive human-development instrument.
CIV	SAFETY:1;ACCESS:2;GOV:2;RIGHTS:2;SECURITY:2;DEV:2	Existential-risk warning and inclusive UN governance for innovation, dignity, security and development.
NGA	DEV:1;SECURITY:1;ACCESS:1;SAFETY:1	AI war versus services/productivity; investment in infrastructure and research and invitation to partners.
KWT	GOV:1	Welcomes SG strengthening international AI cooperation and requests continuity beyond his term.
BRB	DEV:1;ACCESS:1;RIGHTS:1;INFO:1;SAFETY:1;GOV:1;POWER:1;ENV:1	Scientific Panel hosting offer, inclusive global rules and human oversight; services and disaster prediction against exclusion and concentrated power.
BGD	ACCESS:1;WORK:1;GOV:1;DEV:1	Technology transfer, skills and affordable access; effective UN policy framework for widely shared AI benefits.
NLD	GOV:1;POWER:1	Collective UN decisions rather than control by few companies and countries.
GRC	DEV:1;ENV:1;SAFETY:1;GOV:1;WORK:1;POWER:1;RIGHTS:1	Calls for licensing, testing and temporary pause pending strong regulation; jobs, children and concentration; US leadership plus international cooperation.
AUS	DEV:2;SAFETY:2;SECURITY:2;GOV:2	Health and productivity, cyber intrusion, national standards and joint international action on frontier AI.
AUT	SECURITY:1;GOV:1;SAFETY:1	IAEA analogy for peaceful use under rules before catastrophe; binding autonomous-weapons prohibitions and restrictions.
ZAF	GOV:2;ACCESS:2	African participation in AI rules and research/innovation value chains.
