year	country	ai_positive	theme_pages	head_status	rationale
2023	andorra	1	DEV:7	head	AI among scientific advances improving living conditions; climate discussion does not explicitly identify an AI application.
2023	argentina	1	WORK:1	head	AI and robotics require rethinking education, production and preservation of work.
2023	austria	1		other	Passing reference to disruptive technologies in argument against simplistic political answers; no specific AI policy demand.
2023	bahrain	0		other	False match: Al-Azhar.
2023	barbados	1	GOV:2;INFO:2	head	Supports SG regulatory action against generative-AI risks to shared facts and democracy.
2023	bulgaria	1	DEV:3;RIGHTS:3;GOV:3	head	Human-rights-based, pro-innovation approach to AI in Global Digital Compact context.
2023	cameroon	1	DEV:7	other	AI used wisely can improve humanity's future; Foreign Minister reads President's statement.
2023	canada	1	SAFETY:3	other	Reports public concern about AI; information issues listed separately, not causally attributed to AI.
2023	chile	1	RIGHTS:6,7;GOV:7;DEV:7;ACCESS:7;INFO:6,7	head	Multilateral ethical framework grounded in rights, inclusion and development; AI-generated nonconsensual imagery and disinformation.
2023	china	1	GOV:3;POWER:3	other	UN should lead widely accepted AI governance respecting national governance principles; Vice President speaks.
2023	costa-rica	1	GOV:2;SECURITY:2	other	Urgent AI governance and proposed Assembly resolution on autonomous weapons with Austria and Mexico.
2023	ethiopia	1	DEV:3;GOV:3	other	Responsible AI benefiting humanity through international cooperation; Deputy Prime Minister speaks.
2023	germany	1	ACCESS:28;RIGHTS:28;GOV:29;SECURITY:29	head	Unequal access and partial algorithmic representation; common rules for generative AI as a weapon through Global Digital Compact.
2023	iceland	1	GOV:6;SAFETY:6;INFO:6;RIGHTS:6	unknown	Multilateral cooperation against destructive AI; human freedom of expression does not extend to programmed propaganda bots.
2023	india	1	GOV:3	other	G20 propositions include responsible harnessing of AI.
2023	indonesia	1	DEV:7;ACCESS:7;SAFETY:7	other	Safe and secure AI access for developing-country sustainable growth.
2023	israel	1	DEV:8,9;SECURITY:8,9;SAFETY:8,9;GOV:8,9;INFO:8;WORK:8;RIGHTS:9;ENV:8;POWER:9	head	Global leaders should jointly govern AI; health, energy and agriculture benefits alongside war, crime, job loss, manipulation and loss of human control; handful of nations leading AI.
2023	italy	1	SAFETY:6;WORK:6;POWER:6;RIGHTS:6;GOV:6,7	head	Global ethical governance needed against replacement of human intellect, job displacement and concentrated power; identifies UN responsibility.
2023	japan	1	RIGHTS:4;GOV:4;SAFETY:4	head	Hiroshima AI Process for trustworthy generative AI and international rules compatible with dignity and privacy.
2023	lesotho	1	RIGHTS:8;SAFETY:8	head	Supports AI innovation while protecting privacy and safety; preceding generic digital access not separately assigned to AI.
2023	malta	1	DEV:13,14;WORK:13;SAFETY:13;GOV:14	head	Public-service pilots and global cooperation; responds to fears of job loss and loss of control.
2023	monaco	1	DEV:6;SECURITY:6,7;SAFETY:6,7;RIGHTS:7;GOV:7	head	AI SDG potential and cyber/military dangers; welcomes UN High-Level Advisory Body, distinct from later Scientific Panel.
2023	namibia	1	DEV:7,8;ACCESS:8;WORK:8	head	Developing-country access, technology transfer and skills so digital revolution including AI does not leave countries behind.
2023	nepal	1	GOV:14,15;SECURITY:14,15;SAFETY:15	head	Multilateral regulation and informed deliberation on dual-use AI misuse.
2023	new-zealand	1	GOV:4;SECURITY:4	unknown	International limits on autonomous weapons and responsible norms for AI.
2023	nicaragua	1	ACCESS:13,14;DEV:14;POWER:13,14;SECURITY:14	unknown	Demands inclusive access to scientific advances including AI and warns of destructive use by dominant powers; cover does not identify delivering representative.
2023	north-macedonia	1	GOV:3	unknown	Joint Pact for the Future needed to address AI-driven changes beyond any country's capacity.
2023	qatar	1	DEV:3;ACCESS:3	head	AI opportunities contrasted with unequal development; remove cross-country scientific and technical barriers.
2023	republic-korea	1	ACCESS:10;SAFETY:10;RIGHTS:10;INFO:10;GOV:10,11	unknown	Proposes UN international digital-ethics organization and Global AI Forum; collaboration with High-Level Advisory Body.
2023	saint-vincent-and-grenadines	1	SAFETY:5,12;GOV:5	head	AI among uncontrolled/existential challenges requiring effective inclusive multilateralism; page 12 passage bracketed in prepared version.
2023	serbia	1	DEV:2,7;GOV:7	head	Domestic AI institute and strategy, membership of Global Partnership on AI in growth agenda.
2023	singapore	1	ACCESS:4;SECURITY:4;SAFETY:4;GOV:4,5	other	UN dialogue and oversight for AI escalation risks; welcomes Advisory Body and cites ICT Open-Ended Working Group as institutional learning model.
2023	slovakia	1	RIGHTS:3;GOV:3;INFO:3	unknown	Democratic regulation to protect dignity and shared facts from social platforms and AI amplifying crises.
2023	slovenia	1	DEV:8;SAFETY:8;RIGHTS:8;GOV:8	head	Welcomes Advisory Body and human-rights-based technology lifecycle governance through Global Digital Compact.
2023	spain	1	GOV:8;RIGHTS:8;SAFETY:8	head	Offers resources and expertise to Tech Envoy and headquarters for future international AI agency.
2023	sweden	1	DEV:3;ENV:3;SECURITY:3;RIGHTS:3;GOV:3;SAFETY:3	other	AI for climate, health and SDGs with security and rights safeguards through Global Digital Compact.
2023	timor-leste	1	ACCESS:13	head	Contrasts powerful AI with extreme deprivation; Global Fund for Education and Health is not AI Capacity Development Fund.
2023	ukraine	1	SECURITY:3	head	Warns AI may learn combat before helping humanity.
2023	united-kingdom-great-britain-and-northern-ireland	1	DEV:4,5;ENV:5;ACCESS:5;SECURITY:6,9;INFO:6;RIGHTS:6;SAFETY:6,9,10,11;GOV:8,9,10,11;POWER:9	other	AI Safety Summit, shared risk assessment and external red-teaming; international institutional offer from Frontier AI Taskforce. Speaker distinguishes himself from Prime Minister.
2023	united-states-america	1	GOV:4,5;SAFETY:4,5;RIGHTS:4	head	Work through UN and with competitors on pre-release safety, human control and protection against oppression.
2023	uruguay	1	DEV:1	head	AI and connectivity as tools for integration and development if used well.
2023	venezuela-bolivarian-republic	1	GOV:5;POWER:5;SECURITY:5;RIGHTS:5	other	UN regulation should prevent concentration, destabilization and control; speaks on behalf of President.
2023	zambia	1	DEV:5,6,7;ACCESS:5,7;ENV:6;GOV:7;RIGHTS:7;INFO:7;WORK:7	other	SDG finance and digital infrastructure support, AI medicine/precision irrigation, jobs, ethical cooperation and information integrity.
