year,iso3,evidence_id,category,proposal
2026,SGP,E00516,Treaty or convention,UN framework convention on AI safeguards; ITU standards and an IAEA-style verification body
2026,DEU,E00412,Safety or verification regime,Common safety requirements: testing before release and reporting of failures
2026,GBR,E00436,Coordination in existing forums,G20 and Financial Stability Board-style coordination
2026,TUR,E00544,Treaty or convention,UN convention on AI
2026,AUT,E00367,Treaty or convention,Legally binding instrument on autonomous weapons
2026,RUS,E00511,New international body,China's proposed global AI cooperation organisation (outside the UN)
2026,BHR,E00374,Treaty or convention,International AI treaty with IAEA-style safeguards
2026,GRC,E00441,New international body,Powerful regulatory authority
2026,FRA,E00430,New international body,New international architecture on the chemical-weapons model
2026,FRA,E00429,Pooled research,CERN-like pooled open-source AI model
2026,ITA,E00452,Safety or verification regime,Mutual oversight mechanisms under the UN
2026,FIN,E00425,Safety or verification regime,Frontier AI control mechanisms (joint appeal with Norway)
2026,NOR,E00498,Safety or verification regime,Frontier AI control mechanisms (joint appeal with Finland)
2026,TKM,E00537,Code or standards,UN international code for the peaceful use of AI
2026,ALB,E00351,Safety or verification regime,Early-warning network among democracies
2025,CHN,E00259,New international body,World AI cooperation organisation (outside the UN)
2025,CIV,E00260,Code or standards,Binding universal standards
2025,USA,E00337,Safety or verification regime,AI verification system for the Biological Weapons Convention
2025,UZB,E00338,New international body,International cooperation mechanism
2024,BRA,E00164,New international body,Intergovernmental AI governance system
2024,COL,E00171,New international body,Global public authority
2024,GRC,E00189,Treaty or convention,Conference of the parties for AI
2024,KAZ,E00197,New international body,UN AI office
2023,ATG,E00070,Treaty or convention,Treaty on lethal autonomous weapons
2023,ESP,E00083,New international body,Host an international AI agency
2023,KOR,E00119,New international body,International organisation under the UN
2022,LKA,E00065,Safety or verification regime,Regulatory supervisory regime
2022,PHL,E00067,Treaty or convention,Legal rules against weaponisation
2021,AUT,E00052,Treaty or convention,Ban on killer robots
