year,iso3,evidence_id,mechanism,position,commitment,note
2026,COD,E00399,Dialogue,Support,,Supports the UN Global Dialogue on AI Governance.
2026,EGY,E00417,Dialogue,Support,,Supports a global dialogue under the UN.
2026,EST,E00420,Dialogue,Support,Yes,Co-chair of the first Global Dialogue.
2026,KAZ,E00457,Dialogue,Support,,Supports rules and cooperation through the UN Dialogue.
2026,KNA,E00459,Dialogue,Support,,Welcomes the Global Dialogue.
2026,LTU,E00473,Dialogue,Support,Yes,Commits to contribute to the Global Dialogue.
2026,MUS,E00489,Dialogue,Support,,Supports the resolution establishing the Dialogue.
2026,RUS,E00511,Dialogue,Support,,Welcomes the start of the Dialogue's work.
2026,SGP,E00516,Dialogue,Support,,Sees the Dialogue turning common understanding into action.
2026,SLV,E00520,Dialogue,Support,Yes,Co-chair of the first Global Dialogue.
2026,BLZ,E00378,Dialogue,Mention,,Notes that the Dialogue exists.
2026,MCO,E00477,Dialogue,Mention,,Notes that the Dialogue was held in Geneva.
2026,BHR,E00374,Dialogue,Reservation,,Says dialogue does not create obligations.
2026,TKM,E00537,Dialogue,Excluded,,Proposes its own expert dialogue in Ashgabat; not the UN Global Dialogue.
2026,CHL,E00394,Dialogue,Excluded,,Generic call for the UN to convene; does not name the Dialogue.
2026,UZB,E00551,Dialogue,Excluded,,Generic international dialogue.
2026,MUS,E00490,Dialogue,Excluded,,Generic dialogue on new technologies; the Dialogue itself is coded in E00489.
2026,FRA,E00428,Dialogue,Excluded,,AI summit series; not the UN Dialogue.
2026,FRA,E00429,Dialogue,Excluded,,Paris Peace Forum; not the UN Dialogue.
2026,FRA,E00430,Dialogue,Excluded,,G7 work; not the UN Dialogue.
2026,GBR,E00437,Dialogue,Excluded,,National convening; not the UN Dialogue.
2026,JPN,E00456,Dialogue,Excluded,,Japan-hosted AI summit; not the UN Dialogue.
2026,BRA,E00380,Panel,Support,,Backs the Panel against a race that bypasses the UN.
2026,BRB,E00383,Panel,Support,Yes,Hosts the Panel's second in-person meeting.
2026,KNA,E00459,Panel,Support,,Welcomes the Panel.
2026,LBR,E00467,Panel,Support,,Welcomes the Secretary-General's governance efforts including the Panel.
2026,MUS,E00489,Panel,Support,,Welcomes the Panel's work.
2026,RUS,E00511,Panel,Support,,Welcomes the start of the Panel's work.
2026,SGP,E00516,Panel,Support,,Says the Panel helps establish a common understanding.
2026,CZE,E00407,Panel,Mention,,Cites the Panel's message.
2026,DEU,E00412,Panel,Excluded,,Calls for assessment capacity but never names the Panel.
2026,COD,E00399,Fund,Support,,Supports creating a global capacity-building fund.
2026,LSO,E00472,Fund,Support,Yes,Stands ready to contribute to the proposed fund.
2025,BRB,E00255,Dialogue,Support,,Supports the two instruments announced by the Secretary-General.
2025,BRB,E00255,Panel,Support,,Supports the two instruments announced by the Secretary-General.
2025,CRI,E00266,Dialogue,Support,,Welcomes the Dialogue's adoption by consensus.
2025,CRI,E00266,Panel,Support,,Co-led the process that established the Panel.
2025,GBR,E00280,Dialogue,Support,,Welcomes the new Global Dialogue.
2025,GBR,E00280,Panel,Support,,Commends the new Panel.
2025,GRC,E00284,Dialogue,Support,,Welcomes the Dialogue.
2025,GRC,E00284,Panel,Support,,Welcomes the Panel.
2025,GUY,E00288,Dialogue,Support,,Welcomes both mechanisms.
2025,GUY,E00288,Panel,Support,,Welcomes both mechanisms.
2025,KAZ,E00296,Dialogue,Support,Yes,Welcomes the Dialogue under UN auspices.
2025,MUS,E00315,Dialogue,Support,,Welcomes both mechanisms.
2025,MUS,E00315,Panel,Support,,Welcomes both mechanisms.
2025,SMR,E00329,Dialogue,Support,,Calls both mechanisms fundamental.
2025,SMR,E00329,Panel,Support,,Calls both mechanisms fundamental.
2025,ZWE,E00341,Dialogue,Request,,Asks that the Dialogue assist all countries.
2025,IND,E00291,Dialogue,Excluded,,India-hosted summit; not the UN Dialogue.
2024,SGP,E00224,Dialogue,Request,,Calls for a dialogue on global AI governance.
2024,ESP,E00179,Panel,Excluded,,Refers to the High-level Advisory Body recommendations; not the Panel.
2024,JPN,E00196,Dialogue,Excluded,,General UN discussions on AI.
2024,KOR,E00199,Dialogue,Excluded,,Seoul Summit declaration.
2023,SGP,E00140,Dialogue,Request,,Calls for an inclusive global dialogue at the UN.
2023,KOR,E00120,Dialogue,Excluded,,Korea-hosted global AI forum.
2021,AUT,E00052,Dialogue,Excluded,,National conference on autonomous weapons.
