year	country	ai_positive	theme_pages	head_status	rationale
2017	central-african-republic	0		head	False match: Al-Qaeda.
2017	indonesia	0		other	False match: fragmented Indonesia footer.
2017	kuwait	0		head	False matches: Al-Aqsa and personal names.
2017	nigeria	0		head	False match: Al-Qaeda.
2017	pakistan	0		head	False match: Al-Qaeda.
2017	peru	0		other	False match: Spanish Al rendered AI.
2017	serbia	1	DEV:3	head	Investment in young people's creativity; digitalization and AI becoming national development topics.
2017	singapore	1	GOV:5	other	Asks UN to address economic disruption from digital technologies including AI; no specific worker claim.
2017	somalia	0		head	False match: Al-Shabaab.
2017	turkiye	0		head	False match: Al-Haram Al-Sharif.
2017	united-arab-emirates	0		other	False match: personal name Al Nahyan.
2020	brazil	1	DEV:3;POWER:3;RIGHTS:3	head	Offers innovation partnerships conditional on sovereignty, freedom and data protection.
2020	czechia	1	DEV:4;RIGHTS:4	head	AI health deployment discussed alongside conflict between freedoms and technological surveillance.
2020	france	1	GOV:8;POWER:9	head	Strengthen Global Partnership on AI; dependence in strategic sectors including AI can weaken sovereignty. Broader Internet content not automatically coded as AI harm.
2020	kuwait	0		head	False match: personal name.
2020	monaco	0		head	False match: French J'AI in capitals; surrounding pages 8-10 discuss digital issues without explicit AI.
2020	portugal	1	GOV:1,2;WORK:1,2	head	Calls for international rules on AI and automation impacts including work; UN should broker common-interest compromises.
2020	romania	1	DEV:4;RIGHTS:4;GOV:4;ACCESS:4	other	Includes AI in human-centred ethical digital development, with UN coordination and affordable infrastructure access.
2020	russian-federation	1	DEV:4;SECURITY:4;SAFETY:4;RIGHTS:4;GOV:4	head	AI diagnosis and treatment benefits; UN discussion and common regulation balancing innovation against military, technological and rights risks.
2020	singapore	1	DEV:4;ACCESS:4;WORK:4	other	AI among pandemic-accelerated technologies; inclusion, reskilling and business use. General cyberspace rules not separately counted as explicit AI governance.
2020	slovenia	1	DEV:1;GOV:2	unknown	AI services and UNESCO global centre in Ljubljana to put technology at humanity's service. Speaker not identified on local cover.
2020	spain	1	DEV:16;ENV:16	head	Explicit AI applications to emissions, logistics, agriculture and circular economy. Broader digital labour and inequality claims not imputed to AI.
2021	colombia	1	DEV:2	head	AI and other virtual technologies offer human-development opportunities.
2021	czech-republic	1	DEV:5;RIGHTS:5	other	AI should enable human progress rather than surveillance, oppression and control.
2021	latvia	1	SAFETY:4;RIGHTS:4;INFO:4;GOV:4	head	Calls for new legal principles to protect human autonomy from AI manipulation and control.
2021	malaysia	0		head	False match: Al-Quds.
2021	qatar	0		head	False match: Al-Aqsa.
2021	slovenia	1	DEV:2,3;ENV:2,3;GOV:3	head	UNESCO AI research centre connected to climate mitigation, agriculture, mobility and resource efficiency.
2022	bahrain	1	DEV:5	other	AI technologies in national economic recovery and diversification.
2022	iran-islamic-republic	0		head	False match: Al-Quds; nuclear inspection discussion unrelated to AI.
2022	monaco	1	INFO:5;RIGHTS:5;GOV:5	head	Common rules to prevent AI manipulation of thought and threats to democracy.
2022	philippines	1	GOV:17;SECURITY:17;WORK:17	head	Legal rules against AI weaponization and support for labour displaced by automation in same technology-policy passage.
2022	rwanda	1	ACCESS:3;WORK:3	head	Equitable AI investment linked to digital jobs and closing the human-capital gap.
2022	somalia	0		head	False match: Al-Shabaab.
2022	sri-lanka	1	GOV:12;INFO:12;SAFETY:12	other	Urgent regulatory supervision for AI capable of disruption and disinformation.
2022	tajikistan	0		other	False match: Al-Qaeda.
2022	timor-leste	0		head	False match: Al-Azhar and Al-Tayeb.
2022	united-kingdom-great-britain-and-northern-ireland	1	RIGHTS:3	head	Rejects AI acting as judge and jury in societies without fundamental freedoms.
2023	andorra	1	DEV:7	head	AI among scientific advances improving living conditions; climate discussion does not explicitly identify an AI application.
2023	argentina	1	WORK:1	head	AI and robotics require rethinking education, production and preservation of work.
2023	austria	1		other	Passing reference to disruptive technologies in argument against simplistic political answers; no specific AI policy demand.
2023	bahrain	0		other	False match: Al-Azhar.
2023	barbados	1	GOV:2;INFO:2	head	Supports SG regulatory action against generative-AI risks to shared facts and democracy.
2023	bulgaria	1	DEV:3;RIGHTS:3;GOV:3	head	Human-rights-based, pro-innovation approach to AI in Global Digital Compact context.
2023	cameroon	1	DEV:7	other	AI used wisely can improve humanity's future; Foreign Minister reads President's statement.
2023	canada	1	SAFETY:3	other	Reports public concern about AI; information issues listed separately, not causally attributed to AI.
2023	chile	1	RIGHTS:6,7;GOV:7;DEV:7;ACCESS:7;INFO:6,7	head	Multilateral ethical framework grounded in rights, inclusion and development; AI-generated nonconsensual imagery and disinformation.
2023	china	1	GOV:3;POWER:3	other	UN should lead widely accepted AI governance respecting national governance principles; Vice President speaks.
2023	costa-rica	1	GOV:2;SECURITY:2	other	Urgent AI governance and proposed Assembly resolution on autonomous weapons with Austria and Mexico.
2023	ethiopia	1	DEV:3;GOV:3	other	Responsible AI benefiting humanity through international cooperation; Deputy Prime Minister speaks.
2023	germany	1	ACCESS:28;RIGHTS:28;GOV:29;SECURITY:29	head	Unequal access and partial algorithmic representation; common rules for generative AI as a weapon through Global Digital Compact.
2023	iceland	1	GOV:6;SAFETY:6;INFO:6;RIGHTS:6	other	Multilateral cooperation against destructive AI; human freedom of expression does not extend to programmed propaganda bots.
2023	india	1	GOV:3	other	G20 propositions include responsible harnessing of AI.
2023	indonesia	1	DEV:7;ACCESS:7;SAFETY:7	other	Safe and secure AI access for developing-country sustainable growth.
2023	israel	1	DEV:8,9;SECURITY:8,9;SAFETY:8,9;GOV:8,9;INFO:8;WORK:8;RIGHTS:9;ENV:8;POWER:9	head	Global leaders should jointly govern AI; health, energy and agriculture benefits alongside war, crime, job loss, manipulation and loss of human control; handful of nations leading AI.
2023	italy	1	SAFETY:6;WORK:6;POWER:6;RIGHTS:6;GOV:6,7	head	Global ethical governance needed against replacement of human intellect, job displacement and concentrated power; identifies UN responsibility.
2023	japan	1	RIGHTS:4;GOV:4;SAFETY:4	head	Hiroshima AI Process for trustworthy generative AI and international rules compatible with dignity and privacy.
2023	lesotho	1	RIGHTS:8;SAFETY:8	head	Supports AI innovation while protecting privacy and safety; preceding generic digital access not separately assigned to AI.
2023	malta	1	DEV:13,14;WORK:13;SAFETY:13;GOV:14	head	Public-service pilots and global cooperation; responds to fears of job loss and loss of control.
2023	monaco	1	DEV:6;SECURITY:6,7;SAFETY:6,7;RIGHTS:7;GOV:7	head	AI SDG potential and cyber/military dangers; welcomes UN High-Level Advisory Body, distinct from later Scientific Panel.
2023	namibia	1	DEV:7,8;ACCESS:8;WORK:8	head	Developing-country access, technology transfer and skills so digital revolution including AI does not leave countries behind.
2023	nepal	1	GOV:14,15;SECURITY:14,15;SAFETY:15	head	Multilateral regulation and informed deliberation on dual-use AI misuse.
2023	new-zealand	1	GOV:4;SECURITY:4	unknown	International limits on autonomous weapons and responsible norms for AI.
2023	nicaragua	1	ACCESS:13,14;DEV:14;POWER:13,14;SECURITY:14	unknown	Demands inclusive access to scientific advances including AI and warns of destructive use by dominant powers; cover does not identify delivering representative.
2023	north-macedonia	1	GOV:3	unknown	Joint Pact for the Future needed to address AI-driven changes beyond any country's capacity.
2023	qatar	1	DEV:3;ACCESS:3	head	AI opportunities contrasted with unequal development; remove cross-country scientific and technical barriers.
2023	republic-korea	1	ACCESS:10;SAFETY:10;RIGHTS:10;INFO:10;GOV:10,11	unknown	Proposes UN international digital-ethics organization and Global AI Forum; collaboration with High-Level Advisory Body.
2023	saint-vincent-and-grenadines	1	SAFETY:5,12;GOV:5	head	AI among uncontrolled/existential challenges requiring effective inclusive multilateralism; page 12 passage bracketed in prepared version.
2023	serbia	1	DEV:2,7;GOV:7	head	Domestic AI institute and strategy, membership of Global Partnership on AI in growth agenda.
2023	singapore	1	ACCESS:4;SECURITY:4;SAFETY:4;GOV:4,5	other	UN dialogue and oversight for AI escalation risks; welcomes Advisory Body and cites ICT Open-Ended Working Group as institutional learning model.
2023	slovakia	1	RIGHTS:3;GOV:3;INFO:3	unknown	Democratic regulation to protect dignity and shared facts from social platforms and AI amplifying crises.
2023	slovenia	1	DEV:8;SAFETY:8;RIGHTS:8;GOV:8	head	Welcomes Advisory Body and human-rights-based technology lifecycle governance through Global Digital Compact.
2023	spain	1	GOV:8;RIGHTS:8;SAFETY:8	head	Offers resources and expertise to Tech Envoy and headquarters for future international AI agency.
2023	sweden	1	DEV:3;ENV:3;SECURITY:3;RIGHTS:3;GOV:3;SAFETY:3	other	AI for climate, health and SDGs with security and rights safeguards through Global Digital Compact.
2023	timor-leste	1	ACCESS:13	head	Contrasts powerful AI with extreme deprivation; Global Fund for Education and Health is not AI Capacity Development Fund.
2023	ukraine	1	SECURITY:3	head	Warns AI may learn combat before helping humanity.
2023	united-kingdom-great-britain-and-northern-ireland	1	DEV:4,5;ENV:5;ACCESS:5;SECURITY:6,9;INFO:6;RIGHTS:6;SAFETY:6,9,10,11;GOV:8,9,10,11;POWER:9	other	AI Safety Summit, shared risk assessment and external red-teaming; international institutional offer from Frontier AI Taskforce. Speaker distinguishes himself from Prime Minister.
2023	united-states-america	1	GOV:4,5;SAFETY:4,5;RIGHTS:4	head	Work through UN and with competitors on pre-release safety, human control and protection against oppression.
2023	uruguay	1	DEV:1	head	AI and connectivity as tools for integration and development if used well.
2023	venezuela-bolivarian-republic	1	GOV:5;POWER:5;SECURITY:5;RIGHTS:5	other	UN regulation should prevent concentration, destabilization and control; speaks on behalf of President.
2023	zambia	1	DEV:5,6,7;ACCESS:5,7;ENV:6;GOV:7;RIGHTS:7;INFO:7;WORK:7	other	SDG finance and digital infrastructure support, AI medicine/precision irrigation, jobs, ethical cooperation and information integrity.
2024	austria	1		other	Passing reference to AI among fundamental contemporary questions.
2024	azerbaijan	0		other	Encoded-font alternate Azerbaijani PDF creates false acronym hit; selected recovered English version has no AI hit.
2024	bahrain	1	DEV:13;SECURITY:13;GOV:13	head	International treaty on AI for development, peace and innovation rather than conflict.
2024	bangladesh	1	ACCESS:9;WORK:9;SAFETY:9;DEV:9;GOV:9	head	Youth inclusion, preserve labour demand, existential risk of autonomous intelligence and development partnerships; Chief Adviser heads government.
2024	bolivia-plurinational-state	1	GOV:2;POWER:2;ACCESS:2;RIGHTS:2	other	Adapt global governance against corporate/country concentration, exclusion and control.
2024	brazil	1	POWER:6;ACCESS:6;RIGHTS:6;INFO:6;SECURITY:6;GOV:6	unknown	All-state intergovernmental governance; Global South voice, cultural diversity, privacy and peace rather than war.
2024	burundi	1	ACCESS:8	other	Universal affordable access including AI, particularly for weakly connected developing countries.
2024	cameroon	1	DEV:10	other	AI and science for collective welfare and survival; no concrete environmental application.
2024	chile	1	RIGHTS:5,6;INFO:5;GOV:5;ACCESS:5,6;SAFETY:5,6	unknown	Rejects corporate self-regulation; algorithmic traceability, data audits and human correction to protect excluded cultures and rights.
2024	china	1	GOV:4;ACCESS:4;SAFETY:4;DEV:4	other	UN main channel, international standards and AI Capacity-Building Action Plan; not a Global Fund proposal.
2024	colombia	1	DEV:6;WORK:6;GOV:6	head	AI productivity and creative/free work under world public authority.
2024	comoros	1	GOV:5;ACCESS:5;DEV:5	other	International legal guidelines for equitable AI growth and knowledge; text conveys President's greetings, indicating representative delivery despite title.
2024	costa-rica	1	GOV:5;SECURITY:5;SAFETY:5	other	Civilian and military governance of autonomous systems; Global Digital Compact should address research and development, not only applications.
2024	cote-divoire	1	GOV:3,4;SAFETY:3;ACCESS:4;DEV:4	other	International regulation and Global Digital Compact to prevent exclusion and support progress; Vice President speaks.
2024	czechia	1	SECURITY:4;RIGHTS:4;GOV:4	head	AI innovations in conflict and peace should conform to ethical and rights standards; international digital-rights resolution.
2024	djibouti	1	GOV:6;SAFETY:6;DEV:6	other	Welcomes first Assembly resolution on safe, secure, trustworthy AI for sustainable development.
2024	estonia	1	RIGHTS:1	head	AI serving humanity in a world free of oppression.
2024	finland	1	SAFETY:3;GOV:3	head	Technology's good and bad directions in argument for collective UN response; no concrete AI application.
2024	france	1	DEV:5;ACCESS:5;RIGHTS:5;POWER:5;GOV:5	head	AI Action Summit and Global Digital Compact, universal access and democratic ethical governance beyond private actors.
2024	greece	1	DEV:12,13;ENV:12;SAFETY:13,14;GOV:14;INFO:13;POWER:13;RIGHTS:14,15	head	Proposes COP for AI with states and technology firms; welcomes Advisory Body recommendations; child mental-health and corporate accountability.
2024	haiti	1	SAFETY:9;INFO:9;SECURITY:9	head	AI development, cyberattacks and disinformation jointly threaten democratic stability; subsequent connectivity demand is broader digital.
2024	israel	1	DEV:6	head	Proposed Saudi-Israeli AI cooperation among economic dividends of peace.
2024	italy	1	WORK:1,2;POWER:1;GOV:1,2;RIGHTS:2	head	Global governance reconciling innovation, work, intellectual property, expression and democracy against replacement and wealth concentration.
2024	japan	1	GOV:6;SAFETY:6;RIGHTS:6	other	Hiroshima AI Process and UN international governance; Ambassador delivers PM's speech.
2024	kazakhstan	1	SECURITY:5;RIGHTS:5;INFO:5;GOV:5	other	Proposes UN AI Office and common ethics/standards against warfare, privacy violations and deepfakes.
2024	kenya	1	SECURITY:3;GOV:3	head	Military AI and autonomous weapons challenge arms control and international regulation.
2024	lao-peoples-democratic-republic	1	DEV:5;ENV:5;ACCESS:5	head	AI in green growth; international technology access and transfer for development.
2024	latvia	1	DEV:3;SAFETY:3	head	AI growth and development with concern about misuse; cover metadata unrecovered.
2024	malawi	1	GOV:7;ACCESS:7;POWER:7	head	AI rules risk privileging some countries; enforce fair competition and access.
2024	maldives	1	DEV:3,4,5;ENV:4;ACCESS:4,5;WORK:4,5	head	National AI economy, services and erosion monitoring; digital literacy and bridging divides. Domestic regulatory strengthening not coded as international GOV.
2024	mauritius	1	GOV:6	head	AI governance should be anchored in international law.
2024	monaco	1	DEV:14;SAFETY:13,14;SECURITY:14;RIGHTS:14;GOV:14	head	International ethical norms against military, terrorist and organized-crime misuse; safe AI for development.
2024	mongolia	1	GOV:4;SAFETY:4	head	Welcomes Global Digital Compact and Assembly AI reliability/security resolution.
2024	nigeria	1	ACCESS:13	other	UN should address Africa's internet cost and intellectual-property barriers as AI widens North-South divide; cryptocurrency risks not AI-coded.
2024	norway	1	GOV:4	other	Pact opens conversation on making AI a force for good.
2024	paraguay	1	RIGHTS:26;SAFETY:2,26;GOV:26;ACCESS:26	head	Ethical and equitable AI through new regulatory approaches, including sandboxes and co-regulation.
2024	peru	1	INFO:6;RIGHTS:6;GOV:6	other	AI electoral manipulation and Global Digital Compact regulatory principles; prepared draft marked turn to be confirmed.
2024	philippines	1	GOV:2;RIGHTS:2	other	Implement Global Digital Compact; rules must match technology's pace and prioritize dignity.
2024	portugal	1	GOV:5;SAFETY:5;RIGHTS:5	head	Pact for the Future balances AI opportunities and risks within rights agenda.
2024	republic-korea	1	GOV:10,11;RIGHTS:10;SAFETY:10;SECURITY:11	other	Seoul AI Summit and REAIM Blueprint for civilian and military norms.
2024	san-marino	1	SECURITY:6;SAFETY:6	other	AI increases deliberate or accidental nuclear-use risk.
2024	sierra-leone	1	DEV:24;ACCESS:24;GOV:24;SAFETY:24	head	Welcomes Global Digital Compact safe technologies for inclusive development.
2024	singapore	1	ACCESS:6;WORK:6;GOV:6,7;DEV:7;SAFETY:7;RIGHTS:7	other	Small-state training; global AI governance dialogue and Advisory Body recommendations with safety and dignity guardrails.
2024	slovenia	1	DEV:6,7;ENV:6,7;ACCESS:7	head	Shares AI flood/drought early warning and seeks partnership to overcome capacity/access barriers.
2024	spain	1	GOV:10;RIGHTS:10;POWER:10;SAFETY:10	head	Supports seven Advisory Body recommendations as package; does not separately name Panel, Dialogue or Fund.
2024	sri-lanka	1	SECURITY:3;GOV:3;DEV:7;ACCESS:7	other	Battlefield AI challenges humanitarian law; capacity and technical assistance for development applications.
2024	sweden	1	GOV:13;ACCESS:13	other	Co-facilitated Global Digital Compact, closing divides and governing AI; no delivering speaker name in selected cover.
2024	tajikistan	1	DEV:3;GOV:3	head	Proposes Assembly resolution on AI for Central Asian socio-economic development and SDGs; cover metadata encoded.
2024	turkiye	1	ACCESS:5;SECURITY:5	head	Equal technological benefits, UN Technology Bank and warning about weaponization in same emerging-technologies passage.
2024	united-arab-emirates	1	DEV:8;ACCESS:8	other	International investment in AI applications and services to close development gaps.
2024	united-kingdom-great-britain-and-northern-ireland	1	SECURITY:13;GOV:13	head	Military AI deployed without rules; Pact for the Future response.
2024	united-states-america	1	DEV:8;WORK:8;SECURITY:8;INFO:8;SAFETY:8,9;GOV:8,9;ACCESS:9;RIGHTS:9	head	Global rules, safe trustworthy AI, inclusive benefits and human dignity; deepfakes and bioweapons.
2024	uzbekistan	1	ACCESS:2;SAFETY:2,3;DEV:3;GOV:2,3	other	Technology access as right and Assembly resolutions on safe AI and international cooperation.
2024	viet-nam	1	GOV:3;DEV:3;SAFETY:3;SECURITY:3	head	Urgent global governance and Global Digital Compact to realize benefits and prevent threats to peace/development.
2024	zambia	1	DEV:7;ENV:7;ACCESS:7;GOV:7;RIGHTS:7	other	Capacity, transfer and research support; implement co-facilitated Global Digital Compact for rights and inclusive development.
2025	bahrain	1	DEV:3;GOV:3,4	other	Promotes AI partnerships for prosperity and reiterates a call for an international AI convention. The supplied cover does not identify the delivering speaker.
2025	barbados	1	ACCESS:11;GOV:7,8,11;INFO:11	head	Prioritizes two unnamed Secretary-General instruments against inequality, exploitation and distortion; describes AI censorship of Caribbean history. Do not treat unnamed instruments as explicit Panel or Dialogue endorsements.
2025	belize	1	DEV:11	head	Presents Taiwan's AI innovation as a contribution to sustainable development and asks the UN to recognize Taiwan's partnership. This is not an AI regulatory proposal.
2025	brazil	1	GOV:4;SAFETY:4	head	Calls for multilateral AI governance aligned with the Global Digital Compact to mitigate AI risks. Nearby generic digital child-protection and data-centre proposals are not automatically coded as AI-specific.
2025	bulgaria	1	DEV:5;GOV:5;RIGHTS:5;ACCESS:5	head	Supports inclusive multistakeholder governance of AI and other technologies serving the SDGs, rights and digital inclusion.
2025	cabo-verde	1	ACCESS:3;GOV:3	head	Recognizes the Global Digital Compact's role in equitable access to digital technologies and AI.
2025	cameroon	1	ACCESS:8;DEV:8	other	Emphasizes financing and access to technologies in the AI era as drivers of sustainable development. Foreign Minister Mbella Mbella delivers the President's statement, so this is not a head-level delivery.
2025	central-african-republic	1	GOV:12;RIGHTS:12	head	Proposes a global charter for digital governance and ethical AI to protect human rights.
2025	china	1	DEV:3;ACCESS:3,4;GOV:4;SAFETY:4	head	Share innovation benefits and address risks through global AI rules; proposes World AI Cooperation Organization. South-South development funding is not the Global Fund for AI Capacity Development.
2025	congo	1	DEV:12;ACCESS:12	head	Calls for large investment in AI alongside health, education and infrastructure to support developing countries.
2025	costa-rica	1	DEV:5;ACCESS:5;GOV:1,6,7;SAFETY:6;SECURITY:5,6;INFO:5	other	Seeks binding autonomous-weapons rules before 2026 and meaningful human control; celebrates establishing the AI Panel and Dialogue with Spain.
2025	cote-divoire	1	DEV:6;GOV:5,6;ACCESS:6	other	Calls for binding universal standards for AI and digital technologies to benefit development for all.
2025	croatia	1	DEV:8;SECURITY:8;GOV:8;SAFETY:8	head	Presents AI and other emerging technologies as threats or tools for growth, disaster response and defence; urges global rules and safeguards.
2025	cuba	1	DEV:4;GOV:4;SAFETY:4;POWER:4;ACCESS:4	other	Calls for common UN standards to realize AI benefits for all and mitigate risks, in a context of corporate algorithmic domination.
2025	cyprus	0		head	False match: IA in document footer initials.
2025	djibouti	0		unknown	False positive: OCR renders Al Shabab as AI Shabab. No AI policy claim in the candidate page.
2025	dominica	1	ACCESS:3	head	Contrasts technologically advanced countries at the AI frontier with poorer countries; check adjacent page for the completed contrast.
2025	ecuador	1	DEV:5;SAFETY:5;RIGHTS:5;GOV:5;ACCESS:5	other	Seeks ethical multilateral AI governance, inclusive access and avoidance of new digital divides; identifies risks to security, equity and rights without specifying military AI.
2025	estonia	1	DEV:7;WORK:7;RIGHTS:7	head	Describes the AI Leap programme and tools for students and teachers; urges responsible AI skills and dignity, development and rights.
2025	france	1	SECURITY:4;GOV:4;SAFETY:4	head	Places AI risks in a peace and non-proliferation agenda and seeks collective frameworks that keep pace with innovation. Does not explicitly propose an IAEA-model AI body.
2025	ghana	1	SECURITY:4;INFO:5	head	Identifies AI among threats to global peace and security and describes algorithmic isolation, manipulated images and disinformation.
2025	greece	1	DEV:14;GOV:15;SAFETY:14;RIGHTS:14,15;INFO:14;WORK:14;ENV:14;POWER:14	head	Links AI opportunities in services and wildfire response to risks to children, jobs, information and corporate concentration; explicitly welcomes the Panel and Dialogue.
2025	grenada	1	DEV:5;ACCESS:2,5;WORK:5	head	Contrasts unequal educational opportunities and advances AI skills for the future labour market, including a Caribbean Future Skills Fund with Guyana.
2025	guyana	1	DEV:16;ACCESS:17;GOV:17;RIGHTS:17;WORK:16;ENV:16	head	Announces a gas-supported AI data centre and jobs, stresses energy demand, equity, access and ethical rules; welcomes two unnamed UN AI mechanisms.
2025	haiti	1	DEV:3;RIGHTS:3	head	Calls for technologies including AI to serve development and human dignity; general peace language is not treated as a military AI policy demand.
2025	india	1	DEV:4;ACCESS:4;GOV:4	other	AI for human welfare and inclusion; international AI Impact Summit invitation.
2025	italy	1	DEV:5;ACCESS:5	head	AI Hub for Sustainable Development supports African start-ups.
2025	japan	0		head	Garbled Japanese alternate file generated acronym hits; recovered English pages 1-5 contain no explicit AI reference.
2025	jordan	0		head	False match: Al-Aqsa.
2025	kazakhstan	1	DEV:15,16;ACCESS:15,16;GOV:16;SAFETY:16;RIGHTS:15,16;WORK:17	head	Explicitly welcomes and offers to contribute to the Dialogue; stresses equitable benefits, ethics, rights, public-sector deployment and education against job displacement.
2025	kenya	1	ENV:8;DEV:8	head	Includes AI among sectors into which climate adaptation is being embedded for climate-resilient development.
2025	latvia	1	SECURITY:1,2;SAFETY:1,3;DEV:3;GOV:3	head	Seeks prompt AI regulations and cooperation, balancing safety and emerging security threats with growth, science and public services.
2025	malawi	1	DEV:5,7;ACCESS:7;GOV:7;RIGHTS:7;SAFETY:7	other	Calls for an ethical and inclusive global AI framework, accessible to all nations, to advance development without deepening inequality.
2025	malta	1	DEV:9	head	Asks the UN to embrace digital diplomacy in the AI age and streamline systems for better operational outcomes. This does not endorse a specific AI governance body.
2025	mauritius	1	SECURITY:4;GOV:9,10;SAFETY:9;RIGHTS:9;ACCESS:10	other	Calls for negotiated global governance and capacity support and explicitly welcomes the Panel and Dialogue.
2025	micronesia-federated-states	1	DEV:4;GOV:4;SAFETY:4;SECURITY:4	head	Cites co-sponsorship of the first UN AI resolution and proposes its inclusive process as a model for responsible military AI discussions.
2025	mozambique	1	ACCESS:10,11;INFO:10;SECURITY:10;RIGHTS:10;WORK:10;SAFETY:10;GOV:11;DEV:11;ENV:11	head	Identifies exclusion, manipulation, autonomous weapons and effects on dignity and labour; seeks technological and climate diplomacy, technology transfer and an African role in standards and research priorities.
2025	namibia	1	RIGHTS:3;SAFETY:3;GOV:3	head	Calls for global standards for transparent and fair AI while preserving human judgment and responsibility.
2025	netherlands-kingdom	1	DEV:5	head	Proposes AI and partnerships with donors to improve the efficiency and effectiveness of multilateral institutions.
2025	nigeria	1	ACCESS:5	other	Links AI to African inclusion and closing the digital divide; the speaker is the Vice-President, not a head of state or government.
2025	north-macedonia	1	GOV:7;SAFETY:7	head	AI opportunities and incalculable risks; supports AI as an Assembly priority.
2025	oman	1	DEV:7	other	AI and innovation among national development priorities. UN video identifies Foreign Minister as speaker.
2025	pakistan	1	DEV:8	head	Includes AI among tools for national economic modernization and investment; nearby general governance initiatives are not treated as AI-specific endorsements.
2025	philippines	1	ACCESS:5;SAFETY:5	other	Seeks digital societies that narrow development divides with safeguards against AI misuse. The supplied document is marked as a draft prepared for delivery.
2025	portugal	1	ACCESS:3;POWER:3	head	Seeks AI and digital technologies as forces for peace rather than domination and calls for closing technological divides.
2025	republic-korea	1	SECURITY:7;ACCESS:7,8;RIGHTS:7;DEV:7;GOV:7;ENV:8	head	Connects security risks and rights with productivity and inclusive AI benefits; proposes UNSC and APEC cooperation and AI use against the climate crisis.
2025	saint-vincent-and-grenadines	1	GOV:5,16;SAFETY:16	head	Urges the General Assembly to lead an AI regulatory compact and retain human control. The key passage is bracketed in the prepared statement, so delivery is not confirmed.
2025	samoa	1	DEV:6;ENV:6	other	Proposes AI and data analytics for off-grid energy solutions and smarter planning for a just energy transition. Delivered by the Deputy Prime Minister.
2025	san-marino	1	GOV:11;ACCESS:11;SECURITY:11;SAFETY:11,12;RIGHTS:12	other	Explicitly supports the Panel and Dialogue for science, inclusive participation and developing-country capacity; demands human control under law and ethics over autonomous life-or-death decisions.
2025	singapore	1	DEV:7;SECURITY:7;GOV:7;SAFETY:7	other	Calls for inclusive multilateral engagement and AI guardrails while using AI for UN conflict prevention, peacekeeping and humanitarian operations.
2025	slovakia	1	GOV:2	head	Offers an Education and AI summit convening governments, institutions and the private sector to address rapid technological change.
2025	solomon-islands	1	DEV:12;GOV:12;INFO:12;SECURITY:12;RIGHTS:12	head	Supports a governance framework for AI development benefits, misinformation, cybersecurity and data privacy.
2025	spain	1	DEV:6;ACCESS:6	head	AI can accelerate Agenda 2030 if transformation is just and equitable; King Felipe VI delivers statement.
2025	sri-lanka	1	DEV:5;ACCESS:5;ENV:5;POWER:5	head	Calls for funded partnerships to reduce AI infrastructure inequalities and proposes a neutral sovereign AI Zone with a green data centre and facilities for partner nations.
2025	sweden	1	DEV:6;SAFETY:6	other	Emerging technologies such as AI offer promise; global community should support innovation and address risks. English OCR uses Al.
2025	tajikistan	1	DEV:5;GOV:5;ACCESS:5;SAFETY:5	head	Welcomes the General Assembly resolution on AI and Central Asian development and proposes an AI regional centre in Dushanbe; the excerpt does not identify the delivering speaker.
2025	timor-leste	1	ACCESS:6;DEV:6;WORK:6;SECURITY:6;GOV:6	other	Requests AI and digital capabilities, infrastructure, talent and research in LDCs, cybersecurity and comprehensive international AI regulations; delivered by the Permanent Representative.
2025	ukraine	1	SECURITY:2;GOV:2;SAFETY:2	head	Calls for immediate global rules and human control of AI weapons; nuclear-risk analogy does not explicitly propose an IAEA model.
2025	united-arab-emirates	1	DEV:4;ACCESS:4;RIGHTS:4	other	Offers technological capacity support for development while respecting national priorities and ethical use under international law. Minister of State delivers the statement.
2025	united-kingdom-great-britain-and-northern-ireland	1	DEV:5,7;SECURITY:5,6;RIGHTS:6;INFO:6;GOV:6;ACCESS:6,7;SAFETY:7	other	Calls for investment and partnerships against unequal AI benefits; links health and development applications with repression, criminal scams and disinformation. Recovered cover identifies Deputy Prime Minister David Lammy.
2025	uzbekistan	1	ACCESS:5,6;DEV:6;GOV:6	head	Proposes an international mechanism for free exchange of AI models and practical solutions in health, education and culture.
2025	zimbabwe	1	DEV:10;SECURITY:10;GOV:10;SAFETY:10;ACCESS:10	other	Requests that the Global Dialogue assist all countries and supports frameworks against technological crime; Foreign Minister delivers the President's statement.
