speech_id,origin_file,word_count,action
2025_GMB,data/unga_general_debate_verbatim_en/automatic_transcripts_unofficial/UNGA2025_day3_EN_ASR.json,3584,merged_into_selected_main_address
2025_GMB,data/unga_general_debate_verbatim_en/automatic_transcripts_unofficial/UNGA2025_day3_EN_ASR.json,26,merged_into_selected_main_address
2025_USA,data/unga_general_debate_verbatim_en/automatic_transcripts_unofficial/UNGA2025_day1_EN_ASR.json,6677,merged_into_selected_main_address
2025_USA,data/unga_general_debate_verbatim_en/automatic_transcripts_unofficial/UNGA2025_day1_EN_ASR.json,1470,merged_into_selected_main_address
2025_USA,data/unga_general_debate_verbatim_en/automatic_transcripts_unofficial/UNGA2025_day1_EN_ASR.json,13,merged_into_selected_main_address
2025_USA,data/unga_general_debate_verbatim_en/automatic_transcripts_unofficial/UNGA2025_day1_EN_ASR.json,1,merged_into_selected_main_address
2026_CPV,data/unga_general_debate_verbatim_en/automatic_transcripts_unofficial/UNGA2026_day5_EN_ASR.json,1310,merged_into_selected_main_address
2026_CPV,data/unga_general_debate_verbatim_en/automatic_transcripts_unofficial/UNGA2026_day5_EN_ASR.json,11,merged_into_selected_main_address
2026_EGY,data/unga_general_debate_verbatim_en/automatic_transcripts_unofficial/UNGA2026_day4_EN_ASR.json,2481,merged_into_selected_main_address
2026_EGY,data/unga_general_debate_verbatim_en/automatic_transcripts_unofficial/UNGA2026_day4_EN_ASR.json,39,merged_into_selected_main_address
