year,legacy_label,country_iso3,resolution,source_type,derived_path,origin_file
2017,Algeria,DZA,English_transcript_prepared,official_transcript,data/analysis_ready_en/2017/2017_DZA.json,data/unga_general_debate_verbatim_en/UNGA72_2017/A_72_PV_16_EN.pdf
2017,Andorra,AND,English_transcript_prepared,official_transcript,data/analysis_ready_en/2017/2017_AND.json,data/unga_general_debate_verbatim_en/UNGA72_2017/A_72_PV_17_EN.pdf
2017,Argentina,ARG,English_transcript_prepared,official_transcript,data/analysis_ready_en/2017/2017_ARG.json,data/unga_general_debate_verbatim_en/UNGA72_2017/A_72_PV_9_EN.pdf
2017,Belgium,BEL,English_transcript_prepared,official_transcript,data/analysis_ready_en/2017/2017_BEL.json,data/unga_general_debate_verbatim_en/UNGA72_2017/A_72_PV_15_EN.pdf
2017,Benin,BEN,English_transcript_prepared,official_transcript,data/analysis_ready_en/2017/2017_BEN.json,data/unga_general_debate_verbatim_en/UNGA72_2017/A_72_PV_18_EN.pdf
2017,Bolivia Plurinational State,BOL,English_transcript_prepared,official_transcript,data/analysis_ready_en/2017/2017_BOL.json,data/unga_general_debate_verbatim_en/UNGA72_2017/A_72_PV_6_EN.pdf
2017,Burkina Faso,BFA,English_transcript_prepared,official_transcript,data/analysis_ready_en/2017/2017_BFA.json,data/unga_general_debate_verbatim_en/UNGA72_2017/A_72_PV_11_EN.pdf
2017,Burundi,BDI,English_transcript_prepared,official_transcript,data/analysis_ready_en/2017/2017_BDI.json,data/unga_general_debate_verbatim_en/UNGA72_2017/A_72_PV_21_EN.pdf
2017,Canada,CAN,English_transcript_prepared,official_transcript,data/analysis_ready_en/2017/2017_CAN.json,data/unga_general_debate_verbatim_en/UNGA72_2017/A_72_PV_12_EN.pdf
2017,Central African Republic,CAF,English_transcript_prepared,official_transcript,data/analysis_ready_en/2017/2017_CAF.json,data/unga_general_debate_verbatim_en/UNGA72_2017/A_72_PV_15_EN.pdf
2017,Chad,TCD,English_transcript_prepared,official_transcript,data/analysis_ready_en/2017/2017_TCD.json,data/unga_general_debate_verbatim_en/UNGA72_2017/A_72_PV_21_EN.pdf
2017,Chile,CHL,English_transcript_prepared,official_transcript,data/analysis_ready_en/2017/2017_CHL.json,data/unga_general_debate_verbatim_en/UNGA72_2017/A_72_PV_9_EN.pdf
2017,China,CHN,English_transcript_prepared,official_transcript,data/analysis_ready_en/2017/2017_CHN.json,data/unga_general_debate_verbatim_en/UNGA72_2017/A_72_PV_12_EN.pdf
2017,Colombia,COL,English_transcript_prepared,official_transcript,data/analysis_ready_en/2017/2017_COL.json,data/unga_general_debate_verbatim_en/UNGA72_2017/A_72_PV_4_EN.pdf
2017,Comoros,COM,English_transcript_prepared,official_transcript,data/analysis_ready_en/2017/2017_COM.json,data/unga_general_debate_verbatim_en/UNGA72_2017/A_72_PV_13_EN.pdf
2017,Congo,COG,English_transcript_prepared,official_transcript,data/analysis_ready_en/2017/2017_COG.json,data/unga_general_debate_verbatim_en/UNGA72_2017/A_72_PV_9_EN.pdf
2017,Cote Divoire,CIV,English_transcript_prepared,official_transcript,data/analysis_ready_en/2017/2017_CIV.json,data/unga_general_debate_verbatim_en/UNGA72_2017/A_72_PV_8_EN.pdf
2017,Democratic Republic Congo,COD,English_transcript_prepared,official_transcript,data/analysis_ready_en/2017/2017_COD.json,data/unga_general_debate_verbatim_en/UNGA72_2017/A_72_PV_19_EN.pdf
2017,Djibouti,DJI,English_transcript_prepared,official_transcript,data/analysis_ready_en/2017/2017_DJI.json,data/unga_general_debate_verbatim_en/UNGA72_2017/A_72_PV_19_EN.pdf
2017,Ecuador,ECU,English_transcript_prepared,official_transcript,data/analysis_ready_en/2017/2017_ECU.json,data/unga_general_debate_verbatim_en/UNGA72_2017/A_72_PV_9_EN.pdf
2017,El Salvador,SLV,English_transcript_prepared,official_transcript,data/analysis_ready_en/2017/2017_SLV.json,data/unga_general_debate_verbatim_en/UNGA72_2017/A_72_PV_13_EN.pdf
2017,Equatorial Guinea,GNQ,English_transcript_prepared,official_transcript,data/analysis_ready_en/2017/2017_GNQ.json,data/unga_general_debate_verbatim_en/UNGA72_2017/A_72_PV_13_EN.pdf
2017,Gabon,GAB,English_transcript_prepared,official_transcript,data/analysis_ready_en/2017/2017_GAB.json,data/unga_general_debate_verbatim_en/UNGA72_2017/A_72_PV_11_EN.pdf
2017,Guatemala,GTM,English_transcript_prepared,official_transcript,data/analysis_ready_en/2017/2017_GTM.json,data/unga_general_debate_verbatim_en/UNGA72_2017/A_72_PV_6_EN.pdf
2017,Guinea,GIN,English_transcript_prepared,official_transcript,data/analysis_ready_en/2017/2017_GIN.json,data/unga_general_debate_verbatim_en/UNGA72_2017/A_72_PV_3_EN.pdf
2017,Haiti,HTI,English_transcript_prepared,official_transcript,data/analysis_ready_en/2017/2017_HTI.json,data/unga_general_debate_verbatim_en/UNGA72_2017/A_72_PV_11_EN.pdf
2017,Honduras,HND,English_transcript_prepared,official_transcript,data/analysis_ready_en/2017/2017_HND.json,data/unga_general_debate_verbatim_en/UNGA72_2017/A_72_PV_6_EN.pdf
2017,Iraq,IRQ,English_transcript_prepared,official_transcript,data/analysis_ready_en/2017/2017_IRQ.json,data/unga_general_debate_verbatim_en/UNGA72_2017/A_72_PV_20_EN.pdf
2017,Kyrgyzstan,KGZ,English_transcript_prepared,official_transcript,data/analysis_ready_en/2017/2017_KGZ.json,data/unga_general_debate_verbatim_en/UNGA72_2017/A_72_PV_7_EN.pdf
2017,Libya,LBY,English_transcript_prepared,official_transcript,data/analysis_ready_en/2017/2017_LBY.json,data/unga_general_debate_verbatim_en/UNGA72_2017/A_72_PV_10_EN.pdf
2017,Luxembourg,LUX,English_transcript_prepared,official_transcript,data/analysis_ready_en/2017/2017_LUX.json,data/unga_general_debate_verbatim_en/UNGA72_2017/A_72_PV_14_EN.pdf
2017,Madagascar,MDG,English_transcript_prepared,official_transcript,data/analysis_ready_en/2017/2017_MDG.json,data/unga_general_debate_verbatim_en/UNGA72_2017/A_72_PV_10_EN.pdf
2017,Mali,MLI,English_transcript_prepared,official_transcript,data/analysis_ready_en/2017/2017_MLI.json,data/unga_general_debate_verbatim_en/UNGA72_2017/A_72_PV_5_EN.pdf
2017,Mauritania,MRT,English_transcript_prepared,official_transcript,data/analysis_ready_en/2017/2017_MRT.json,data/unga_general_debate_verbatim_en/UNGA72_2017/A_72_PV_6_EN.pdf
2017,Mexico,MEX,English_transcript_prepared,official_transcript,data/analysis_ready_en/2017/2017_MEX.json,data/unga_general_debate_verbatim_en/UNGA72_2017/A_72_PV_12_EN.pdf
2017,Monaco,MCO,English_transcript_prepared,official_transcript,data/analysis_ready_en/2017/2017_MCO.json,data/unga_general_debate_verbatim_en/UNGA72_2017/A_72_PV_5_EN.pdf
2017,Morocco,MAR,English_transcript_prepared,official_transcript,data/analysis_ready_en/2017/2017_MAR.json,data/unga_general_debate_verbatim_en/UNGA72_2017/A_72_PV_10_EN.pdf
2017,Niger,NER,English_transcript_prepared,official_transcript,data/analysis_ready_en/2017/2017_NER.json,data/unga_general_debate_verbatim_en/UNGA72_2017/A_72_PV_22_EN.pdf
2017,Panama,PAN,English_transcript_prepared,official_transcript,data/analysis_ready_en/2017/2017_PAN.json,data/unga_general_debate_verbatim_en/UNGA72_2017/A_72_PV_7_EN.pdf
2017,Peru,PER,English_transcript_prepared,official_transcript,data/analysis_ready_en/2017/2017_PER.json,data/unga_general_debate_verbatim_en/UNGA72_2017/A_72_PV_23_EN.pdf
2017,Saudi Arabia,SAU,English_transcript_prepared,official_transcript,data/analysis_ready_en/2017/2017_SAU.json,data/unga_general_debate_verbatim_en/UNGA72_2017/A_72_PV_20_EN.pdf
2017,Senegal,SEN,English_transcript_prepared,official_transcript,data/analysis_ready_en/2017/2017_SEN.json,data/unga_general_debate_verbatim_en/UNGA72_2017/A_72_PV_10_EN.pdf
2017,Sudan,SDN,English_transcript_prepared,official_transcript,data/analysis_ready_en/2017/2017_SDN.json,data/unga_general_debate_verbatim_en/UNGA72_2017/A_72_PV_21_EN.pdf
2017,Togo,TGO,English_transcript_prepared,official_transcript,data/analysis_ready_en/2017/2017_TGO.json,data/unga_general_debate_verbatim_en/UNGA72_2017/A_72_PV_14_EN.pdf
2017,Tunisia,TUN,English_transcript_prepared,official_transcript,data/analysis_ready_en/2017/2017_TUN.json,data/unga_general_debate_verbatim_en/UNGA72_2017/A_72_PV_16_EN.pdf
2017,Turkmenistan,TKM,English_transcript_prepared,official_transcript,data/analysis_ready_en/2017/2017_TKM.json,data/unga_general_debate_verbatim_en/UNGA72_2017/A_72_PV_23_EN.pdf
2017,Uruguay,URY,English_transcript_prepared,official_transcript,data/analysis_ready_en/2017/2017_URY.json,data/unga_general_debate_verbatim_en/UNGA72_2017/A_72_PV_23_EN.pdf
2017,Vanuatu,VUT,English_transcript_prepared,official_transcript,data/analysis_ready_en/2017/2017_VUT.json,data/unga_general_debate_verbatim_en/UNGA72_2017/A_72_PV_14_EN.pdf
2017,Venezuela Bolivarian Republic,VEN,English_transcript_prepared,official_transcript,data/analysis_ready_en/2017/2017_VEN.json,data/unga_general_debate_verbatim_en/UNGA72_2017/A_72_PV_23_EN.pdf
2017,Yemen,YEM,English_transcript_prepared,official_transcript,data/analysis_ready_en/2017/2017_YEM.json,data/unga_general_debate_verbatim_en/UNGA72_2017/A_72_PV_11_EN.pdf
2018,Algeria,DZA,English_transcript_prepared,official_transcript,data/analysis_ready_en/2018/2018_DZA.json,data/unga_general_debate_verbatim_en/UNGA73_2018/A_73_PV_14_EN.pdf
2018,Argentina,ARG,English_transcript_prepared,official_transcript,data/analysis_ready_en/2018/2018_ARG.json,data/unga_general_debate_verbatim_en/UNGA73_2018/A_73_PV_7_EN.pdf
2018,Austria,AUT,English_transcript_prepared,official_transcript,data/analysis_ready_en/2018/2018_AUT.json,data/unga_general_debate_verbatim_en/UNGA73_2018/A_73_PV_14_EN.pdf
2018,Belgium,BEL,English_transcript_prepared,official_transcript,data/analysis_ready_en/2018/2018_BEL.json,data/unga_general_debate_verbatim_en/UNGA73_2018/A_73_PV_10_EN.pdf
2018,Benin,BEN,English_transcript_prepared,official_transcript,data/analysis_ready_en/2018/2018_BEN.json,data/unga_general_debate_verbatim_en/UNGA73_2018/A_73_PV_16_EN.pdf
2018,Bolivia Plurinational State,BOL,English_transcript_prepared,official_transcript,data/analysis_ready_en/2018/2018_BOL.json,data/unga_general_debate_verbatim_en/UNGA73_2018/A_73_PV_9_EN.pdf
2018,Burkina Faso,BFA,English_transcript_prepared,official_transcript,data/analysis_ready_en/2018/2018_BFA.json,data/unga_general_debate_verbatim_en/UNGA73_2018/A_73_PV_15_EN.pdf
2018,Burundi,BDI,English_transcript_prepared,official_transcript,data/analysis_ready_en/2018/2018_BDI.json,data/unga_general_debate_verbatim_en/UNGA73_2018/A_73_PV_14_EN.pdf
2018,Cameroon,CMR,English_transcript_prepared,official_transcript,data/analysis_ready_en/2018/2018_CMR.json,data/unga_general_debate_verbatim_en/UNGA73_2018/A_73_PV_11_EN.pdf
2018,Central African Republic,CAF,English_transcript_prepared,official_transcript,data/analysis_ready_en/2018/2018_CAF.json,data/unga_general_debate_verbatim_en/UNGA73_2018/A_73_PV_9_EN.pdf
2018,Chad,TCD,English_transcript_prepared,official_transcript,data/analysis_ready_en/2018/2018_TCD.json,data/unga_general_debate_verbatim_en/UNGA73_2018/A_73_PV_13_EN.pdf
2018,Colombia,COL,English_transcript_prepared,official_transcript,data/analysis_ready_en/2018/2018_COL.json,data/unga_general_debate_verbatim_en/UNGA73_2018/A_73_PV_8_EN.pdf
2018,Comoros,COM,English_transcript_prepared,official_transcript,data/analysis_ready_en/2018/2018_COM.json,data/unga_general_debate_verbatim_en/UNGA73_2018/A_73_PV_11_EN.pdf
2018,Congo,COG,English_transcript_prepared,official_transcript,data/analysis_ready_en/2018/2018_COG.json,data/unga_general_debate_verbatim_en/UNGA73_2018/A_73_PV_15_EN.pdf
2018,Costa Rica,CRI,English_transcript_prepared,official_transcript,data/analysis_ready_en/2018/2018_CRI.json,data/unga_general_debate_verbatim_en/UNGA73_2018/A_73_PV_11_EN.pdf
2018,Cote Divoire,CIV,English_transcript_prepared,official_transcript,data/analysis_ready_en/2018/2018_CIV.json,data/unga_general_debate_verbatim_en/UNGA73_2018/A_73_PV_11_EN.pdf
2018,Democratic Republic Congo,COD,English_transcript_prepared,official_transcript,data/analysis_ready_en/2018/2018_COD.json,data/unga_general_debate_verbatim_en/UNGA73_2018/A_73_PV_7_EN.pdf
2018,Djibouti,DJI,English_transcript_prepared,official_transcript,data/analysis_ready_en/2018/2018_DJI.json,data/unga_general_debate_verbatim_en/UNGA73_2018/A_73_PV_11_EN.pdf
2018,Ecuador,ECU,English_transcript_prepared,official_transcript,data/analysis_ready_en/2018/2018_ECU.json,data/unga_general_debate_verbatim_en/UNGA73_2018/A_73_PV_6_EN.pdf
2018,El Salvador,SLV,English_transcript_prepared,official_transcript,data/analysis_ready_en/2018/2018_SLV.json,data/unga_general_debate_verbatim_en/UNGA73_2018/A_73_PV_9_EN.pdf
2018,Equatorial Guinea,GNQ,English_transcript_prepared,official_transcript,data/analysis_ready_en/2018/2018_GNQ.json,data/unga_general_debate_verbatim_en/UNGA73_2018/A_73_PV_10_EN.pdf
2018,Gabon,GAB,English_transcript_prepared,official_transcript,data/analysis_ready_en/2018/2018_GAB.json,data/unga_general_debate_verbatim_en/UNGA73_2018/A_73_PV_16_EN.pdf
2018,Guatemala,GTM,English_transcript_prepared,official_transcript,data/analysis_ready_en/2018/2018_GTM.json,data/unga_general_debate_verbatim_en/UNGA73_2018/A_73_PV_7_EN.pdf
2018,Guinea,GIN,English_transcript_prepared,official_transcript,data/analysis_ready_en/2018/2018_GIN.json,data/unga_general_debate_verbatim_en/UNGA73_2018/A_73_PV_13_EN.pdf
2018,Haiti,HTI,English_transcript_prepared,official_transcript,data/analysis_ready_en/2018/2018_HTI.json,data/unga_general_debate_verbatim_en/UNGA73_2018/A_73_PV_10_EN.pdf
2018,Honduras,HND,English_transcript_prepared,official_transcript,data/analysis_ready_en/2018/2018_HND.json,data/unga_general_debate_verbatim_en/UNGA73_2018/A_73_PV_9_EN.pdf
2018,Iraq,IRQ,English_transcript_prepared,official_transcript,data/analysis_ready_en/2018/2018_IRQ.json,data/unga_general_debate_verbatim_en/UNGA73_2018/A_73_PV_12_EN.pdf
2018,Libya,LBY,English_transcript_prepared,official_transcript,data/analysis_ready_en/2018/2018_LBY.json,data/unga_general_debate_verbatim_en/UNGA73_2018/A_73_PV_13_EN.pdf
2018,Luxembourg,LUX,English_transcript_prepared,official_transcript,data/analysis_ready_en/2018/2018_LUX.json,data/unga_general_debate_verbatim_en/UNGA73_2018/A_73_PV_9_EN.pdf
2018,Madagascar,MDG,English_transcript_prepared,official_transcript,data/analysis_ready_en/2018/2018_MDG.json,data/unga_general_debate_verbatim_en/UNGA73_2018/A_73_PV_11_EN.pdf
2018,Mali,MLI,English_transcript_prepared,official_transcript,data/analysis_ready_en/2018/2018_MLI.json,data/unga_general_debate_verbatim_en/UNGA73_2018/A_73_PV_8_EN.pdf
2018,Mauritania,MRT,English_transcript_prepared,official_transcript,data/analysis_ready_en/2018/2018_MRT.json,data/unga_general_debate_verbatim_en/UNGA73_2018/A_73_PV_11_EN.pdf
2018,Mexico,MEX,English_transcript_prepared,official_transcript,data/analysis_ready_en/2018/2018_MEX.json,data/unga_general_debate_verbatim_en/UNGA73_2018/A_73_PV_6_EN.pdf
2018,Monaco,MCO,English_transcript_prepared,official_transcript,data/analysis_ready_en/2018/2018_MCO.json,data/unga_general_debate_verbatim_en/UNGA73_2018/A_73_PV_13_EN.pdf
2018,Morocco,MAR,English_transcript_prepared,official_transcript,data/analysis_ready_en/2018/2018_MAR.json,data/unga_general_debate_verbatim_en/UNGA73_2018/A_73_PV_7_EN.pdf
2018,Niger,NER,English_transcript_prepared,official_transcript,data/analysis_ready_en/2018/2018_NER.json,data/unga_general_debate_verbatim_en/UNGA73_2018/A_73_PV_15_EN.pdf
2018,Panama,PAN,English_transcript_prepared,official_transcript,data/analysis_ready_en/2018/2018_PAN.json,data/unga_general_debate_verbatim_en/UNGA73_2018/A_73_PV_8_EN.pdf
2018,Paraguay,PRY,English_transcript_prepared,official_transcript,data/analysis_ready_en/2018/2018_PRY.json,data/unga_general_debate_verbatim_en/UNGA73_2018/A_73_PV_7_EN.pdf
2018,Peru,PER,English_transcript_prepared,official_transcript,data/analysis_ready_en/2018/2018_PER.json,data/unga_general_debate_verbatim_en/UNGA73_2018/A_73_PV_6_EN.pdf
2018,Saudi Arabia,SAU,English_transcript_prepared,official_transcript,data/analysis_ready_en/2018/2018_SAU.json,data/unga_general_debate_verbatim_en/UNGA73_2018/A_73_PV_13_EN.pdf
2018,Senegal,SEN,English_transcript_prepared,official_transcript,data/analysis_ready_en/2018/2018_SEN.json,data/unga_general_debate_verbatim_en/UNGA73_2018/A_73_PV_15_EN.pdf
2018,Sudan,SDN,English_transcript_prepared,official_transcript,data/analysis_ready_en/2018/2018_SDN.json,data/unga_general_debate_verbatim_en/UNGA73_2018/A_73_PV_16_EN.pdf
2018,Togo,TGO,English_transcript_prepared,official_transcript,data/analysis_ready_en/2018/2018_TGO.json,data/unga_general_debate_verbatim_en/UNGA73_2018/A_73_PV_11_EN.pdf
2018,Tunisia,TUN,English_transcript_prepared,official_transcript,data/analysis_ready_en/2018/2018_TUN.json,data/unga_general_debate_verbatim_en/UNGA73_2018/A_73_PV_12_EN.pdf
2018,United Arab Emirates,ARE,English_transcript_prepared,official_transcript,data/analysis_ready_en/2018/2018_ARE.json,data/unga_general_debate_verbatim_en/UNGA73_2018/A_73_PV_14_EN.pdf
2018,Uruguay,URY,English_transcript_prepared,official_transcript,data/analysis_ready_en/2018/2018_URY.json,data/unga_general_debate_verbatim_en/UNGA73_2018/A_73_PV_8_EN.pdf
2018,Vanuatu,VUT,English_transcript_prepared,official_transcript,data/analysis_ready_en/2018/2018_VUT.json,data/unga_general_debate_verbatim_en/UNGA73_2018/A_73_PV_12_EN.pdf
2018,Yemen,YEM,English_transcript_prepared,official_transcript,data/analysis_ready_en/2018/2018_YEM.json,data/unga_general_debate_verbatim_en/UNGA73_2018/A_73_PV_8_EN.pdf
2020,2020 09 22_Am_07_Chile,CHL,English_transcript_prepared,official_transcript,data/analysis_ready_en/2020/2020_CHL.json,data/unga_general_debate_verbatim_en/UNGA75_2020/A_75_PV_4_EN.pdf
2020,2020 09 22_Am_10_Russian Federation,RUS,English_transcript_prepared,official_transcript,data/analysis_ready_en/2020/2020_RUS.json,data/unga_general_debate_verbatim_en/UNGA75_2020/A_75_PV_4_EN.pdf
2020,2020 09 22_Am_16_France,FRA,English_transcript_prepared,official_transcript,data/analysis_ready_en/2020/2020_FRA.json,data/unga_general_debate_verbatim_en/UNGA75_2020/A_75_PV_4_EN.pdf
2020,2020 09 22_Pm_01_Colombia,COL,English_transcript_prepared,official_transcript,data/analysis_ready_en/2020/2020_COL.json,data/unga_general_debate_verbatim_en/UNGA75_2020/A_75_PV_5_EN.pdf
2020,2020 09 22_Pm_03_Egypt,EGY,English_transcript_prepared,official_transcript,data/analysis_ready_en/2020/2020_EGY.json,data/unga_general_debate_verbatim_en/UNGA75_2020/A_75_PV_5_EN.pdf
2020,2020 09 22_Pm_05_Mexico,MEX,English_transcript_prepared,official_transcript,data/analysis_ready_en/2020/2020_MEX.json,data/unga_general_debate_verbatim_en/UNGA75_2020/A_75_PV_5_EN.pdf
2020,2020 09 22_Pm_06_Uruguay,URY,English_transcript_prepared,official_transcript,data/analysis_ready_en/2020/2020_URY.json,data/unga_general_debate_verbatim_en/UNGA75_2020/A_75_PV_5_EN.pdf
2020,2020 09 22_Pm_10_Argentina,ARG,English_transcript_prepared,official_transcript,data/analysis_ready_en/2020/2020_ARG.json,data/unga_general_debate_verbatim_en/UNGA75_2020/A_75_PV_5_EN.pdf
2020,2020 09 22_Pm_14_Costa Rica,CRI,English_transcript_prepared,official_transcript,data/analysis_ready_en/2020/2020_CRI.json,data/unga_general_debate_verbatim_en/UNGA75_2020/A_75_PV_5_EN.pdf
2020,2020 09 22_Pm_17_Peru,PER,English_transcript_prepared,official_transcript,data/analysis_ready_en/2020/2020_PER.json,data/unga_general_debate_verbatim_en/UNGA75_2020/A_75_PV_5_EN.pdf
2020,2020 09 22_Pm_18_Democratic Republic Of The Congo,COD,English_transcript_prepared,official_transcript,data/analysis_ready_en/2020/2020_COD.json,data/unga_general_debate_verbatim_en/UNGA75_2020/A_75_PV_5_EN.pdf
2020,2020 09 23_Am_09_Iraq,IRQ,English_transcript_prepared,official_transcript,data/analysis_ready_en/2020/2020_IRQ.json,data/unga_general_debate_verbatim_en/UNGA75_2020/A_75_PV_6_EN.pdf
2020,2020 09 23_Am_11_Kyrgyzstan,KGZ,English_transcript_prepared,official_transcript,data/analysis_ready_en/2020/2020_KGZ.json,data/unga_general_debate_verbatim_en/UNGA75_2020/A_75_PV_6_EN.pdf
2020,2020 09 23_Am_14_Algeria,DZA,English_transcript_prepared,official_transcript,data/analysis_ready_en/2020/2020_DZA.json,data/unga_general_debate_verbatim_en/UNGA75_2020/A_75_PV_6_EN.pdf
2020,2020 09 23_Am_15_Honduras,HND,English_transcript_prepared,official_transcript,data/analysis_ready_en/2020/2020_HND.json,data/unga_general_debate_verbatim_en/UNGA75_2020/A_75_PV_6_EN.pdf
2020,2020 09 23_Pm_01_Ecuador,ECU,English_transcript_prepared,official_transcript,data/analysis_ready_en/2020/2020_ECU.json,data/unga_general_debate_verbatim_en/UNGA75_2020/A_75_PV_7_EN.pdf
2020,2020 09 23_Pm_02_Bolivia Plurinational State Of,BOL,English_transcript_prepared,official_transcript,data/analysis_ready_en/2020/2020_BOL.json,data/unga_general_debate_verbatim_en/UNGA75_2020/A_75_PV_7_EN.pdf
2020,2020 09 23_Pm_08_Paraguay,PRY,English_transcript_prepared,official_transcript,data/analysis_ready_en/2020/2020_PRY.json,data/unga_general_debate_verbatim_en/UNGA75_2020/A_75_PV_7_EN.pdf
2020,2020 09 23_Pm_13_Panama,PAN,English_transcript_prepared,official_transcript,data/analysis_ready_en/2020/2020_PAN.json,data/unga_general_debate_verbatim_en/UNGA75_2020/A_75_PV_7_EN.pdf
2020,2020 09 24_Am_01_Niger,NER,English_transcript_prepared,official_transcript,data/analysis_ready_en/2020/2020_NER.json,data/unga_general_debate_verbatim_en/UNGA75_2020/A_75_PV_8_EN.pdf
2020,2020 09 24_Am_02_Cote D Ivoire,CIV,English_transcript_prepared,official_transcript,data/analysis_ready_en/2020/2020_CIV.json,data/unga_general_debate_verbatim_en/UNGA75_2020/A_75_PV_8_EN.pdf
2020,2020 09 24_Am_05_Monaco,MCO,English_transcript_prepared,official_transcript,data/analysis_ready_en/2020/2020_MCO.json,data/unga_general_debate_verbatim_en/UNGA75_2020/A_75_PV_8_EN.pdf
2020,2020 09 24_Am_06_Yemen,YEM,English_transcript_prepared,official_transcript,data/analysis_ready_en/2020/2020_YEM.json,data/unga_general_debate_verbatim_en/UNGA75_2020/A_75_PV_8_EN.pdf
2020,2020 09 24_Am_07_Burkina Faso,BFA,English_transcript_prepared,official_transcript,data/analysis_ready_en/2020/2020_BFA.json,data/unga_general_debate_verbatim_en/UNGA75_2020/A_75_PV_8_EN.pdf
2020,2020 09 24_Am_10_Congo,COG,English_transcript_prepared,official_transcript,data/analysis_ready_en/2020/2020_COG.json,data/unga_general_debate_verbatim_en/UNGA75_2020/A_75_PV_8_EN.pdf
2020,2020 09 24_Am_13_Guinea,GIN,English_transcript_prepared,official_transcript,data/analysis_ready_en/2020/2020_GIN.json,data/unga_general_debate_verbatim_en/UNGA75_2020/A_75_PV_8_EN.pdf
2020,2020 09 24_Am_15_Gabon,GAB,English_transcript_prepared,official_transcript,data/analysis_ready_en/2020/2020_GAB.json,data/unga_general_debate_verbatim_en/UNGA75_2020/A_75_PV_8_EN.pdf
2020,2020 09 24_Am_16_Libya,LBY,English_transcript_prepared,official_transcript,data/analysis_ready_en/2020/2020_LBY.json,data/unga_general_debate_verbatim_en/UNGA75_2020/A_75_PV_8_EN.pdf
2020,2020 09 24_Pm_03_Equatorial Guinea,GNQ,English_transcript_prepared,official_transcript,data/analysis_ready_en/2020/2020_GNQ.json,data/unga_general_debate_verbatim_en/UNGA75_2020/A_75_PV_9_EN.pdf
2020,2020 09 24_Pm_04_Haiti,HTI,English_transcript_prepared,official_transcript,data/analysis_ready_en/2020/2020_HTI.json,data/unga_general_debate_verbatim_en/UNGA75_2020/A_75_PV_9_EN.pdf
2020,2020 09 24_Pm_09_The Comoros,COM,English_transcript_prepared,official_transcript,data/analysis_ready_en/2020/2020_COM.json,data/unga_general_debate_verbatim_en/UNGA75_2020/A_75_PV_9_EN.pdf
2020,2020 09 24_Pm_11_Guinea Bissau,GNB,English_transcript_prepared,official_transcript,data/analysis_ready_en/2020/2020_GNB.json,data/unga_general_debate_verbatim_en/UNGA75_2020/A_75_PV_9_EN.pdf
2020,2020 09 24_Pm_13_Central African Republic,CAF,English_transcript_prepared,official_transcript,data/analysis_ready_en/2020/2020_CAF.json,data/unga_general_debate_verbatim_en/UNGA75_2020/A_75_PV_9_EN.pdf
2020,2020 09 24_Pm_14_Djibouti,DJI,English_transcript_prepared,official_transcript,data/analysis_ready_en/2020/2020_DJI.json,data/unga_general_debate_verbatim_en/UNGA75_2020/A_75_PV_9_EN.pdf
2020,2020 09 24_Pm_15_Burundi,BDI,English_transcript_prepared,official_transcript,data/analysis_ready_en/2020/2020_BDI.json,data/unga_general_debate_verbatim_en/UNGA75_2020/A_75_PV_9_EN.pdf
2020,2020 09 25_Pm_02_Portugal,PRT,English_transcript_prepared,official_transcript,data/analysis_ready_en/2020/2020_PRT.json,data/unga_general_debate_verbatim_en/UNGA75_2020/A_75_PV_11_EN.pdf
2020,2020 09 25_Pm_06_Luxembourg,LUX,English_transcript_prepared,official_transcript,data/analysis_ready_en/2020/2020_LUX.json,data/unga_general_debate_verbatim_en/UNGA75_2020/A_75_PV_11_EN.pdf
2020,2020 09 25_Pm_17_Chad,TCD,English_transcript_prepared,official_transcript,data/analysis_ready_en/2020/2020_TCD.json,data/unga_general_debate_verbatim_en/UNGA75_2020/A_75_PV_11_EN.pdf
2020,2020 09 26_Am_17_Belgium,BEL,English_transcript_prepared,official_transcript,data/analysis_ready_en/2020/2020_BEL.json,data/unga_general_debate_verbatim_en/UNGA75_2020/A_75_PV_12_EN.pdf
2020,2020 09 26_Am_19_Morocco,MAR,English_transcript_prepared,official_transcript,data/analysis_ready_en/2020/2020_MAR.json,data/unga_general_debate_verbatim_en/UNGA75_2020/A_75_PV_12_EN.pdf
2020,2020 09 26_Pm_05_The Sudan,SDN,English_transcript_prepared,official_transcript,data/analysis_ready_en/2020/2020_SDN.json,data/unga_general_debate_verbatim_en/UNGA75_2020/A_75_PV_13_EN.pdf
2020,2020 09 26_Pm_08_Madagascar,MDG,English_transcript_prepared,official_transcript,data/analysis_ready_en/2020/2020_MDG.json,data/unga_general_debate_verbatim_en/UNGA75_2020/A_75_PV_13_EN.pdf
2020,2020 09 26_Pm_11_Senegal,SEN,English_transcript_prepared,official_transcript,data/analysis_ready_en/2020/2020_SEN.json,data/unga_general_debate_verbatim_en/UNGA75_2020/A_75_PV_13_EN.pdf
2020,2020 09 26_Pm_14_Belarus,BLR,English_transcript_prepared,official_transcript,data/analysis_ready_en/2020/2020_BLR.json,data/unga_general_debate_verbatim_en/UNGA75_2020/A_75_PV_13_EN.pdf
2020,2020 09 29_Am_11_Mauritania,MRT,English_transcript_prepared,official_transcript,data/analysis_ready_en/2020/2020_MRT.json,data/unga_general_debate_verbatim_en/UNGA75_2020/A_75_PV_14_EN.pdf
2020,2020 09 29_Am_13_Benin,BEN,English_transcript_prepared,official_transcript,data/analysis_ready_en/2020/2020_BEN.json,data/unga_general_debate_verbatim_en/UNGA75_2020/A_75_PV_14_EN.pdf
2020,2020 09 29_Am_15_Tunisia,TUN,English_transcript_prepared,official_transcript,data/analysis_ready_en/2020/2020_TUN.json,data/unga_general_debate_verbatim_en/UNGA75_2020/A_75_PV_14_EN.pdf
2020,2020 09 29_Pm_03_Cameroon,CMR,English_transcript_prepared,official_transcript,data/analysis_ready_en/2020/2020_CMR.json,data/unga_general_debate_verbatim_en/UNGA75_2020/A_75_PV_15_EN.pdf
2020,2020 09 29_Pm_06_Togo,TGO,English_transcript_prepared,official_transcript,data/analysis_ready_en/2020/2020_TGO.json,data/unga_general_debate_verbatim_en/UNGA75_2020/A_75_PV_15_EN.pdf
2021,Algeria,DZA,English_transcript_prepared,official_transcript,data/analysis_ready_en/2021/2021_DZA.json,data/unga_general_debate_verbatim_en/UNGA76_2021/A_76_PV_16_EN.pdf
2021,Andorra,AND,English_transcript_prepared,official_transcript,data/analysis_ready_en/2021/2021_AND.json,data/unga_general_debate_verbatim_en/UNGA76_2021/A_76_PV_14_EN.pdf
2021,Argentina,ARG,English_transcript_prepared,official_transcript,data/analysis_ready_en/2021/2021_ARG.json,data/unga_general_debate_verbatim_en/UNGA76_2021/A_76_PV_4_EN.pdf
2021,Belarus,BLR,English_transcript_prepared,official_transcript,data/analysis_ready_en/2021/2021_BLR.json,data/unga_general_debate_verbatim_en/UNGA76_2021/A_76_PV_16_EN.pdf
2021,Benin,BEN,English_transcript_prepared,official_transcript,data/analysis_ready_en/2021/2021_BEN.json,data/unga_general_debate_verbatim_en/UNGA76_2021/A_76_PV_12_EN.pdf
2021,Bolivia Plurinational State,BOL,English_transcript_prepared,official_transcript,data/analysis_ready_en/2021/2021_BOL.json,data/unga_general_debate_verbatim_en/UNGA76_2021/A_76_PV_11_EN.pdf
2021,Burkina Faso,BFA,English_transcript_prepared,official_transcript,data/analysis_ready_en/2021/2021_BFA.json,data/unga_general_debate_verbatim_en/UNGA76_2021/A_76_PV_10_EN.pdf
2021,Burundi,BDI,English_transcript_prepared,official_transcript,data/analysis_ready_en/2021/2021_BDI.json,data/unga_general_debate_verbatim_en/UNGA76_2021/A_76_PV_11_EN.pdf
2021,Chad,TCD,English_transcript_prepared,official_transcript,data/analysis_ready_en/2021/2021_TCD.json,data/unga_general_debate_verbatim_en/UNGA76_2021/A_76_PV_10_EN.pdf
2021,Chile,CHL,English_transcript_prepared,official_transcript,data/analysis_ready_en/2021/2021_CHL.json,data/unga_general_debate_verbatim_en/UNGA76_2021/A_76_PV_3_EN.pdf
2021,Colombia,COL,English_transcript_prepared,official_transcript,data/analysis_ready_en/2021/2021_COL.json,data/unga_general_debate_verbatim_en/UNGA76_2021/A_76_PV_3_EN.pdf
2021,Comoros,COM,English_transcript_prepared,official_transcript,data/analysis_ready_en/2021/2021_COM.json,data/unga_general_debate_verbatim_en/UNGA76_2021/A_76_PV_10_EN.pdf
2021,Congo,COG,English_transcript_prepared,official_transcript,data/analysis_ready_en/2021/2021_COG.json,data/unga_general_debate_verbatim_en/UNGA76_2021/A_76_PV_17_EN.pdf
2021,Cote Divoire,CIV,English_transcript_prepared,official_transcript,data/analysis_ready_en/2021/2021_CIV.json,data/unga_general_debate_verbatim_en/UNGA76_2021/A_76_PV_16_EN.pdf
2021,Democratic Republic Congo,COD,English_transcript_prepared,official_transcript,data/analysis_ready_en/2021/2021_COD.json,data/unga_general_debate_verbatim_en/UNGA76_2021/A_76_PV_3_EN.pdf
2021,Ecuador,ECU,English_transcript_prepared,official_transcript,data/analysis_ready_en/2021/2021_ECU.json,data/unga_general_debate_verbatim_en/UNGA76_2021/A_76_PV_4_EN.pdf
2021,El Salvador,SLV,English_transcript_prepared,official_transcript,data/analysis_ready_en/2021/2021_SLV.json,data/unga_general_debate_verbatim_en/UNGA76_2021/A_76_PV_11_EN.pdf
2021,Equatorial Guinea,GNQ,English_transcript_prepared,official_transcript,data/analysis_ready_en/2021/2021_GNQ.json,data/unga_general_debate_verbatim_en/UNGA76_2021/A_76_PV_11_EN.pdf
2021,Gabon,GAB,English_transcript_prepared,official_transcript,data/analysis_ready_en/2021/2021_GAB.json,data/unga_general_debate_verbatim_en/UNGA76_2021/A_76_PV_10_EN.pdf
2021,Guatemala,GTM,English_transcript_prepared,official_transcript,data/analysis_ready_en/2021/2021_GTM.json,data/unga_general_debate_verbatim_en/UNGA76_2021/A_76_PV_6_EN.pdf
2021,Guinea,GIN,English_transcript_prepared,official_transcript,data/analysis_ready_en/2021/2021_GIN.json,data/unga_general_debate_verbatim_en/UNGA76_2021/A_76_PV_17_EN.pdf
2021,Haiti,HTI,English_transcript_prepared,official_transcript,data/analysis_ready_en/2021/2021_HTI.json,data/unga_general_debate_verbatim_en/UNGA76_2021/A_76_PV_14_EN.pdf
2021,Honduras,HND,English_transcript_prepared,official_transcript,data/analysis_ready_en/2021/2021_HND.json,data/unga_general_debate_verbatim_en/UNGA76_2021/A_76_PV_7_EN.pdf
2021,Iraq,IRQ,English_transcript_prepared,official_transcript,data/analysis_ready_en/2021/2021_IRQ.json,data/unga_general_debate_verbatim_en/UNGA76_2021/A_76_PV_10_EN.pdf
2021,Kyrgyzstan,KGZ,English_transcript_prepared,official_transcript,data/analysis_ready_en/2021/2021_KGZ.json,data/unga_general_debate_verbatim_en/UNGA76_2021/A_76_PV_3_EN.pdf
2021,Libya,LBY,English_transcript_prepared,official_transcript,data/analysis_ready_en/2021/2021_LBY.json,data/unga_general_debate_verbatim_en/UNGA76_2021/A_76_PV_11_EN.pdf
2021,Madagascar,MDG,English_transcript_prepared,official_transcript,data/analysis_ready_en/2021/2021_MDG.json,data/unga_general_debate_verbatim_en/UNGA76_2021/A_76_PV_6_EN.pdf
2021,Mali,MLI,English_transcript_prepared,official_transcript,data/analysis_ready_en/2021/2021_MLI.json,data/unga_general_debate_verbatim_en/UNGA76_2021/A_76_PV_15_EN.pdf
2021,Mauritania,MRT,English_transcript_prepared,official_transcript,data/analysis_ready_en/2021/2021_MRT.json,data/unga_general_debate_verbatim_en/UNGA76_2021/A_76_PV_16_EN.pdf
2021,Mexico,MEX,English_transcript_prepared,official_transcript,data/analysis_ready_en/2021/2021_MEX.json,data/unga_general_debate_verbatim_en/UNGA76_2021/A_76_PV_11_EN.pdf
2021,Monaco,MCO,English_transcript_prepared,official_transcript,data/analysis_ready_en/2021/2021_MCO.json,data/unga_general_debate_verbatim_en/UNGA76_2021/A_76_PV_11_EN.pdf
2021,Morocco,MAR,English_transcript_prepared,official_transcript,data/analysis_ready_en/2021/2021_MAR.json,data/unga_general_debate_verbatim_en/UNGA76_2021/A_76_PV_17_EN.pdf
2021,Nicaragua,NIC,English_transcript_prepared,official_transcript,data/analysis_ready_en/2021/2021_NIC.json,data/unga_general_debate_verbatim_en/UNGA76_2021/A_76_PV_17_EN.pdf
2021,Niger,NER,English_transcript_prepared,official_transcript,data/analysis_ready_en/2021/2021_NER.json,data/unga_general_debate_verbatim_en/UNGA76_2021/A_76_PV_16_EN.pdf
2021,Panama,PAN,English_transcript_prepared,official_transcript,data/analysis_ready_en/2021/2021_PAN.json,data/unga_general_debate_verbatim_en/UNGA76_2021/A_76_PV_10_EN.pdf
2021,Paraguay,PRY,English_transcript_prepared,official_transcript,data/analysis_ready_en/2021/2021_PRY.json,data/unga_general_debate_verbatim_en/UNGA76_2021/A_76_PV_12_EN.pdf
2021,Peru,PER,English_transcript_prepared,official_transcript,data/analysis_ready_en/2021/2021_PER.json,data/unga_general_debate_verbatim_en/UNGA76_2021/A_76_PV_4_EN.pdf
2021,Sao Tome And Principe,STP,English_transcript_prepared,official_transcript,data/analysis_ready_en/2021/2021_STP.json,data/unga_general_debate_verbatim_en/UNGA76_2021/A_76_PV_16_EN.pdf
2021,Senegal,SEN,English_transcript_prepared,official_transcript,data/analysis_ready_en/2021/2021_SEN.json,data/unga_general_debate_verbatim_en/UNGA76_2021/A_76_PV_12_EN.pdf
2021,Sudan,SDN,English_transcript_prepared,official_transcript,data/analysis_ready_en/2021/2021_SDN.json,data/unga_general_debate_verbatim_en/UNGA76_2021/A_76_PV_14_EN.pdf
2021,Tunisia,TUN,English_transcript_prepared,official_transcript,data/analysis_ready_en/2021/2021_TUN.json,data/unga_general_debate_verbatim_en/UNGA76_2021/A_76_PV_17_EN.pdf
2021,Venezuela Bolivarian Republic,VEN,English_transcript_prepared,official_transcript,data/analysis_ready_en/2021/2021_VEN.json,data/unga_general_debate_verbatim_en/UNGA76_2021/A_76_PV_7_EN.pdf
2021,Yemen,YEM,English_transcript_prepared,official_transcript,data/analysis_ready_en/2021/2021_YEM.json,data/unga_general_debate_verbatim_en/UNGA76_2021/A_76_PV_16_EN.pdf
2022,Algeria,DZA,English_transcript_prepared,official_transcript,data/analysis_ready_en/2022/2022_DZA.json,data/unga_general_debate_verbatim_en/UNGA77_2022/A_77_PV_14_EN.pdf
2022,Argentina,ARG,English_transcript_prepared,official_transcript,data/analysis_ready_en/2022/2022_ARG.json,data/unga_general_debate_verbatim_en/UNGA77_2022/A_77_PV_5_EN.pdf
2022,Belgium,BEL,English_transcript_prepared,official_transcript,data/analysis_ready_en/2022/2022_BEL.json,data/unga_general_debate_verbatim_en/UNGA77_2022/A_77_PV_10_EN.pdf
2022,Benin,BEN,English_transcript_prepared,official_transcript,data/analysis_ready_en/2022/2022_BEN.json,data/unga_general_debate_verbatim_en/UNGA77_2022/A_77_PV_14_EN.pdf
2022,Bolivia Plurinational State,BOL,English_transcript_prepared,official_transcript,data/analysis_ready_en/2022/2022_BOL.json,data/unga_general_debate_verbatim_en/UNGA77_2022/A_77_PV_5_EN.pdf
2022,Burkina Faso,BFA,English_transcript_prepared,official_transcript,data/analysis_ready_en/2022/2022_BFA.json,data/unga_general_debate_verbatim_en/UNGA77_2022/A_77_PV_10_EN.pdf
2022,Burundi,BDI,English_transcript_prepared,official_transcript,data/analysis_ready_en/2022/2022_BDI.json,data/unga_general_debate_verbatim_en/UNGA77_2022/A_77_PV_8_EN.pdf
2022,Cameroon,CMR,English_transcript_prepared,official_transcript,data/analysis_ready_en/2022/2022_CMR.json,data/unga_general_debate_verbatim_en/UNGA77_2022/A_77_PV_14_EN.pdf
2022,Central African Republic,CAF,English_transcript_prepared,official_transcript,data/analysis_ready_en/2022/2022_CAF.json,data/unga_general_debate_verbatim_en/UNGA77_2022/A_77_PV_5_EN.pdf
2022,Chad,TCD,English_transcript_prepared,official_transcript,data/analysis_ready_en/2022/2022_TCD.json,data/unga_general_debate_verbatim_en/UNGA77_2022/A_77_PV_11_EN.pdf
2022,Chile,CHL,English_transcript_prepared,official_transcript,data/analysis_ready_en/2022/2022_CHL.json,data/unga_general_debate_verbatim_en/UNGA77_2022/A_77_PV_4_EN.pdf
2022,China,CHN,English_transcript_prepared,official_transcript,data/analysis_ready_en/2022/2022_CHN.json,data/unga_general_debate_verbatim_en/UNGA77_2022/A_77_PV_12_EN.pdf
2022,Colombia,COL,English_transcript_prepared,official_transcript,data/analysis_ready_en/2022/2022_COL.json,data/unga_general_debate_verbatim_en/UNGA77_2022/A_77_PV_4_EN.pdf
2022,Comoros,COM,English_transcript_prepared,official_transcript,data/analysis_ready_en/2022/2022_COM.json,data/unga_general_debate_verbatim_en/UNGA77_2022/A_77_PV_8_EN.pdf
2022,Congo,COG,English_transcript_prepared,official_transcript,data/analysis_ready_en/2022/2022_COG.json,data/unga_general_debate_verbatim_en/UNGA77_2022/A_77_PV_14_EN.pdf
2022,Cote Divoire,CIV,English_transcript_prepared,official_transcript,data/analysis_ready_en/2022/2022_CIV.json,data/unga_general_debate_verbatim_en/UNGA77_2022/A_77_PV_7_EN.pdf
2022,Democratic Republic Congo,COD,English_transcript_prepared,official_transcript,data/analysis_ready_en/2022/2022_COD.json,data/unga_general_debate_verbatim_en/UNGA77_2022/A_77_PV_5_EN.pdf
2022,Djibouti,DJI,English_transcript_prepared,official_transcript,data/analysis_ready_en/2022/2022_DJI.json,data/unga_general_debate_verbatim_en/UNGA77_2022/A_77_PV_14_EN.pdf
2022,Dominican Republic,DOM,English_transcript_prepared,official_transcript,data/analysis_ready_en/2022/2022_DOM.json,data/unga_general_debate_verbatim_en/UNGA77_2022/A_77_PV_7_EN.pdf
2022,Ecuador,ECU,English_transcript_prepared,official_transcript,data/analysis_ready_en/2022/2022_ECU.json,data/unga_general_debate_verbatim_en/UNGA77_2022/A_77_PV_6_EN.pdf
2022,El Salvador,SLV,English_transcript_prepared,official_transcript,data/analysis_ready_en/2022/2022_SLV.json,data/unga_general_debate_verbatim_en/UNGA77_2022/A_77_PV_5_EN.pdf
2022,Equatorial Guinea,GNQ,English_transcript_prepared,official_transcript,data/analysis_ready_en/2022/2022_GNQ.json,data/unga_general_debate_verbatim_en/UNGA77_2022/A_77_PV_11_EN.pdf
2022,France,FRA,English_transcript_prepared,official_transcript,data/analysis_ready_en/2022/2022_FRA.json,data/unga_general_debate_verbatim_en/UNGA77_2022/A_77_PV_4_EN.pdf
2022,Gabon,GAB,English_transcript_prepared,official_transcript,data/analysis_ready_en/2022/2022_GAB.json,data/unga_general_debate_verbatim_en/UNGA77_2022/A_77_PV_6_EN.pdf
2022,Guatemala,GTM,English_transcript_prepared,official_transcript,data/analysis_ready_en/2022/2022_GTM.json,data/unga_general_debate_verbatim_en/UNGA77_2022/A_77_PV_5_EN.pdf
2022,Guinea,GIN,English_transcript_prepared,official_transcript,data/analysis_ready_en/2022/2022_GIN.json,data/unga_general_debate_verbatim_en/UNGA77_2022/A_77_PV_13_EN.pdf
2022,Haiti,HTI,English_transcript_prepared,official_transcript,data/analysis_ready_en/2022/2022_HTI.json,data/unga_general_debate_verbatim_en/UNGA77_2022/A_77_PV_13_EN.pdf
2022,Honduras,HND,English_transcript_prepared,official_transcript,data/analysis_ready_en/2022/2022_HND.json,data/unga_general_debate_verbatim_en/UNGA77_2022/A_77_PV_5_EN.pdf
2022,Iraq,IRQ,English_transcript_prepared,official_transcript,data/analysis_ready_en/2022/2022_IRQ.json,data/unga_general_debate_verbatim_en/UNGA77_2022/A_77_PV_11_EN.pdf
2022,Lebanon,LBN,English_transcript_prepared,official_transcript,data/analysis_ready_en/2022/2022_LBN.json,data/unga_general_debate_verbatim_en/UNGA77_2022/A_77_PV_7_EN.pdf
2022,Libya,LBY,English_transcript_prepared,official_transcript,data/analysis_ready_en/2022/2022_LBY.json,data/unga_general_debate_verbatim_en/UNGA77_2022/A_77_PV_6_EN.pdf
2022,Luxembourg,LUX,English_transcript_prepared,official_transcript,data/analysis_ready_en/2022/2022_LUX.json,data/unga_general_debate_verbatim_en/UNGA77_2022/A_77_PV_10_EN.pdf
2022,Madagascar,MDG,English_transcript_prepared,official_transcript,data/analysis_ready_en/2022/2022_MDG.json,data/unga_general_debate_verbatim_en/UNGA77_2022/A_77_PV_6_EN.pdf
2022,Mali,MLI,English_transcript_prepared,official_transcript,data/analysis_ready_en/2022/2022_MLI.json,data/unga_general_debate_verbatim_en/UNGA77_2022/A_77_PV_12_EN.pdf
2022,Mauritania,MRT,English_transcript_prepared,official_transcript,data/analysis_ready_en/2022/2022_MRT.json,data/unga_general_debate_verbatim_en/UNGA77_2022/A_77_PV_14_EN.pdf
2022,Mexico,MEX,English_transcript_prepared,official_transcript,data/analysis_ready_en/2022/2022_MEX.json,data/unga_general_debate_verbatim_en/UNGA77_2022/A_77_PV_9_EN.pdf
2022,Monaco,MCO,English_transcript_prepared,official_transcript,data/analysis_ready_en/2022/2022_MCO.json,data/unga_general_debate_verbatim_en/UNGA77_2022/A_77_PV_7_EN.pdf
2022,Morocco,MAR,English_transcript_prepared,official_transcript,data/analysis_ready_en/2022/2022_MAR.json,data/unga_general_debate_verbatim_en/UNGA77_2022/A_77_PV_5_EN.pdf
2022,Nicaragua,NIC,English_transcript_prepared,official_transcript,data/analysis_ready_en/2022/2022_NIC.json,data/unga_general_debate_verbatim_en/UNGA77_2022/A_77_PV_14_EN.pdf
2022,Niger,NER,English_transcript_prepared,official_transcript,data/analysis_ready_en/2022/2022_NER.json,data/unga_general_debate_verbatim_en/UNGA77_2022/A_77_PV_8_EN.pdf
2022,Panama,PAN,English_transcript_prepared,official_transcript,data/analysis_ready_en/2022/2022_PAN.json,data/unga_general_debate_verbatim_en/UNGA77_2022/A_77_PV_9_EN.pdf
2022,Peru,PER,English_transcript_prepared,official_transcript,data/analysis_ready_en/2022/2022_PER.json,data/unga_general_debate_verbatim_en/UNGA77_2022/A_77_PV_5_EN.pdf
2022,Qatar,QAT,English_transcript_prepared,official_transcript,data/analysis_ready_en/2022/2022_QAT.json,data/unga_general_debate_verbatim_en/UNGA77_2022/A_77_PV_4_EN.pdf
2022,Russian Federation,RUS,English_transcript_prepared,official_transcript,data/analysis_ready_en/2022/2022_RUS.json,data/unga_general_debate_verbatim_en/UNGA77_2022/A_77_PV_12_EN.pdf
2022,Saudi Arabia,SAU,English_transcript_prepared,official_transcript,data/analysis_ready_en/2022/2022_SAU.json,data/unga_general_debate_verbatim_en/UNGA77_2022/A_77_PV_13_EN.pdf
2022,Sudan,SDN,English_transcript_prepared,official_transcript,data/analysis_ready_en/2022/2022_SDN.json,data/unga_general_debate_verbatim_en/UNGA77_2022/A_77_PV_8_EN.pdf
2022,Switzerland,CHE,English_transcript_prepared,official_transcript,data/analysis_ready_en/2022/2022_CHE.json,data/unga_general_debate_verbatim_en/UNGA77_2022/A_77_PV_4_EN.pdf
2022,Syrian Arab Republic,SYR,English_transcript_prepared,official_transcript,data/analysis_ready_en/2022/2022_SYR.json,data/unga_general_debate_verbatim_en/UNGA77_2022/A_77_PV_14_EN.pdf
2022,Togo,TGO,English_transcript_prepared,official_transcript,data/analysis_ready_en/2022/2022_TGO.json,data/unga_general_debate_verbatim_en/UNGA77_2022/A_77_PV_11_EN.pdf
2022,Tunisia,TUN,English_transcript_prepared,official_transcript,data/analysis_ready_en/2022/2022_TUN.json,data/unga_general_debate_verbatim_en/UNGA77_2022/A_77_PV_14_EN.pdf
2022,Turkmenistan,TKM,English_transcript_prepared,official_transcript,data/analysis_ready_en/2022/2022_TKM.json,data/unga_general_debate_verbatim_en/UNGA77_2022/A_77_PV_14_EN.pdf
2022,United Arab Emirates,ARE,English_transcript_prepared,official_transcript,data/analysis_ready_en/2022/2022_ARE.json,data/unga_general_debate_verbatim_en/UNGA77_2022/A_77_PV_13_EN.pdf
2022,Uruguay,URY,English_transcript_prepared,official_transcript,data/analysis_ready_en/2022/2022_URY.json,data/unga_general_debate_verbatim_en/UNGA77_2022/A_77_PV_14_EN.pdf
2022,Venezuela Bolivarian Republic,VEN,English_transcript_prepared,official_transcript,data/analysis_ready_en/2022/2022_VEN.json,data/unga_general_debate_verbatim_en/UNGA77_2022/A_77_PV_13_EN.pdf
2022,Yemen,YEM,English_transcript_prepared,official_transcript,data/analysis_ready_en/2022/2022_YEM.json,data/unga_general_debate_verbatim_en/UNGA77_2022/A_77_PV_8_EN.pdf
2023,Algeria,DZA,English_transcript_prepared,official_transcript,data/analysis_ready_en/2023/2023_DZA.json,data/unga_general_debate_verbatim_en/UNGA78_2023/A_78_PV_5_EN.pdf
2023,Andorra,AND,English_transcript_prepared,official_transcript,data/analysis_ready_en/2023/2023_AND.json,data/unga_general_debate_verbatim_en/UNGA78_2023/A_78_PV_10_EN.pdf
2023,Argentina,ARG,English_transcript_prepared,official_transcript,data/analysis_ready_en/2023/2023_ARG.json,data/unga_general_debate_verbatim_en/UNGA78_2023/A_78_PV_5_EN.pdf
2023,Belarus,BLR,English_transcript_prepared,official_transcript,data/analysis_ready_en/2023/2023_BLR.json,data/unga_general_debate_verbatim_en/UNGA78_2023/A_78_PV_13_EN.pdf
2023,Benin,BEN,English_transcript_prepared,official_transcript,data/analysis_ready_en/2023/2023_BEN.json,data/unga_general_debate_verbatim_en/UNGA78_2023/A_78_PV_14_EN.pdf
2023,Bolivia Plurinational State,BOL,English_transcript_prepared,official_transcript,data/analysis_ready_en/2023/2023_BOL.json,data/unga_general_debate_verbatim_en/UNGA78_2023/A_78_PV_5_EN.pdf
2023,Burkina Faso,BFA,English_transcript_prepared,official_transcript,data/analysis_ready_en/2023/2023_BFA.json,data/unga_general_debate_verbatim_en/UNGA78_2023/A_78_PV_13_EN.pdf
2023,Burundi,BDI,English_transcript_prepared,official_transcript,data/analysis_ready_en/2023/2023_BDI.json,data/unga_general_debate_verbatim_en/UNGA78_2023/A_78_PV_8_EN.pdf
2023,Cameroon,CMR,English_transcript_prepared,official_transcript,data/analysis_ready_en/2023/2023_CMR.json,data/unga_general_debate_verbatim_en/UNGA78_2023/A_78_PV_14_EN.pdf
2023,Central African Republic,CAF,English_transcript_prepared,official_transcript,data/analysis_ready_en/2023/2023_CAF.json,data/unga_general_debate_verbatim_en/UNGA78_2023/A_78_PV_8_EN.pdf
2023,Chad,TCD,English_transcript_prepared,official_transcript,data/analysis_ready_en/2023/2023_TCD.json,data/unga_general_debate_verbatim_en/UNGA78_2023/A_78_PV_9_EN.pdf
2023,Chile,CHL,English_transcript_prepared,official_transcript,data/analysis_ready_en/2023/2023_CHL.json,data/unga_general_debate_verbatim_en/UNGA78_2023/A_78_PV_7_EN.pdf
2023,Colombia,COL,English_transcript_prepared,official_transcript,data/analysis_ready_en/2023/2023_COL.json,data/unga_general_debate_verbatim_en/UNGA78_2023/A_78_PV_4_EN.pdf
2023,Comoros,COM,English_transcript_prepared,official_transcript,data/analysis_ready_en/2023/2023_COM.json,data/unga_general_debate_verbatim_en/UNGA78_2023/A_78_PV_7_EN.pdf
2023,Congo,COG,English_transcript_prepared,official_transcript,data/analysis_ready_en/2023/2023_COG.json,data/unga_general_debate_verbatim_en/UNGA78_2023/A_78_PV_8_EN.pdf
2023,Costa Rica,CRI,English_transcript_prepared,official_transcript,data/analysis_ready_en/2023/2023_CRI.json,data/unga_general_debate_verbatim_en/UNGA78_2023/A_78_PV_11_EN.pdf
2023,Cote Divoire,CIV,English_transcript_prepared,official_transcript,data/analysis_ready_en/2023/2023_CIV.json,data/unga_general_debate_verbatim_en/UNGA78_2023/A_78_PV_9_EN.pdf
2023,Cuba,CUB,English_transcript_prepared,official_transcript,data/analysis_ready_en/2023/2023_CUB.json,data/unga_general_debate_verbatim_en/UNGA78_2023/A_78_PV_4_EN.pdf
2023,Democratic Republic Congo,COD,English_transcript_prepared,official_transcript,data/analysis_ready_en/2023/2023_COD.json,data/unga_general_debate_verbatim_en/UNGA78_2023/A_78_PV_7_EN.pdf
2023,Djibouti,DJI,English_transcript_prepared,official_transcript,data/analysis_ready_en/2023/2023_DJI.json,data/unga_general_debate_verbatim_en/UNGA78_2023/A_78_PV_13_EN.pdf
2023,Dominican Republic,DOM,English_transcript_prepared,official_transcript,data/analysis_ready_en/2023/2023_DOM.json,data/unga_general_debate_verbatim_en/UNGA78_2023/A_78_PV_7_EN.pdf
2023,Ecuador,ECU,English_transcript_prepared,official_transcript,data/analysis_ready_en/2023/2023_ECU.json,data/unga_general_debate_verbatim_en/UNGA78_2023/A_78_PV_6_EN.pdf
2023,El Salvador,SLV,English_transcript_prepared,official_transcript,data/analysis_ready_en/2023/2023_SLV.json,data/unga_general_debate_verbatim_en/UNGA78_2023/A_78_PV_5_EN.pdf
2023,Equatorial Guinea,GNQ,English_transcript_prepared,official_transcript,data/analysis_ready_en/2023/2023_GNQ.json,data/unga_general_debate_verbatim_en/UNGA78_2023/A_78_PV_9_EN.pdf
2023,France,FRA,English_transcript_prepared,official_transcript,data/analysis_ready_en/2023/2023_FRA.json,data/unga_general_debate_verbatim_en/UNGA78_2023/A_78_PV_9_EN.pdf
2023,Gabon,GAB,English_transcript_prepared,official_transcript,data/analysis_ready_en/2023/2023_GAB.json,data/unga_general_debate_verbatim_en/UNGA78_2023/A_78_PV_10_EN.pdf
2023,Guatemala,GTM,English_transcript_prepared,official_transcript,data/analysis_ready_en/2023/2023_GTM.json,data/unga_general_debate_verbatim_en/UNGA78_2023/A_78_PV_4_EN.pdf
2023,Guinea,GIN,English_transcript_prepared,official_transcript,data/analysis_ready_en/2023/2023_GIN.json,data/unga_general_debate_verbatim_en/UNGA78_2023/A_78_PV_8_EN.pdf
2023,Haiti,HTI,English_transcript_prepared,official_transcript,data/analysis_ready_en/2023/2023_HTI.json,data/unga_general_debate_verbatim_en/UNGA78_2023/A_78_PV_11_EN.pdf
2023,Honduras,HND,English_transcript_prepared,official_transcript,data/analysis_ready_en/2023/2023_HND.json,data/unga_general_debate_verbatim_en/UNGA78_2023/A_78_PV_6_EN.pdf
2023,Iraq,IRQ,English_transcript_prepared,official_transcript,data/analysis_ready_en/2023/2023_IRQ.json,data/unga_general_debate_verbatim_en/UNGA78_2023/A_78_PV_10_EN.pdf
2023,Kuwait,KWT,English_transcript_prepared,official_transcript,data/analysis_ready_en/2023/2023_KWT.json,data/unga_general_debate_verbatim_en/UNGA78_2023/A_78_PV_9_EN.pdf
2023,Lebanon,LBN,English_transcript_prepared,official_transcript,data/analysis_ready_en/2023/2023_LBN.json,data/unga_general_debate_verbatim_en/UNGA78_2023/A_78_PV_7_EN.pdf
2023,Libya,LBY,English_transcript_prepared,official_transcript,data/analysis_ready_en/2023/2023_LBY.json,data/unga_general_debate_verbatim_en/UNGA78_2023/A_78_PV_7_EN.pdf
2023,Luxembourg,LUX,English_transcript_prepared,official_transcript,data/analysis_ready_en/2023/2023_LUX.json,data/unga_general_debate_verbatim_en/UNGA78_2023/A_78_PV_10_EN.pdf
2023,Mali,MLI,English_transcript_prepared,official_transcript,data/analysis_ready_en/2023/2023_MLI.json,data/unga_general_debate_verbatim_en/UNGA78_2023/A_78_PV_13_EN.pdf
2023,Mauritania,MRT,English_transcript_prepared,official_transcript,data/analysis_ready_en/2023/2023_MRT.json,data/unga_general_debate_verbatim_en/UNGA78_2023/A_78_PV_7_EN.pdf
2023,Mexico,MEX,English_transcript_prepared,official_transcript,data/analysis_ready_en/2023/2023_MEX.json,data/unga_general_debate_verbatim_en/UNGA78_2023/A_78_PV_12_EN.pdf
2023,Monaco,MCO,English_transcript_prepared,official_transcript,data/analysis_ready_en/2023/2023_MCO.json,data/unga_general_debate_verbatim_en/UNGA78_2023/A_78_PV_7_EN.pdf
2023,Morocco,MAR,English_transcript_prepared,official_transcript,data/analysis_ready_en/2023/2023_MAR.json,data/unga_general_debate_verbatim_en/UNGA78_2023/A_78_PV_14_EN.pdf
2023,Panama,PAN,English_transcript_prepared,official_transcript,data/analysis_ready_en/2023/2023_PAN.json,data/unga_general_debate_verbatim_en/UNGA78_2023/A_78_PV_5_EN.pdf
2023,Paraguay,PRY,English_transcript_prepared,official_transcript,data/analysis_ready_en/2023/2023_PRY.json,data/unga_general_debate_verbatim_en/UNGA78_2023/A_78_PV_5_EN.pdf
2023,Peru,PER,English_transcript_prepared,official_transcript,data/analysis_ready_en/2023/2023_PER.json,data/unga_general_debate_verbatim_en/UNGA78_2023/A_78_PV_5_EN.pdf
2023,Russian Federation,RUS,English_transcript_prepared,official_transcript,data/analysis_ready_en/2023/2023_RUS.json,data/unga_general_debate_verbatim_en/UNGA78_2023/A_78_PV_12_EN.pdf
2023,Sao Tome And Principe,STP,English_transcript_prepared,official_transcript,data/analysis_ready_en/2023/2023_STP.json,data/unga_general_debate_verbatim_en/UNGA78_2023/A_78_PV_7_EN.pdf
2023,Saudi Arabia,SAU,English_transcript_prepared,official_transcript,data/analysis_ready_en/2023/2023_SAU.json,data/unga_general_debate_verbatim_en/UNGA78_2023/A_78_PV_13_EN.pdf
2023,Senegal,SEN,English_transcript_prepared,official_transcript,data/analysis_ready_en/2023/2023_SEN.json,data/unga_general_debate_verbatim_en/UNGA78_2023/A_78_PV_5_EN.pdf
2023,Somalia,SOM,English_transcript_prepared,official_transcript,data/analysis_ready_en/2023/2023_SOM.json,data/unga_general_debate_verbatim_en/UNGA78_2023/A_78_PV_12_EN.pdf
2023,Sudan,SDN,English_transcript_prepared,official_transcript,data/analysis_ready_en/2023/2023_SDN.json,data/unga_general_debate_verbatim_en/UNGA78_2023/A_78_PV_9_EN.pdf
2023,Switzerland,CHE,English_transcript_prepared,official_transcript,data/analysis_ready_en/2023/2023_CHE.json,data/unga_general_debate_verbatim_en/UNGA78_2023/A_78_PV_4_EN.pdf
2023,Syrian Arab Republic,SYR,English_transcript_prepared,official_transcript,data/analysis_ready_en/2023/2023_SYR.json,data/unga_general_debate_verbatim_en/UNGA78_2023/A_78_PV_14_EN.pdf
2023,Togo,TGO,English_transcript_prepared,official_transcript,data/analysis_ready_en/2023/2023_TGO.json,data/unga_general_debate_verbatim_en/UNGA78_2023/A_78_PV_9_EN.pdf
2023,Tunisia,TUN,English_transcript_prepared,official_transcript,data/analysis_ready_en/2023/2023_TUN.json,data/unga_general_debate_verbatim_en/UNGA78_2023/A_78_PV_12_EN.pdf
2023,Ukraine,UKR,English_transcript_prepared,official_transcript,data/analysis_ready_en/2023/2023_UKR.json,data/unga_general_debate_verbatim_en/UNGA78_2023/A_78_PV_4_EN.pdf
2023,Uruguay,URY,English_transcript_prepared,official_transcript,data/analysis_ready_en/2023/2023_URY.json,data/unga_general_debate_verbatim_en/UNGA78_2023/A_78_PV_5_EN.pdf
2023,Yemen,YEM,English_transcript_prepared,official_transcript,data/analysis_ready_en/2023/2023_YEM.json,data/unga_general_debate_verbatim_en/UNGA78_2023/A_78_PV_8_EN.pdf
2024,Algeria,DZA,English_transcript_prepared,official_transcript,data/analysis_ready_en/2024/2024_DZA.json,data/unga_general_debate_verbatim_en/UNGA79_2024/A_79_PV_17_EN.pdf
2024,Andorra,AND,English_transcript_prepared,official_transcript,data/analysis_ready_en/2024/2024_AND.json,data/unga_general_debate_verbatim_en/UNGA79_2024/A_79_PV_13_EN.pdf
2024,Argentina,ARG,English_transcript_prepared,official_transcript,data/analysis_ready_en/2024/2024_ARG.json,data/unga_general_debate_verbatim_en/UNGA79_2024/A_79_PV_8_EN.pdf
2024,Belarus,BLR,English_transcript_prepared,official_transcript,data/analysis_ready_en/2024/2024_BLR.json,data/unga_general_debate_verbatim_en/UNGA79_2024/A_79_PV_16_EN.pdf
2024,Belgium,BEL,English_transcript_prepared,official_transcript,data/analysis_ready_en/2024/2024_BEL.json,data/unga_general_debate_verbatim_en/UNGA79_2024/A_79_PV_8_EN.pdf
2024,Benin,BEN,English_transcript_prepared,official_transcript,data/analysis_ready_en/2024/2024_BEN.json,data/unga_general_debate_verbatim_en/UNGA79_2024/A_79_PV_16_EN.pdf
2024,Bolivia Plurinational State,BOL,English_transcript_prepared,official_transcript,data/analysis_ready_en/2024/2024_BOL.json,data/unga_general_debate_verbatim_en/UNGA79_2024/A_79_PV_10_EN.pdf
2024,Brazil,BRA,English_transcript_prepared,official_transcript,data/analysis_ready_en/2024/2024_BRA.json,data/unga_general_debate_verbatim_en/UNGA79_2024/A_79_PV_7_EN.pdf
2024,Burkina Faso,BFA,English_transcript_prepared,official_transcript,data/analysis_ready_en/2024/2024_BFA.json,data/unga_general_debate_verbatim_en/UNGA79_2024/A_79_PV_17_EN.pdf
2024,Burundi,BDI,English_transcript_prepared,official_transcript,data/analysis_ready_en/2024/2024_BDI.json,data/unga_general_debate_verbatim_en/UNGA79_2024/A_79_PV_17_EN.pdf
2024,Cameroon,CMR,English_transcript_prepared,official_transcript,data/analysis_ready_en/2024/2024_CMR.json,data/unga_general_debate_verbatim_en/UNGA79_2024/A_79_PV_14_EN.pdf
2024,Canada,CAN,English_transcript_prepared,official_transcript,data/analysis_ready_en/2024/2024_CAN.json,data/unga_general_debate_verbatim_en/UNGA79_2024/A_79_PV_17_EN.pdf
2024,Central African Republic,CAF,English_transcript_prepared,official_transcript,data/analysis_ready_en/2024/2024_CAF.json,data/unga_general_debate_verbatim_en/UNGA79_2024/A_79_PV_11_EN.pdf
2024,Chad,TCD,English_transcript_prepared,official_transcript,data/analysis_ready_en/2024/2024_TCD.json,data/unga_general_debate_verbatim_en/UNGA79_2024/A_79_PV_10_EN.pdf
2024,Chile,CHL,English_transcript_prepared,official_transcript,data/analysis_ready_en/2024/2024_CHL.json,data/unga_general_debate_verbatim_en/UNGA79_2024/A_79_PV_8_EN.pdf
2024,Colombia,COL,English_transcript_prepared,official_transcript,data/analysis_ready_en/2024/2024_COL.json,data/unga_general_debate_verbatim_en/UNGA79_2024/A_79_PV_7_EN.pdf
2024,Comoros,COM,English_transcript_prepared,official_transcript,data/analysis_ready_en/2024/2024_COM.json,data/unga_general_debate_verbatim_en/UNGA79_2024/A_79_PV_12_EN.pdf
2024,Congo,COG,English_transcript_prepared,official_transcript,data/analysis_ready_en/2024/2024_COG.json,data/unga_general_debate_verbatim_en/UNGA79_2024/A_79_PV_17_EN.pdf
2024,Costa Rica,CRI,English_transcript_prepared,official_transcript,data/analysis_ready_en/2024/2024_CRI.json,data/unga_general_debate_verbatim_en/UNGA79_2024/A_79_PV_12_EN.pdf
2024,Cote Divoire,CIV,English_transcript_prepared,official_transcript,data/analysis_ready_en/2024/2024_CIV.json,data/unga_general_debate_verbatim_en/UNGA79_2024/A_79_PV_12_EN.pdf
2024,Cuba,CUB,English_transcript_prepared,official_transcript,data/analysis_ready_en/2024/2024_CUB.json,data/unga_general_debate_verbatim_en/UNGA79_2024/A_79_PV_15_EN.pdf
2024,Democratic Republic Congo,COD,English_transcript_prepared,official_transcript,data/analysis_ready_en/2024/2024_COD.json,data/unga_general_debate_verbatim_en/UNGA79_2024/A_79_PV_9_EN.pdf
2024,Djibouti,DJI,English_transcript_prepared,official_transcript,data/analysis_ready_en/2024/2024_DJI.json,data/unga_general_debate_verbatim_en/UNGA79_2024/A_79_PV_17_EN.pdf
2024,Dominican Republic,DOM,English_transcript_prepared,official_transcript,data/analysis_ready_en/2024/2024_DOM.json,data/unga_general_debate_verbatim_en/UNGA79_2024/A_79_PV_9_EN.pdf
2024,Ecuador,ECU,English_transcript_prepared,official_transcript,data/analysis_ready_en/2024/2024_ECU.json,data/unga_general_debate_verbatim_en/UNGA79_2024/A_79_PV_17_EN.pdf
2024,Egypt,EGY,English_transcript_prepared,official_transcript,data/analysis_ready_en/2024/2024_EGY.json,data/unga_general_debate_verbatim_en/UNGA79_2024/A_79_PV_15_EN.pdf
2024,El Salvador,SLV,English_transcript_prepared,official_transcript,data/analysis_ready_en/2024/2024_SLV.json,data/unga_general_debate_verbatim_en/UNGA79_2024/A_79_PV_8_EN.pdf
2024,Equatorial Guinea,GNQ,English_transcript_prepared,official_transcript,data/analysis_ready_en/2024/2024_GNQ.json,data/unga_general_debate_verbatim_en/UNGA79_2024/A_79_PV_11_EN.pdf
2024,Ethiopia,ETH,English_transcript_prepared,official_transcript,data/analysis_ready_en/2024/2024_ETH.json,data/unga_general_debate_verbatim_en/UNGA79_2024/A_79_PV_14_EN.pdf
2024,France,FRA,English_transcript_prepared,official_transcript,data/analysis_ready_en/2024/2024_FRA.json,data/unga_general_debate_verbatim_en/UNGA79_2024/A_79_PV_9_EN.pdf
2024,Gabon,GAB,English_transcript_prepared,official_transcript,data/analysis_ready_en/2024/2024_GAB.json,data/unga_general_debate_verbatim_en/UNGA79_2024/A_79_PV_11_EN.pdf
2024,Guatemala,GTM,English_transcript_prepared,official_transcript,data/analysis_ready_en/2024/2024_GTM.json,data/unga_general_debate_verbatim_en/UNGA79_2024/A_79_PV_7_EN.pdf
2024,Guinea,GIN,English_transcript_prepared,official_transcript,data/analysis_ready_en/2024/2024_GIN.json,data/unga_general_debate_verbatim_en/UNGA79_2024/A_79_PV_15_EN.pdf
2024,Haiti,HTI,English_transcript_prepared,official_transcript,data/analysis_ready_en/2024/2024_HTI.json,data/unga_general_debate_verbatim_en/UNGA79_2024/A_79_PV_11_EN.pdf
2024,Honduras,HND,English_transcript_prepared,official_transcript,data/analysis_ready_en/2024/2024_HND.json,data/unga_general_debate_verbatim_en/UNGA79_2024/A_79_PV_9_EN.pdf
2024,Iraq,IRQ,English_transcript_prepared,official_transcript,data/analysis_ready_en/2024/2024_IRQ.json,data/unga_general_debate_verbatim_en/UNGA79_2024/A_79_PV_12_EN.pdf
2024,Israel,ISR,English_transcript_prepared,official_transcript,data/analysis_ready_en/2024/2024_ISR.json,data/unga_general_debate_verbatim_en/UNGA79_2024/A_79_PV_13_EN.pdf
2024,Italy,ITA,English_transcript_prepared,official_transcript,data/analysis_ready_en/2024/2024_ITA.json,data/unga_general_debate_verbatim_en/UNGA79_2024/A_79_PV_8_EN.pdf
2024,Kuwait,KWT,English_transcript_prepared,official_transcript,data/analysis_ready_en/2024/2024_KWT.json,data/unga_general_debate_verbatim_en/UNGA79_2024/A_79_PV_11_EN.pdf
2024,Lebanon,LBN,English_transcript_prepared,official_transcript,data/analysis_ready_en/2024/2024_LBN.json,data/unga_general_debate_verbatim_en/UNGA79_2024/A_79_PV_12_EN.pdf
2024,Libya,LBY,English_transcript_prepared,official_transcript,data/analysis_ready_en/2024/2024_LBY.json,data/unga_general_debate_verbatim_en/UNGA79_2024/A_79_PV_9_EN.pdf
2024,Luxembourg,LUX,English_transcript_prepared,official_transcript,data/analysis_ready_en/2024/2024_LUX.json,data/unga_general_debate_verbatim_en/UNGA79_2024/A_79_PV_15_EN.pdf
2024,Madagascar,MDG,English_transcript_prepared,official_transcript,data/analysis_ready_en/2024/2024_MDG.json,data/unga_general_debate_verbatim_en/UNGA79_2024/A_79_PV_14_EN.pdf
2024,Mali,MLI,English_transcript_prepared,official_transcript,data/analysis_ready_en/2024/2024_MLI.json,data/unga_general_debate_verbatim_en/UNGA79_2024/A_79_PV_15_EN.pdf
2024,Mauritania,MRT,English_transcript_prepared,official_transcript,data/analysis_ready_en/2024/2024_MRT.json,data/unga_general_debate_verbatim_en/UNGA79_2024/A_79_PV_8_EN.pdf
2024,Mexico,MEX,English_transcript_prepared,official_transcript,data/analysis_ready_en/2024/2024_MEX.json,data/unga_general_debate_verbatim_en/UNGA79_2024/A_79_PV_15_EN.pdf
2024,Monaco,MCO,English_transcript_prepared,official_transcript,data/analysis_ready_en/2024/2024_MCO.json,data/unga_general_debate_verbatim_en/UNGA79_2024/A_79_PV_8_EN.pdf
2024,Morocco,MAR,English_transcript_prepared,official_transcript,data/analysis_ready_en/2024/2024_MAR.json,data/unga_general_debate_verbatim_en/UNGA79_2024/A_79_PV_8_EN.pdf
2024,Niger,NER,English_transcript_prepared,official_transcript,data/analysis_ready_en/2024/2024_NER.json,data/unga_general_debate_verbatim_en/UNGA79_2024/A_79_PV_17_EN.pdf
2024,Palestine State,PSE,excluded_non_member_state,,,
2024,Panama,PAN,English_transcript_prepared,official_transcript,data/analysis_ready_en/2024/2024_PAN.json,data/unga_general_debate_verbatim_en/UNGA79_2024/A_79_PV_10_EN.pdf
2024,Paraguay,PRY,English_transcript_prepared,official_transcript,data/analysis_ready_en/2024/2024_PRY.json,data/unga_general_debate_verbatim_en/UNGA79_2024/A_79_PV_8_EN.pdf
2024,Peru,PER,English_transcript_prepared,official_transcript,data/analysis_ready_en/2024/2024_PER.json,data/unga_general_debate_verbatim_en/UNGA79_2024/A_79_PV_12_EN.pdf
2024,Russian Federation,RUS,English_transcript_prepared,official_transcript,data/analysis_ready_en/2024/2024_RUS.json,data/unga_general_debate_verbatim_en/UNGA79_2024/A_79_PV_15_EN.pdf
2024,Sao Tome And Principe,STP,English_transcript_prepared,official_transcript,data/analysis_ready_en/2024/2024_STP.json,data/unga_general_debate_verbatim_en/UNGA79_2024/A_79_PV_11_EN.pdf
2024,Saudi Arabia,SAU,English_transcript_prepared,official_transcript,data/analysis_ready_en/2024/2024_SAU.json,data/unga_general_debate_verbatim_en/UNGA79_2024/A_79_PV_16_EN.pdf
2024,Senegal,SEN,English_transcript_prepared,official_transcript,data/analysis_ready_en/2024/2024_SEN.json,data/unga_general_debate_verbatim_en/UNGA79_2024/A_79_PV_10_EN.pdf
2024,Spain,ESP,English_transcript_prepared,official_transcript,data/analysis_ready_en/2024/2024_ESP.json,data/unga_general_debate_verbatim_en/UNGA79_2024/A_79_PV_10_EN.pdf
2024,Sudan,SDN,English_transcript_prepared,official_transcript,data/analysis_ready_en/2024/2024_SDN.json,data/unga_general_debate_verbatim_en/UNGA79_2024/A_79_PV_11_EN.pdf
2024,Togo,TGO,English_transcript_prepared,official_transcript,data/analysis_ready_en/2024/2024_TGO.json,data/unga_general_debate_verbatim_en/UNGA79_2024/A_79_PV_10_EN.pdf
2024,Tunisia,TUN,English_transcript_prepared,official_transcript,data/analysis_ready_en/2024/2024_TUN.json,data/unga_general_debate_verbatim_en/UNGA79_2024/A_79_PV_14_EN.pdf
2024,Yemen,YEM,English_transcript_prepared,official_transcript,data/analysis_ready_en/2024/2024_YEM.json,data/unga_general_debate_verbatim_en/UNGA79_2024/A_79_PV_11_EN.pdf
2025,Algeria,DZA,English_transcript_prepared,automatic_transcript,data/analysis_ready_en/2025/2025_DZA.json,data/unga_general_debate_verbatim_en/automatic_transcripts_unofficial/UNGA2025_day6_EN_ASR.txt
2025,Argentina,ARG,English_transcript_prepared,automatic_transcript,data/analysis_ready_en/2025/2025_ARG.json,data/unga_general_debate_verbatim_en/automatic_transcripts_unofficial/UNGA2025_day2_EN_ASR.json
2025,Armenia,ARM,English_transcript_prepared,automatic_transcript,data/analysis_ready_en/2025/2025_ARM.json,data/unga_general_debate_verbatim_en/automatic_transcripts_unofficial/UNGA2025_day5_EN_ASR.json
2025,Bangladesh,BGD,English_transcript_prepared,automatic_transcript,data/analysis_ready_en/2025/2025_BGD.json,data/unga_general_debate_verbatim_en/automatic_transcripts_unofficial/UNGA2025_day4_EN_ASR.json
2025,Belarus,BLR,English_transcript_prepared,automatic_transcript,data/analysis_ready_en/2025/2025_BLR.json,data/unga_general_debate_verbatim_en/automatic_transcripts_unofficial/UNGA2025_day5_EN_ASR.json
2025,Benin,BEN,English_transcript_prepared,automatic_transcript,data/analysis_ready_en/2025/2025_BEN.json,data/unga_general_debate_verbatim_en/automatic_transcripts_unofficial/UNGA2025_day6_EN_ASR.txt
2025,Bosnia And Herzegovina,BIH,English_transcript_prepared,automatic_transcript,data/analysis_ready_en/2025/2025_BIH.json,data/unga_general_debate_verbatim_en/automatic_transcripts_unofficial/UNGA2025_day3_EN_ASR.json
2025,Brazil,BRA,English_transcript_prepared,automatic_transcript,data/analysis_ready_en/2025/2025_BRA.json,data/unga_general_debate_verbatim_en/automatic_transcripts_unofficial/UNGA2025_day1_EN_ASR.json
2025,Burkina Faso,BFA,English_transcript_prepared,automatic_transcript,data/analysis_ready_en/2025/2025_BFA.json,data/unga_general_debate_verbatim_en/automatic_transcripts_unofficial/UNGA2025_day5_EN_ASR.json
2025,Burundi,BDI,English_transcript_prepared,automatic_transcript,data/analysis_ready_en/2025/2025_BDI.json,data/unga_general_debate_verbatim_en/automatic_transcripts_unofficial/UNGA2025_day6_EN_ASR.txt
2025,Cambodia,KHM,English_transcript_prepared,automatic_transcript,data/analysis_ready_en/2025/2025_KHM.json,data/unga_general_debate_verbatim_en/automatic_transcripts_unofficial/UNGA2025_day5_EN_ASR.json
2025,Cameroon,CMR,English_transcript_prepared,automatic_transcript,data/analysis_ready_en/2025/2025_CMR.json,data/unga_general_debate_verbatim_en/automatic_transcripts_unofficial/UNGA2025_day3_EN_ASR.json
2025,Central African Republic,CAF,English_transcript_prepared,automatic_transcript,data/analysis_ready_en/2025/2025_CAF.json,data/unga_general_debate_verbatim_en/automatic_transcripts_unofficial/UNGA2025_day2_EN_ASR.json
2025,Chad,TCD,English_transcript_prepared,automatic_transcript,data/analysis_ready_en/2025/2025_TCD.json,data/unga_general_debate_verbatim_en/automatic_transcripts_unofficial/UNGA2025_day3_EN_ASR.json
2025,Chile,CHL,English_transcript_prepared,automatic_transcript,data/analysis_ready_en/2025/2025_CHL.json,data/unga_general_debate_verbatim_en/automatic_transcripts_unofficial/UNGA2025_day1_EN_ASR.json
2025,Colombia,COL,English_transcript_prepared,automatic_transcript,data/analysis_ready_en/2025/2025_COL.json,data/unga_general_debate_verbatim_en/automatic_transcripts_unofficial/UNGA2025_day1_EN_ASR.json
2025,Comoros,COM,English_transcript_prepared,automatic_transcript,data/analysis_ready_en/2025/2025_COM.json,data/unga_general_debate_verbatim_en/automatic_transcripts_unofficial/UNGA2025_day2_EN_ASR.json
2025,Congo,COG,English_transcript_prepared,automatic_transcript,data/analysis_ready_en/2025/2025_COG.json,data/unga_general_debate_verbatim_en/automatic_transcripts_unofficial/UNGA2025_day2_EN_ASR.json
2025,Costa Rica,CRI,English_transcript_prepared,automatic_transcript,data/analysis_ready_en/2025/2025_CRI.json,data/unga_general_debate_verbatim_en/automatic_transcripts_unofficial/UNGA2025_day2_EN_ASR.json
2025,Cote Divoire,CIV,English_transcript_prepared,automatic_transcript,data/analysis_ready_en/2025/2025_CIV.json,data/unga_general_debate_verbatim_en/automatic_transcripts_unofficial/UNGA2025_day4_EN_ASR.json
2025,Democratic Republic Congo,COD,English_transcript_prepared,automatic_transcript,data/analysis_ready_en/2025/2025_COD.json,data/unga_general_debate_verbatim_en/automatic_transcripts_unofficial/UNGA2025_day1_EN_ASR.json
2025,Djibouti,DJI,English_transcript_prepared,automatic_transcript,data/analysis_ready_en/2025/2025_DJI.json,data/unga_general_debate_verbatim_en/automatic_transcripts_unofficial/UNGA2025_day6_EN_ASR.txt
2025,Dominican Republic,DOM,English_transcript_prepared,automatic_transcript,data/analysis_ready_en/2025/2025_DOM.json,data/unga_general_debate_verbatim_en/automatic_transcripts_unofficial/UNGA2025_day2_EN_ASR.json
2025,Ecuador,ECU,English_transcript_prepared,automatic_transcript,data/analysis_ready_en/2025/2025_ECU.json,data/unga_general_debate_verbatim_en/automatic_transcripts_unofficial/UNGA2025_day3_EN_ASR.json
2025,Egypt,EGY,English_transcript_prepared,automatic_transcript,data/analysis_ready_en/2025/2025_EGY.json,data/unga_general_debate_verbatim_en/automatic_transcripts_unofficial/UNGA2025_day5_EN_ASR.json
2025,Equatorial Guinea,GNQ,English_transcript_prepared,automatic_transcript,data/analysis_ready_en/2025/2025_GNQ.json,data/unga_general_debate_verbatim_en/automatic_transcripts_unofficial/UNGA2025_day3_EN_ASR.json
2025,France,FRA,English_transcript_prepared,automatic_transcript,data/analysis_ready_en/2025/2025_FRA.json,data/unga_general_debate_verbatim_en/automatic_transcripts_unofficial/UNGA2025_day1_EN_ASR.json
2025,Gabon,GAB,English_transcript_prepared,automatic_transcript,data/analysis_ready_en/2025/2025_GAB.json,data/unga_general_debate_verbatim_en/automatic_transcripts_unofficial/UNGA2025_day3_EN_ASR.json
2025,Guatemala,GTM,English_transcript_prepared,automatic_transcript,data/analysis_ready_en/2025/2025_GTM.json,data/unga_general_debate_verbatim_en/automatic_transcripts_unofficial/UNGA2025_day2_EN_ASR.json
2025,Guinea,GIN,English_transcript_prepared,automatic_transcript,data/analysis_ready_en/2025/2025_GIN.json,data/unga_general_debate_verbatim_en/automatic_transcripts_unofficial/UNGA2025_day5_EN_ASR.json
2025,Haiti,HTI,English_transcript_prepared,automatic_transcript,data/analysis_ready_en/2025/2025_HTI.json,data/unga_general_debate_verbatim_en/automatic_transcripts_unofficial/UNGA2025_day3_EN_ASR.json
2025,Honduras,HND,English_transcript_prepared,automatic_transcript,data/analysis_ready_en/2025/2025_HND.json,data/unga_general_debate_verbatim_en/automatic_transcripts_unofficial/UNGA2025_day6_EN_ASR.txt
2025,Iraq,IRQ,English_transcript_prepared,automatic_transcript,data/analysis_ready_en/2025/2025_IRQ.json,data/unga_general_debate_verbatim_en/automatic_transcripts_unofficial/UNGA2025_day1_EN_ASR.json
2025,Libya,LBY,English_transcript_prepared,automatic_transcript,data/analysis_ready_en/2025/2025_LBY.json,data/unga_general_debate_verbatim_en/automatic_transcripts_unofficial/UNGA2025_day3_EN_ASR.json
2025,Madagascar,MDG,English_transcript_prepared,automatic_transcript,data/analysis_ready_en/2025/2025_MDG.json,data/unga_general_debate_verbatim_en/automatic_transcripts_unofficial/UNGA2025_day2_EN_ASR.json
2025,Mali,MLI,English_transcript_prepared,automatic_transcript,data/analysis_ready_en/2025/2025_MLI.json,data/unga_general_debate_verbatim_en/automatic_transcripts_unofficial/UNGA2025_day4_EN_ASR.json
2025,Mauritania,MRT,English_transcript_prepared,automatic_transcript,data/analysis_ready_en/2025/2025_MRT.json,data/unga_general_debate_verbatim_en/automatic_transcripts_unofficial/UNGA2025_day5_EN_ASR.json
2025,Mexico,MEX,English_transcript_prepared,automatic_transcript,data/analysis_ready_en/2025/2025_MEX.json,data/unga_general_debate_verbatim_en/automatic_transcripts_unofficial/UNGA2025_day3_EN_ASR.json
2025,Montenegro,MNE,English_transcript_prepared,automatic_transcript,data/analysis_ready_en/2025/2025_MNE.json,data/unga_general_debate_verbatim_en/automatic_transcripts_unofficial/UNGA2025_day3_EN_ASR.json
2025,Mozambique,MOZ,English_transcript_prepared,automatic_transcript,data/analysis_ready_en/2025/2025_MOZ.json,data/unga_general_debate_verbatim_en/automatic_transcripts_unofficial/UNGA2025_day1_EN_ASR.json
2025,Niger,NER,English_transcript_prepared,automatic_transcript,data/analysis_ready_en/2025/2025_NER.json,data/unga_general_debate_verbatim_en/automatic_transcripts_unofficial/UNGA2025_day5_EN_ASR.json
2025,Panama,PAN,English_transcript_prepared,automatic_transcript,data/analysis_ready_en/2025/2025_PAN.json,data/unga_general_debate_verbatim_en/automatic_transcripts_unofficial/UNGA2025_day2_EN_ASR.json
2025,Paraguay,PRY,English_transcript_prepared,automatic_transcript,data/analysis_ready_en/2025/2025_PRY.json,data/unga_general_debate_verbatim_en/automatic_transcripts_unofficial/UNGA2025_day2_EN_ASR.json
2025,Peru,PER,English_transcript_prepared,automatic_transcript,data/analysis_ready_en/2025/2025_PER.json,data/unga_general_debate_verbatim_en/automatic_transcripts_unofficial/UNGA2025_day1_EN_ASR.json
2025,Russian Federation,RUS,English_transcript_prepared,automatic_transcript,data/analysis_ready_en/2025/2025_RUS.json,data/unga_general_debate_verbatim_en/automatic_transcripts_unofficial/UNGA2025_day5_EN_ASR.json
2025,Saudi Arabia,SAU,English_transcript_prepared,automatic_transcript,data/analysis_ready_en/2025/2025_SAU.json,data/unga_general_debate_verbatim_en/automatic_transcripts_unofficial/UNGA2025_day5_EN_ASR.json
2025,Senegal,SEN,English_transcript_prepared,automatic_transcript,data/analysis_ready_en/2025/2025_SEN.json,data/unga_general_debate_verbatim_en/automatic_transcripts_unofficial/UNGA2025_day2_EN_ASR.json
2025,Spain,ESP,English_transcript_prepared,automatic_transcript,data/analysis_ready_en/2025/2025_ESP.json,data/unga_general_debate_verbatim_en/automatic_transcripts_unofficial/UNGA2025_day2_EN_ASR.json
2025,Sudan,SDN,English_transcript_prepared,automatic_transcript,data/analysis_ready_en/2025/2025_SDN.json,data/unga_general_debate_verbatim_en/automatic_transcripts_unofficial/UNGA2025_day3_EN_ASR.json
2025,Togo,TGO,English_transcript_prepared,automatic_transcript,data/analysis_ready_en/2025/2025_TGO.json,data/unga_general_debate_verbatim_en/automatic_transcripts_unofficial/UNGA2025_day4_EN_ASR.json
2025,Tunisia,TUN,English_transcript_prepared,automatic_transcript,data/analysis_ready_en/2025/2025_TUN.json,data/unga_general_debate_verbatim_en/automatic_transcripts_unofficial/UNGA2025_day5_EN_ASR.json
2025,Uruguay,URY,English_transcript_prepared,automatic_transcript,data/analysis_ready_en/2025/2025_URY.json,data/unga_general_debate_verbatim_en/automatic_transcripts_unofficial/UNGA2025_day1_EN_ASR.json
2025,Venezuela Bolivarian Republic,VEN,English_transcript_prepared,automatic_transcript,data/analysis_ready_en/2025/2025_VEN.json,data/unga_general_debate_verbatim_en/automatic_transcripts_unofficial/UNGA2025_day4_EN_ASR.json
2025,Yemen,YEM,English_transcript_prepared,automatic_transcript,data/analysis_ready_en/2025/2025_YEM.json,data/unga_general_debate_verbatim_en/automatic_transcripts_unofficial/UNGA2025_day3_EN_ASR.json
