year,source_type,path,sha256,eligible,detail
2017,official_transcript,data/unga_general_debate_verbatim_en/UNGA72_2017/A_72_PV_10_EN.pdf,7df882d0a215d3de845dde3ad7fc211976c96aa718879a3c8e7607dd1a9188e5,True,A/72/PV.10
2017,official_transcript,data/unga_general_debate_verbatim_en/UNGA72_2017/A_72_PV_11_EN.pdf,b3f3e5df06e18dce2d03843f0578b37f27abd64cb6c993710fd48e5be6b721c8,True,A/72/PV.11
2017,official_transcript,data/unga_general_debate_verbatim_en/UNGA72_2017/A_72_PV_12_EN.pdf,af3eed99a9f5c07d3ab1daa7bb4cc2abce9f1f3aa4a45cefb9c815a950ae9bba,True,A/72/PV.12
2017,official_transcript,data/unga_general_debate_verbatim_en/UNGA72_2017/A_72_PV_13_EN.pdf,6364073c4b7769d6edd4cdb16e72267300ce44b64ff5cba06c77a27f4743eae9,True,A/72/PV.13
2017,official_transcript,data/unga_general_debate_verbatim_en/UNGA72_2017/A_72_PV_14_EN.pdf,73c89ddfa2067cc3ecbfd42063fe2fd86ff27b03ad2618443b5cf8c96d48e9fe,True,A/72/PV.14
2017,official_transcript,data/unga_general_debate_verbatim_en/UNGA72_2017/A_72_PV_15_EN.pdf,1612205f8c047f723fbc79cb9b854cd5968fc350de93f2da551ea3bfe6076173,True,A/72/PV.15
2017,official_transcript,data/unga_general_debate_verbatim_en/UNGA72_2017/A_72_PV_16_EN.pdf,4fa96126ecccd12e81dee6ebc491df35dbe97d99b64e332f0e97e17e7d998294,True,A/72/PV.16
2017,official_transcript,data/unga_general_debate_verbatim_en/UNGA72_2017/A_72_PV_17_EN.pdf,1f34eb6d2d4a7fe53ab4dbbb6011c9fea0cc69345ec33e96a4b926241eb33208,True,A/72/PV.17
2017,official_transcript,data/unga_general_debate_verbatim_en/UNGA72_2017/A_72_PV_18_EN.pdf,c4f23240a233773c94a9445b01800b2b6a91e79cf9b4fc397ef84a94641545ae,True,A/72/PV.18
2017,official_transcript,data/unga_general_debate_verbatim_en/UNGA72_2017/A_72_PV_19_EN.pdf,384f8e9d704a861e12fd2527e64f06f7ce21cd20abef103c4092f5876c6a261b,True,A/72/PV.19
2017,official_transcript,data/unga_general_debate_verbatim_en/UNGA72_2017/A_72_PV_20_EN.pdf,2cff8bf4a2563e7a15d394b3bb54fdf5fa5a6fe6395174d2bed3d82e19129418,True,A/72/PV.20
2017,official_transcript,data/unga_general_debate_verbatim_en/UNGA72_2017/A_72_PV_21_EN.pdf,75c648ea8f804f9786bfce2b99424a8b6b068835e4a9ddd4a94e06d13947c7ce,True,A/72/PV.21
2017,official_transcript,data/unga_general_debate_verbatim_en/UNGA72_2017/A_72_PV_22_EN.pdf,d763870ea556611be4633730e6d1b4bca04b894abc89aa4af108a9621cc4054a,True,A/72/PV.22
2017,official_transcript,data/unga_general_debate_verbatim_en/UNGA72_2017/A_72_PV_23_EN.pdf,2a96f110ae9468cc702a99da1f02dd7ee21256eb531839824f474d47fdda270d,True,A/72/PV.23
2017,official_transcript,data/unga_general_debate_verbatim_en/UNGA72_2017/A_72_PV_3_EN.pdf,fcf32705ba414b3422a398cd13adc8315b50f7bee6f79936355402ca54c3646f,True,A/72/PV.3
2017,official_transcript,data/unga_general_debate_verbatim_en/UNGA72_2017/A_72_PV_4_EN.pdf,acf47de6a67638234f6db85b8b4db22af3e5f2d32b1a3a8324c32f0aedaa18cf,True,A/72/PV.4
2017,official_transcript,data/unga_general_debate_verbatim_en/UNGA72_2017/A_72_PV_5_EN.pdf,c1a8099b0cc0f14b8402eb3d0af3e3be9971596aff37e2fcfad56953de320c4b,True,A/72/PV.5
2017,official_transcript,data/unga_general_debate_verbatim_en/UNGA72_2017/A_72_PV_6_EN.pdf,a0f5dc810e51bc5bee07ff6b0863e667bd9c2166d453fa0960da6cb6db1f323c,True,A/72/PV.6
2017,official_transcript,data/unga_general_debate_verbatim_en/UNGA72_2017/A_72_PV_7_EN.pdf,4c6b9e4462e1bf2bff30dc7f8761a4c7344fe18d4c03abac082898261a4b3990,True,A/72/PV.7
2017,official_transcript,data/unga_general_debate_verbatim_en/UNGA72_2017/A_72_PV_8_EN.pdf,056899d2f3c2d368457bb899c4e33509ac2cbda314914e8cf594b0a9bfc76515,True,A/72/PV.8
2017,official_transcript,data/unga_general_debate_verbatim_en/UNGA72_2017/A_72_PV_9_EN.pdf,6ee7b14e703f8c82c6ce1db7b81fbb5ca60c3a37d82bce2bfe376adec25154e3,True,A/72/PV.9
2018,official_transcript,data/unga_general_debate_verbatim_en/UNGA73_2018/A_73_PV_10_EN.pdf,573d6331164f38883635794ace15161471808e8d83ebd44bb886fc375387f640,True,A/73/PV.10
2018,official_transcript,data/unga_general_debate_verbatim_en/UNGA73_2018/A_73_PV_11_EN.pdf,0ca2b9eca6f092b3cedf7879088e68eb23f2efb43d7c4f1a01b4052210fe29a8,True,A/73/PV.11
2018,official_transcript,data/unga_general_debate_verbatim_en/UNGA73_2018/A_73_PV_12_EN.pdf,4ca1ae60ca174d6fcaeaa4f90758bba25e9394635bc8e9f6d3c721eebebc9cff,True,A/73/PV.12
2018,official_transcript,data/unga_general_debate_verbatim_en/UNGA73_2018/A_73_PV_13_EN.pdf,bee5021f864944e8fbcb5f1caa486099e0e967ed44671607cfbdc6fc70760a85,True,A/73/PV.13
2018,official_transcript,data/unga_general_debate_verbatim_en/UNGA73_2018/A_73_PV_14_EN.pdf,5bd11ab11a1c9b32d739acefaecd5bb42199a4942edb13232f94412d9537a08d,True,A/73/PV.14
2018,official_transcript,data/unga_general_debate_verbatim_en/UNGA73_2018/A_73_PV_15_EN.pdf,dbc258bd6d7eee57d10b7b1ab104fc0500a46fbe16a9f6d92888f483aa3d07b8,True,A/73/PV.15
2018,official_transcript,data/unga_general_debate_verbatim_en/UNGA73_2018/A_73_PV_16_EN.pdf,7a7d00be318da3ef46fedefa854bf3152e9a58c4bbb5962ff4dc59b2486fde22,True,A/73/PV.16
2018,official_transcript,data/unga_general_debate_verbatim_en/UNGA73_2018/A_73_PV_6_EN.pdf,0d19bc185bd925da8c7cc705f186579a808d400512d58b233fdeb4c137de6174,True,A/73/PV.6
2018,official_transcript,data/unga_general_debate_verbatim_en/UNGA73_2018/A_73_PV_7_EN.pdf,628e319a68eb7d0aa91d2d0b5a2812addf2e53f1173812244d276e1ea5f214e7,True,A/73/PV.7
2018,official_transcript,data/unga_general_debate_verbatim_en/UNGA73_2018/A_73_PV_8_EN.pdf,9e8483269365a2505d8f4b2bd8163408c17696bbe5ca6f0553f43c94d9216ce6,True,A/73/PV.8
2018,official_transcript,data/unga_general_debate_verbatim_en/UNGA73_2018/A_73_PV_9_EN.pdf,356c52bc333525b2c6b45536a5ed2f8c9754e62c5809c0cc74b330c6b6076029,True,A/73/PV.9
2019,official_transcript,data/unga_general_debate_verbatim_en/UNGA74_2019/A_74_PV_10_EN.pdf,88ed4df3b02c371d48f3163acba1ad2746907600f9c94f6fb58c06831100ad98,True,A/74/PV.10
2019,official_transcript,data/unga_general_debate_verbatim_en/UNGA74_2019/A_74_PV_11_EN.pdf,f8cc1b610b883a9fb3b521f5d32c4480f99cd45371aacd4dd70996ef413cac4b,True,A/74/PV.11
2019,official_transcript,data/unga_general_debate_verbatim_en/UNGA74_2019/A_74_PV_12_EN.pdf,f75095d47cd77df09e3fd99077536957162f790887fe71f77d171f2d4e67e800,True,A/74/PV.12
2019,official_transcript,data/unga_general_debate_verbatim_en/UNGA74_2019/A_74_PV_13_EN.pdf,4e9d3ca54aabab6ce7d9e0ce67564b0740d6e30dab1ec13c1cc6c6acb5c80276,True,A/74/PV.13
2019,official_transcript,data/unga_general_debate_verbatim_en/UNGA74_2019/A_74_PV_3_EN.pdf,6be031612fdcc26dc8f49904bf83cb7ee8841b53bbb6bfeeba635c72d13836ce,True,A/74/PV.3
2019,official_transcript,data/unga_general_debate_verbatim_en/UNGA74_2019/A_74_PV_4_EN.pdf,032003364b25c638af68243901e6a99597c6c21353ee334e999b2d1c592cba12,True,A/74/PV.4
2019,official_transcript,data/unga_general_debate_verbatim_en/UNGA74_2019/A_74_PV_5_EN.pdf,a1b866787b90399f4b9f5c0a19794aa9ccd79ebfb495a22ee2ef51fba630742e,True,A/74/PV.5
2019,official_transcript,data/unga_general_debate_verbatim_en/UNGA74_2019/A_74_PV_6_EN.pdf,654a774c7b29be8c3551740aa05caffcfec07b7756fe98938c34aef24dbd16e0,True,A/74/PV.6
2019,official_transcript,data/unga_general_debate_verbatim_en/UNGA74_2019/A_74_PV_7_EN.pdf,e56d48c1911ccb323ca0b5a8a561c4f07466365fb68b554e99ed607af386787a,True,A/74/PV.7
2019,official_transcript,data/unga_general_debate_verbatim_en/UNGA74_2019/A_74_PV_8_EN.pdf,49356bc5dde384d1dfff49ef6dfe268547a44ce0ad712f402f288656dd61b55c,True,A/74/PV.8
2019,official_transcript,data/unga_general_debate_verbatim_en/UNGA74_2019/A_74_PV_9_EN.pdf,ec279c92ab4cdadb4c670b04e9e8da42b124f198a03ac10fb05510170746ada6,True,A/74/PV.9
2020,official_transcript,data/unga_general_debate_verbatim_en/UNGA75_2020/A_75_PV_10_EN.pdf,4ebd1482c4303c824ad48eb685efaf89fed2894ca72a07a4546eec9edcae78f0,True,A/75/PV.10
2020,official_transcript,data/unga_general_debate_verbatim_en/UNGA75_2020/A_75_PV_11_EN.pdf,9343e243edfd90d8ab5cca63dd07d1ee1885bde0fd50e54bfee8ad43acb5acd4,True,A/75/PV.11
2020,official_transcript,data/unga_general_debate_verbatim_en/UNGA75_2020/A_75_PV_12_EN.pdf,02248a51f518d0116723c07fb1dde07ce3b31db7462691932e640e6cdd4cc44f,True,A/75/PV.12
2020,official_transcript,data/unga_general_debate_verbatim_en/UNGA75_2020/A_75_PV_13_EN.pdf,7905d4d6a4721e0e76e757b7f80555ebe7470da17251d8a77ff48f3d221b3323,True,A/75/PV.13
2020,official_transcript,data/unga_general_debate_verbatim_en/UNGA75_2020/A_75_PV_14_EN.pdf,54be4c19df20cc0d16e3e46224626e609dc8d88a8add2c3ec30c43b3f3e794d6,True,A/75/PV.14
2020,official_transcript,data/unga_general_debate_verbatim_en/UNGA75_2020/A_75_PV_15_EN.pdf,c79a2e0cc430cc6066a42a5bc3c023e113a0c1076ee772af762b7e266503508c,True,A/75/PV.15
2020,official_transcript,data/unga_general_debate_verbatim_en/UNGA75_2020/A_75_PV_4_EN.pdf,b5d97e2353c826473f7faf088cbc240717fe77f9dd7c2cb8dd0a4a118b067ed1,True,A/75/PV.4
2020,official_transcript,data/unga_general_debate_verbatim_en/UNGA75_2020/A_75_PV_5_EN.pdf,d3884cd07e163b89261fbf222f79dadfbc8eb739192ab20f5994843bd424d6a3,True,A/75/PV.5
2020,official_transcript,data/unga_general_debate_verbatim_en/UNGA75_2020/A_75_PV_6_EN.pdf,c2dfa64210d1f2767473a03e76b43e4397ebec37e01faffec7edd4f6b3f84f69,True,A/75/PV.6
2020,official_transcript,data/unga_general_debate_verbatim_en/UNGA75_2020/A_75_PV_7_EN.pdf,a7a634ede6fca03fbbe23ab5178dfaccc566b27946d7bbb6253e4c045d2073c4,True,A/75/PV.7
2020,official_transcript,data/unga_general_debate_verbatim_en/UNGA75_2020/A_75_PV_8_EN.pdf,5f6224f3b8d56c8f624f623aab70fbb09975f0d4aac19f5a67ee401a89ce31a1,True,A/75/PV.8
2020,official_transcript,data/unga_general_debate_verbatim_en/UNGA75_2020/A_75_PV_9_EN.pdf,6a625113d308e35fd5dd07b49117c7d56187d4dc35c9fd483afa28f02b3f2b17,True,A/75/PV.9
2021,official_transcript,data/unga_general_debate_verbatim_en/UNGA76_2021/A_76_PV_10_EN.pdf,9dc29a7aa6df14c150af329f9592529390dc287f82cb52c329dd8999a63936dc,True,A/76/PV.10
2021,official_transcript,data/unga_general_debate_verbatim_en/UNGA76_2021/A_76_PV_11_EN.pdf,9aade0325afc41e39f1044fdf658ba9ae85b3fb1760fc63dd262e041985ca7b2,True,A/76/PV.11
2021,official_transcript,data/unga_general_debate_verbatim_en/UNGA76_2021/A_76_PV_12_EN.pdf,84a24ce11c8ec58143ad429e9d5f570746d49340c91480cb604ba571ce39d2f9,True,A/76/PV.12
2021,official_transcript,data/unga_general_debate_verbatim_en/UNGA76_2021/A_76_PV_13_EN.pdf,e76c9a1ac9e1bd3df98cfbdae89d1bed015df07ae3eb976cd62a142397d2acdc,True,A/76/PV.13
2021,official_transcript,data/unga_general_debate_verbatim_en/UNGA76_2021/A_76_PV_14_EN.pdf,a28795c9ea4baa9d04c62d07e72b90c5fb67490e25d751d51230b3d8d5df26c5,True,A/76/PV.14
2021,official_transcript,data/unga_general_debate_verbatim_en/UNGA76_2021/A_76_PV_15_EN.pdf,39645c588387f6a78b65218a927a0019c15904d9acf8cddbd258e2b80dfa5a52,True,A/76/PV.15
2021,official_transcript,data/unga_general_debate_verbatim_en/UNGA76_2021/A_76_PV_16_EN.pdf,47635fcfb236036944bbc0df304578baf672534e815ae24e2f7de99f4188c037,True,A/76/PV.16
2021,official_transcript,data/unga_general_debate_verbatim_en/UNGA76_2021/A_76_PV_17_EN.pdf,b3ebe51b5418b5b8767489a9dece4c91adb4212c888a1a0a9f44d35cfac8d4f9,True,A/76/PV.17
2021,official_transcript,data/unga_general_debate_verbatim_en/UNGA76_2021/A_76_PV_3_EN.pdf,fdafbedc4be4b34e21502d4597afb55858a30360a1b52d54cc39fd48b060d075,True,A/76/PV.3
2021,official_transcript,data/unga_general_debate_verbatim_en/UNGA76_2021/A_76_PV_4_EN.pdf,082b55bb5f3874a905ce88927cc0e6dbe51bde0664418124fc4251c19cd52e14,True,A/76/PV.4
2021,official_transcript,data/unga_general_debate_verbatim_en/UNGA76_2021/A_76_PV_5_EN.pdf,58739af7d93012b5e02de98b2fca98aa5a52850f8d4022994079f9016c1f1d17,False,A/76/PV.5; Durban anniversary
2021,official_transcript,data/unga_general_debate_verbatim_en/UNGA76_2021/A_76_PV_6_EN.pdf,f4564dbc877a29543d19ab67d0fb5d7b4ea1b7a63114130b01705cfc38d10b58,True,A/76/PV.6
2021,official_transcript,data/unga_general_debate_verbatim_en/UNGA76_2021/A_76_PV_7_EN.pdf,d1032b47b876f0fcc9a2ced4a8e950779db213577fd5492948ea9fd17e23f3f1,True,A/76/PV.7
2021,official_transcript,data/unga_general_debate_verbatim_en/UNGA76_2021/A_76_PV_8_EN.pdf,5ee8913f2574c39126d6f74d81269750814302e04953c5b49146ede10da51886,False,A/76/PV.8; Durban anniversary
2021,official_transcript,data/unga_general_debate_verbatim_en/UNGA76_2021/A_76_PV_9_EN.pdf,440d0980685aea4be536518a645c064f16e0888fafd1bcea3d9874f4ad10b690,True,A/76/PV.9
2022,official_transcript,data/unga_general_debate_verbatim_en/UNGA77_2022/A_77_PV_10_EN.pdf,7a76faabd1c70112cde13c67b001dbabe050cb725ab03793d00a5cf1046dcdbe,True,A/77/PV.10
2022,official_transcript,data/unga_general_debate_verbatim_en/UNGA77_2022/A_77_PV_11_EN.pdf,27ed6244abcbea8fb2f1ee54e9616286c1fe4771f284d2bfe3aa59d391a1f2c5,True,A/77/PV.11
2022,official_transcript,data/unga_general_debate_verbatim_en/UNGA77_2022/A_77_PV_12_EN.pdf,d3baada27b333650d4f981ccc61d592bca84eab7dc48b7a842a72c4183453466,True,A/77/PV.12
2022,official_transcript,data/unga_general_debate_verbatim_en/UNGA77_2022/A_77_PV_13_EN.pdf,437cbc27e89cea6ac676442c618cac7c5605b177e4581e1ab16b1391c5938784,True,A/77/PV.13
2022,official_transcript,data/unga_general_debate_verbatim_en/UNGA77_2022/A_77_PV_14_EN.pdf,86f65312edd3d29386d27c8df90ca284a40f73a293c1f6f99590f70d0e544f25,True,A/77/PV.14
2022,official_transcript,data/unga_general_debate_verbatim_en/UNGA77_2022/A_77_PV_4_EN.pdf,6fee172942a224c557fd34086d0d91eb0b10d0944552fe5d920a43b6a4661022,True,A/77/PV.4
2022,official_transcript,data/unga_general_debate_verbatim_en/UNGA77_2022/A_77_PV_5_EN.pdf,818c353887309a4c9ca88772fdbd52cfed09c1588403b5c434fcee7d5de00256,True,A/77/PV.5
2022,official_transcript,data/unga_general_debate_verbatim_en/UNGA77_2022/A_77_PV_6_EN.pdf,2f6d7b0914735e55ea9e6830396b85e93e4b08ae6ae8359a0c2c6629c2001206,True,A/77/PV.6
2022,official_transcript,data/unga_general_debate_verbatim_en/UNGA77_2022/A_77_PV_7_EN.pdf,d2739f8eb0ef4885fef731e7fa32c29111dc790f8a861f825854ab844b898cdf,True,A/77/PV.7
2022,official_transcript,data/unga_general_debate_verbatim_en/UNGA77_2022/A_77_PV_8_EN.pdf,3a0d694416182f66c2f4b3d53c9903d38ef74f35dcb6ea686f6f4474671e1d69,True,A/77/PV.8
2022,official_transcript,data/unga_general_debate_verbatim_en/UNGA77_2022/A_77_PV_9_EN.pdf,4b3d1b972f8cb6c2abb016140d505b4a40db9090749233bfedd935a29e20240e,True,A/77/PV.9
2023,official_transcript,data/unga_general_debate_verbatim_en/UNGA78_2023/A_78_PV_10_EN.pdf,d0c1970be1a8d9e32af5de45630952691679491dac03dde6ff3cc9e95d57241b,True,A/78/PV.10
2023,official_transcript,data/unga_general_debate_verbatim_en/UNGA78_2023/A_78_PV_11_EN.pdf,99050938438b0e47be9434b27e7ec03f0f9b4629073c2ce97192e7be8a777683,True,A/78/PV.11
2023,official_transcript,data/unga_general_debate_verbatim_en/UNGA78_2023/A_78_PV_12_EN.pdf,8a5c863a0816730949737fc85e998b59d86874d0a654ec37a3f6875d4883fcce,True,A/78/PV.12
2023,official_transcript,data/unga_general_debate_verbatim_en/UNGA78_2023/A_78_PV_13_EN.pdf,51b6ac0ad9a21dcba5d92dee1aff9660fc31246c408bd137b3900ed2f10106e6,True,A/78/PV.13
2023,official_transcript,data/unga_general_debate_verbatim_en/UNGA78_2023/A_78_PV_14_EN.pdf,f7777278ae6f972e5a5c51651b7e481ee10faf9348d2ce7dda837a88a7a15e7a,True,A/78/PV.14
2023,official_transcript,data/unga_general_debate_verbatim_en/UNGA78_2023/A_78_PV_4_EN.pdf,7d3798231c4cb9299d0d1e92884dad62f6cea2424ea4ffac8dc656079dbacd8f,True,A/78/PV.4
2023,official_transcript,data/unga_general_debate_verbatim_en/UNGA78_2023/A_78_PV_5_EN.pdf,1fd1f02bf9b81d164d370ceba895ce212a70768575600aa86413764e0570ea68,True,A/78/PV.5
2023,official_transcript,data/unga_general_debate_verbatim_en/UNGA78_2023/A_78_PV_6_EN.pdf,7ce5f607716aef003034d2e01017b7221ce26b4f1f9199fbfb39dcf983612ed9,True,A/78/PV.6
2023,official_transcript,data/unga_general_debate_verbatim_en/UNGA78_2023/A_78_PV_7_EN.pdf,007b3d8a13a8caa1ea16985b4ae596fbc00361eabf4c773945b30b6fc72a3418,True,A/78/PV.7
2023,official_transcript,data/unga_general_debate_verbatim_en/UNGA78_2023/A_78_PV_8_EN.pdf,375a75915075fb32fc11c3565ba78801a9badc8315967a5eed5fb117b8148a57,True,A/78/PV.8
2023,official_transcript,data/unga_general_debate_verbatim_en/UNGA78_2023/A_78_PV_9_EN.pdf,42bb219f4692027ea57a4115ba5ec73c30396fab2bbbbe90b288148cd96c7a67,True,A/78/PV.9
2024,official_transcript,data/unga_general_debate_verbatim_en/UNGA79_2024/A_79_PV_10_EN.pdf,9472969282aaac8e11ce1471c9c46362bae4f283fd60bc3a27319f945343bff1,True,A/79/PV.10
2024,official_transcript,data/unga_general_debate_verbatim_en/UNGA79_2024/A_79_PV_11_EN.pdf,44cfb42325ab66b605be4efc88813b549a990f826bf8fd9b29391bb340d208e8,True,A/79/PV.11
2024,official_transcript,data/unga_general_debate_verbatim_en/UNGA79_2024/A_79_PV_12_EN.pdf,f3d14b11bcb670ddaaaa9da1a4ca358e775e40c3cff1d7b495681ed94d424cfd,True,A/79/PV.12
2024,official_transcript,data/unga_general_debate_verbatim_en/UNGA79_2024/A_79_PV_13_EN.pdf,f42663e0353625c4dcc293fc3025389043d7b2f24ca9fe12972153508705ad08,True,A/79/PV.13
2024,official_transcript,data/unga_general_debate_verbatim_en/UNGA79_2024/A_79_PV_14_EN.pdf,cdadd6ed7d9eb38e7c388976c4e4f06dff256fa4091324cc6ff88aee120d0f85,True,A/79/PV.14
2024,official_transcript,data/unga_general_debate_verbatim_en/UNGA79_2024/A_79_PV_15_EN.pdf,6ff15314b74614c0fe93cc8d2f3fa0cd58911d47a409d84641882eaf51506497,True,A/79/PV.15
2024,official_transcript,data/unga_general_debate_verbatim_en/UNGA79_2024/A_79_PV_16_EN.pdf,e412788b9968b539f058bbce9a94951577015dc42ae9ff17641fb952d097f47c,True,A/79/PV.16
2024,official_transcript,data/unga_general_debate_verbatim_en/UNGA79_2024/A_79_PV_17_EN.pdf,a8eac9bd81a130db21655026eb112c19cede627742c0cfda798b2138879bba64,True,A/79/PV.17
2024,official_transcript,data/unga_general_debate_verbatim_en/UNGA79_2024/A_79_PV_7_EN.pdf,eff6a731e2d9c7be39bc34a750dc736ee3f55459cf89688342b8d3c85eaaf5e7,True,A/79/PV.7
2024,official_transcript,data/unga_general_debate_verbatim_en/UNGA79_2024/A_79_PV_8_EN.pdf,9ab16cd0669fb447411fb0683e4ea73ef5bf77dcaf8641316fc5545cb6147df6,True,A/79/PV.8
2024,official_transcript,data/unga_general_debate_verbatim_en/UNGA79_2024/A_79_PV_9_EN.pdf,c0a268bcba790f2c0e3282c91221c2e022039fffa71b2b9d294adb7f1190ef42,True,A/79/PV.9
2025,automatic_transcript,data/unga_general_debate_verbatim_en/automatic_transcripts_unofficial/UNGA2025_day1_EN_ASR.json,5da320ba84a5d192501cb7893f63224a5548c0b9b120751cd82e40dda077a448,True,user-confirmed primary; automated text accuracy unverified
2025,automatic_transcript,data/unga_general_debate_verbatim_en/automatic_transcripts_unofficial/UNGA2025_day2_EN_ASR.json,927288bea100aaf0c5a8e1048e8232dbbc03383fd1895cd4795d78e4afad6692,True,user-confirmed primary; automated text accuracy unverified
2025,automatic_transcript,data/unga_general_debate_verbatim_en/automatic_transcripts_unofficial/UNGA2025_day3_EN_ASR.json,829f77fca5d16e37ae2aa17a64e85b0d9afec84cf5fcddbd63b6170a9f3895e2,True,user-confirmed primary; automated text accuracy unverified
2025,automatic_transcript,data/unga_general_debate_verbatim_en/automatic_transcripts_unofficial/UNGA2025_day4_EN_ASR.json,c8692911ed43efa9b2a58a9bdc9039d775619b12c0dd3077dd97f9cf543a8821,True,user-confirmed primary; automated text accuracy unverified
2025,automatic_transcript,data/unga_general_debate_verbatim_en/automatic_transcripts_unofficial/UNGA2025_day5_EN_ASR.json,6af8373eabbece61df49527d7664a10b9d6b9b3122210c691c28246f80a54da8,True,user-confirmed primary; automated text accuracy unverified
2025,automatic_transcript,data/unga_general_debate_verbatim_en/automatic_transcripts_unofficial/UNGA2025_day6_EN_ASR.txt,3c968a55df31a753048ea8efa399250e7f23d2b308cd095ca2294abb2c657269,True,user-confirmed primary; automated text accuracy unverified
2026,automatic_transcript,data/unga_general_debate_verbatim_en/automatic_transcripts_unofficial/UNGA2026_day1_EN_ASR.json,c2ea4447e91a784516298f9c67597d8555c865e03b57840edc1644a8b924df75,True,user-confirmed primary; automated text accuracy unverified
2026,automatic_transcript,data/unga_general_debate_verbatim_en/automatic_transcripts_unofficial/UNGA2026_day2_EN_ASR.json,1d48a568967de80ba6f0e040bcda57d9df79e12a3e50907b327f1fa68aa29a92,True,user-confirmed primary; automated text accuracy unverified
2026,automatic_transcript,data/unga_general_debate_verbatim_en/automatic_transcripts_unofficial/UNGA2026_day3_EN_ASR.json,d811444b40ce3fed3c9e88fee705c2fb1f994316fa4f311bbb6c4cf20e9e7cae,True,user-confirmed primary; automated text accuracy unverified
2026,automatic_transcript,data/unga_general_debate_verbatim_en/automatic_transcripts_unofficial/UNGA2026_day4_EN_ASR.json,1c43e6b9024f9c46d1e134590e19b4bfa3567b0a9cac7c5f0a29794d0b9dd1a6,True,user-confirmed primary; automated text accuracy unverified
2026,automatic_transcript,data/unga_general_debate_verbatim_en/automatic_transcripts_unofficial/UNGA2026_day5_EN_ASR.json,d398da93960901552fb297f7a7361480c845b32c955d8b6e5e1d9e367d7e1eaa,True,user-confirmed primary; automated text accuracy unverified
