year,country_iso3,country,status
2019,UZB,Uzbekistan,not_obtained_or_no_main_address
2020,BRN,Brunei Darussalam,not_obtained_or_no_main_address
2020,MLI,Mali,not_obtained_or_no_main_address
2020,SSD,South Sudan,not_obtained_or_no_main_address
2021,AFG,Afghanistan,not_obtained_or_no_main_address
2021,MMR,Myanmar,not_obtained_or_no_main_address
2022,AFG,Afghanistan,not_obtained_or_no_main_address
2022,MMR,Myanmar,not_obtained_or_no_main_address
2022,STP,Sao Tome and Principe,not_obtained_or_no_main_address
2023,AFG,Afghanistan,not_obtained_or_no_main_address
2023,MDG,Madagascar,not_obtained_or_no_main_address
2023,MMR,Myanmar,not_obtained_or_no_main_address
2023,NER,Niger,not_obtained_or_no_main_address
2024,AFG,Afghanistan,not_obtained_or_no_main_address
2024,BRN,Brunei Darussalam,not_obtained_or_no_main_address
2024,MMR,Myanmar,not_obtained_or_no_main_address
2025,AFG,Afghanistan,not_obtained_or_no_main_address
2025,MMR,Myanmar,not_obtained_or_no_main_address
2025,SLV,El Salvador,not_obtained_or_no_main_address
2025,SYC,Seychelles,not_obtained_or_no_main_address
2026,AFG,Afghanistan,not_obtained_or_no_main_address
2026,ARE,United Arab Emirates,not_obtained_or_no_main_address
2026,ATG,Antigua and Barbuda,not_obtained_or_no_main_address
2026,BEN,Benin,not_obtained_or_no_main_address
2026,BFA,Burkina Faso,not_obtained_or_no_main_address
2026,COG,Congo,not_obtained_or_no_main_address
2026,CRI,Costa Rica,not_obtained_or_no_main_address
2026,DNK,Denmark,not_obtained_or_no_main_address
2026,DZA,Algeria,not_obtained_or_no_main_address
2026,ERI,Eritrea,not_obtained_or_no_main_address
2026,GRD,Grenada,not_obtained_or_no_main_address
2026,LKA,Sri Lanka,not_obtained_or_no_main_address
2026,MLI,Mali,not_obtained_or_no_main_address
2026,MMR,Myanmar,not_obtained_or_no_main_address
2026,MWI,Malawi,not_obtained_or_no_main_address
2026,NZL,New Zealand,not_obtained_or_no_main_address
2026,PRK,Democratic People's Republic of Korea,not_obtained_or_no_main_address
2026,SDN,Sudan,not_obtained_or_no_main_address
2026,SLV,El Salvador,not_obtained_or_no_main_address
2026,SSD,South Sudan,not_obtained_or_no_main_address
2026,TKM,Turkmenistan,not_obtained_or_no_main_address
2026,VUT,Vanuatu,not_obtained_or_no_main_address
