speech_id,country_iso3,filename,language,status,asr_5gram_coverage,pdf_5gram_coverage,pdf_words,asr_words,extraction_method,sha256,archive,archive_member,origin_ASR,review_note
2025_ALB,ALB,albania__al_al.pdf,al,non_English_statement,0.0,0.0,304,1601,native_pdf_extraction,8d818c405f943049040f0dd93b81e38d0c4cf119ad0ec1391acf0ec56be452b9,archive/retired_materials.zip,data/UNGA80_General_Debate_2025_statements/UNGA80_General_Debate_2025/albania__al_al.pdf,data/unga_general_debate_verbatim_en/automatic_transcripts_unofficial/UNGA2025_day2_EN_ASR.json,
2025_ALB,ALB,albania__al_en.pdf,en,unreadable_cached_extraction,0.0,0.0,97,1601,hash_verified_archived_extraction,0e4e41677b73c50117d42df944bea89531d1d039abb57eb996546dfc118b4219,archive/retired_materials.zip,data/UNGA80_General_Debate_2025_statements/UNGA80_General_Debate_2025/albania__al_en.pdf,data/unga_general_debate_verbatim_en/automatic_transcripts_unofficial/UNGA2025_day2_EN_ASR.json,Rendered PDF is English and dated 24/09/2025; font encoding corrupts native and archived extracted text. Do not interpret zero overlap as a content difference.
2025_DZA,DZA,algeria__dz_ar.pdf,ar,non_English_statement,0.0,0.0,1908,2180,hash_verified_archived_extraction,337f43ab2fc2156b71e2403378fd10710256204618b8f14c1a453f7749ccb87b,archive/retired_materials.zip,data/UNGA80_General_Debate_2025_statements/UNGA80_General_Debate_2025/algeria__dz_ar.pdf,data/unga_general_debate_verbatim_en/automatic_transcripts_unofficial/UNGA2025_day6_EN_ASR.txt,
2025_AND,AND,andorra__ad_en.pdf,en,English_comparison_available,0.7128,0.7196,2696,2708,hash_verified_archived_extraction,a225bab8b49c08e4367947e6d7e5633d4acd6e08a5c0c6fdbd3a929488f63cbe,archive/retired_materials.zip,data/UNGA80_General_Debate_2025_statements/UNGA80_General_Debate_2025/andorra__ad_en.pdf,data/unga_general_debate_verbatim_en/automatic_transcripts_unofficial/UNGA2025_day4_EN_ASR.json,
2025_AND,AND,andorra__ad_es.pdf,es,non_English_statement,0.0,0.0,0,2708,native_pdf_extraction,798f62b83854653a5d27a67272b15ddaa9a6d6af49399612d11630f9f88b36c1,archive/retired_materials.zip,data/UNGA80_General_Debate_2025_statements/UNGA80_General_Debate_2025/andorra__ad_es.pdf,data/unga_general_debate_verbatim_en/automatic_transcripts_unofficial/UNGA2025_day4_EN_ASR.json,
2025_AND,AND,andorra__ad_fl.pdf,fl,non_English_statement,0.0,0.0,0,2708,native_pdf_extraction,fdd959f41e464abb4d5f0f4710d454d0944fbe6add7066408e11d4c1d5743b70,archive/retired_materials.zip,data/UNGA80_General_Debate_2025_statements/UNGA80_General_Debate_2025/andorra__ad_fl.pdf,data/unga_general_debate_verbatim_en/automatic_transcripts_unofficial/UNGA2025_day4_EN_ASR.json,
2025_AND,AND,andorra__ad_fr.pdf,fr,non_English_statement,0.0,0.0,0,2708,native_pdf_extraction,78cc3ecc194e3e26375221e6e86f07d72129744121ee2740d84185351fddd7f3,archive/retired_materials.zip,data/UNGA80_General_Debate_2025_statements/UNGA80_General_Debate_2025/andorra__ad_fr.pdf,data/unga_general_debate_verbatim_en/automatic_transcripts_unofficial/UNGA2025_day4_EN_ASR.json,
2025_AGO,AGO,angola__ao_en.pdf,en,English_comparison_available,0.2171,0.2235,2751,2704,hash_verified_archived_extraction,ff500566988ab01078938acf05fa48616fd30acc53655b4b33f2bb1be08dd727,archive/retired_materials.zip,data/UNGA80_General_Debate_2025_statements/UNGA80_General_Debate_2025/angola__ao_en.pdf,data/unga_general_debate_verbatim_en/automatic_transcripts_unofficial/UNGA2025_day1_EN_ASR.json,
2025_ATG,ATG,antigua-and-barbuda__ag_en.pdf,en,English_comparison_available,0.7729,0.7932,2052,2099,hash_verified_archived_extraction,0d7f465c860579941f531932577458b30f8fc89549f9fc845be22a1735f5016b,archive/retired_materials.zip,data/UNGA80_General_Debate_2025_statements/UNGA80_General_Debate_2025/antigua-and-barbuda__ag_en.pdf,data/unga_general_debate_verbatim_en/automatic_transcripts_unofficial/UNGA2025_day4_EN_ASR.json,
2025_ARG,ARG,argentina__ar_es.pdf,es,non_English_statement,0.0,0.0,519,2807,hash_verified_archived_extraction,afad08ca5dcd2869aff11e4d5c298424b548970298ab66739f4d36479977da74,archive/retired_materials.zip,data/UNGA80_General_Debate_2025_statements/UNGA80_General_Debate_2025/argentina__ar_es.pdf,data/unga_general_debate_verbatim_en/automatic_transcripts_unofficial/UNGA2025_day2_EN_ASR.json,
2025_ARM,ARM,armenia__am_hy.pdf,hy,non_English_statement,0.8365,0.8332,4910,2839,hash_verified_archived_extraction,a733b629f82066f1e08882e5b0000b1787db713e549dbc8e828025946e76d42f,archive/retired_materials.zip,data/UNGA80_General_Debate_2025_statements/UNGA80_General_Debate_2025/armenia__am_hy.pdf,data/unga_general_debate_verbatim_en/automatic_transcripts_unofficial/UNGA2025_day5_EN_ASR.json,
2025_AUS,AUS,australia__au_en.pdf,en,English_comparison_available,0.9182,0.9082,2409,2365,hash_verified_archived_extraction,4a3116c3149e821d5d45439ef73547e793336f49e9aca9f127277f4e9fbff85d,archive/retired_materials.zip,data/UNGA80_General_Debate_2025_statements/UNGA80_General_Debate_2025/australia__au_en.pdf,data/unga_general_debate_verbatim_en/automatic_transcripts_unofficial/UNGA2025_day2_EN_ASR.json,
2025_AUT,AUT,austria__at_en.pdf,en,English_comparison_available,0.6633,0.7338,1264,1381,hash_verified_archived_extraction,68522dd71de12ba30ecc72a9abf877023364399cbdd37e7817f214fa8a15b08a,archive/retired_materials.zip,data/UNGA80_General_Debate_2025_statements/UNGA80_General_Debate_2025/austria__at_en.pdf,data/unga_general_debate_verbatim_en/automatic_transcripts_unofficial/UNGA2025_day3_EN_ASR.json,
2025_AZE,AZE,azerbaijan__az_en.pdf,en,English_comparison_available,0.8431,0.8171,1854,1796,hash_verified_archived_extraction,170ca4d14427560525f3d6b7a46e141a52397c6e606789c1a31ec8ea1502c3f9,archive/retired_materials.zip,data/UNGA80_General_Debate_2025_statements/UNGA80_General_Debate_2025/azerbaijan__az_en.pdf,data/unga_general_debate_verbatim_en/automatic_transcripts_unofficial/UNGA2025_day3_EN_ASR.json,
2025_BHS,BHS,bahamas__bs_en.pdf,en,English_comparison_available,0.7937,0.7681,1695,1647,hash_verified_archived_extraction,ee242e842730117eb7ac6155404faad46ecac7a0b84462b2572c5f3ee64d01d7,archive/retired_materials.zip,data/UNGA80_General_Debate_2025_statements/UNGA80_General_Debate_2025/bahamas__bs_en.pdf,data/unga_general_debate_verbatim_en/automatic_transcripts_unofficial/UNGA2025_day5_EN_ASR.json,
2025_BHR,BHR,bahrain__bh_ar.pdf,ar,non_English_statement,0.0,0.0,1495,2020,native_pdf_extraction,75b9a906b2f2068a78b377708d65a3d57c1d317a6931d33f58ee1331f10c35b8,archive/retired_materials.zip,data/UNGA80_General_Debate_2025_statements/UNGA80_General_Debate_2025/bahrain__bh_ar.pdf,data/unga_general_debate_verbatim_en/automatic_transcripts_unofficial/UNGA2025_day4_EN_ASR.json,
2025_BHR,BHR,bahrain__bh_en.pdf,en,English_comparison_available,0.6411,0.6682,1947,2020,hash_verified_archived_extraction,be70568684f4f58893f4c1f039b2d6c992a38e848d72b748e94de0274645cc4e,archive/retired_materials.zip,data/UNGA80_General_Debate_2025_statements/UNGA80_General_Debate_2025/bahrain__bh_en.pdf,data/unga_general_debate_verbatim_en/automatic_transcripts_unofficial/UNGA2025_day4_EN_ASR.json,
2025_BGD,BGD,bangladesh__bd_fl.pdf,fl,non_English_statement,0.0,0.0,4197,4622,hash_verified_archived_extraction,bf1b1ea96e377f384b92c5af1075cdada1334d3af0dc8239aba6fd83458bfa11,archive/retired_materials.zip,data/UNGA80_General_Debate_2025_statements/UNGA80_General_Debate_2025/bangladesh__bd_fl.pdf,data/unga_general_debate_verbatim_en/automatic_transcripts_unofficial/UNGA2025_day4_EN_ASR.json,
2025_BRB,BRB,barbados__bb_en.pdf,en,English_comparison_available,0.4464,0.5539,3222,3975,hash_verified_archived_extraction,4d1dbfeb4f66d07b00a4060c648ff5889a5765202050b4b8cddd654f5c755f33,archive/retired_materials.zip,data/UNGA80_General_Debate_2025_statements/UNGA80_General_Debate_2025/barbados__bb_en.pdf,data/unga_general_debate_verbatim_en/automatic_transcripts_unofficial/UNGA2025_day4_EN_ASR.json,
2025_BLR,BLR,belarus__by_ru.pdf,ru,non_English_statement,0.0014,0.0862,2502,3514,hash_verified_archived_extraction,9625dd153872207d3b7b565f503ca46dc3929ddbc9922c0ab31c7c7c81f64460,archive/retired_materials.zip,data/UNGA80_General_Debate_2025_statements/UNGA80_General_Debate_2025/belarus__by_ru.pdf,data/unga_general_debate_verbatim_en/automatic_transcripts_unofficial/UNGA2025_day5_EN_ASR.json,
2025_BEL,BEL,belgium__be_en.pdf,en,English_comparison_available,0.8269,0.7468,944,777,hash_verified_archived_extraction,d96ac7be8e430900d602e68ebef64e1c6723755c7bf616e6fdb46c24fa736418,archive/retired_materials.zip,data/UNGA80_General_Debate_2025_statements/UNGA80_General_Debate_2025/belgium__be_en.pdf,data/unga_general_debate_verbatim_en/automatic_transcripts_unofficial/UNGA2025_day3_EN_ASR.json,
2025_BLZ,BLZ,belize__bz_en.pdf,en,English_comparison_available,0.8596,0.8384,1955,1928,hash_verified_archived_extraction,d0cf622b85014ff26db5d1c271998a92a61fcfb4d05694bb8056cc4c66454e67,archive/retired_materials.zip,data/UNGA80_General_Debate_2025_statements/UNGA80_General_Debate_2025/belize__bz_en.pdf,data/unga_general_debate_verbatim_en/automatic_transcripts_unofficial/UNGA2025_day4_EN_ASR.json,
2025_BEN,BEN,benin__bj_fr.pdf,fr,non_English_statement,0.0,0.0,2188,1980,hash_verified_archived_extraction,d1e06044201a265fa3fd46f24ab0de158e168f9a1f97d7236ce6b013560125bf,archive/retired_materials.zip,data/UNGA80_General_Debate_2025_statements/UNGA80_General_Debate_2025/benin__bj_fr.pdf,data/unga_general_debate_verbatim_en/automatic_transcripts_unofficial/UNGA2025_day6_EN_ASR.txt,
2025_BTN,BTN,bhutan__bt_en.pdf,en,English_comparison_available,0.7422,0.7444,1366,1343,hash_verified_archived_extraction,11a7a2ee64c492d769a0936eebae831015d5a677009e961634dd5fbcc82d2fb9,archive/retired_materials.zip,data/UNGA80_General_Debate_2025_statements/UNGA80_General_Debate_2025/bhutan__bt_en.pdf,data/unga_general_debate_verbatim_en/automatic_transcripts_unofficial/UNGA2025_day4_EN_ASR.json,
2025_BIH,BIH,bosnia-and-herzegovina__ba_fl.pdf,fl,non_English_statement,0.0,0.0,2911,3418,hash_verified_archived_extraction,eb80826e2201be87bbcb49fe6ec19fc0fd1246bc5422948745080873de1918c3,archive/retired_materials.zip,data/UNGA80_General_Debate_2025_statements/UNGA80_General_Debate_2025/bosnia-and-herzegovina__ba_fl.pdf,data/unga_general_debate_verbatim_en/automatic_transcripts_unofficial/UNGA2025_day3_EN_ASR.json,
2025_BWA,BWA,botswana__bw_en.pdf,en,English_comparison_available,0.8209,0.7845,989,944,hash_verified_archived_extraction,fd46c2ecaf3e2202b2358e593f953f3329baaec571809dbeb5896e8e6b53d9b3,archive/retired_materials.zip,data/UNGA80_General_Debate_2025_statements/UNGA80_General_Debate_2025/botswana__bw_en.pdf,data/unga_general_debate_verbatim_en/automatic_transcripts_unofficial/UNGA2025_day3_EN_ASR.json,
2025_BRA,BRA,brazil__br_pt.pdf,pt,non_English_statement,0.0,0.0,1869,1828,hash_verified_archived_extraction,b9a7b95440d600142536b9b4afc3842ce9e2d691f5bc1dc5d54605671e829f3d,archive/retired_materials.zip,data/UNGA80_General_Debate_2025_statements/UNGA80_General_Debate_2025/brazil__br_pt.pdf,data/unga_general_debate_verbatim_en/automatic_transcripts_unofficial/UNGA2025_day1_EN_ASR.json,
2025_BRN,BRN,brunei-darussalam__bn_en.pdf,en,English_comparison_available,0.8355,0.78,1402,1301,hash_verified_archived_extraction,3fc51c5b58682a7a580fa660d5546b389f621e0a0258524ec6a7a88ad31ce042,archive/retired_materials.zip,data/UNGA80_General_Debate_2025_statements/UNGA80_General_Debate_2025/brunei-darussalam__bn_en.pdf,data/unga_general_debate_verbatim_en/automatic_transcripts_unofficial/UNGA2025_day5_EN_ASR.json,
2025_BGR,BGR,bulgaria__bg_en.pdf,en,English_comparison_available,0.8095,0.7616,1692,1557,hash_verified_archived_extraction,67ddb7b1901185067d5c6cd120a6ad6fca5b13df1a97c9b5b697735f16dc0fa8,archive/retired_materials.zip,data/UNGA80_General_Debate_2025_statements/UNGA80_General_Debate_2025/bulgaria__bg_en.pdf,data/unga_general_debate_verbatim_en/automatic_transcripts_unofficial/UNGA2025_day4_EN_ASR.json,
2025_BFA,BFA,burkina-faso__bf_fr.pdf,fr,non_English_statement,0.0,0.0,2816,2860,hash_verified_archived_extraction,6ed537be2f8b0915a96833dbe9fe02b5d0dfa5d8e1471740ca20a9dab525ce64,archive/retired_materials.zip,data/UNGA80_General_Debate_2025_statements/UNGA80_General_Debate_2025/burkina-faso__bf_fr.pdf,data/unga_general_debate_verbatim_en/automatic_transcripts_unofficial/UNGA2025_day5_EN_ASR.json,
2025_BDI,BDI,burundi__bi_fr.pdf,fr,non_English_statement,0.0,0.0,1865,1672,hash_verified_archived_extraction,9043fc280f3fd800fe31ea49d118cb0cfefbaf58b4390db4776723181f804462,archive/retired_materials.zip,data/UNGA80_General_Debate_2025_statements/UNGA80_General_Debate_2025/burundi__bi_fr.pdf,data/unga_general_debate_verbatim_en/automatic_transcripts_unofficial/UNGA2025_day6_EN_ASR.txt,
2025_CPV,CPV,cabo-verde__cv_en.pdf,en,English_comparison_available,0.7872,0.69,1144,996,hash_verified_archived_extraction,66c62c8b67144d73829309be9899b9428479fb130e399af8048b3e7a24f7e4b9,archive/retired_materials.zip,data/UNGA80_General_Debate_2025_statements/UNGA80_General_Debate_2025/cabo-verde__cv_en.pdf,data/unga_general_debate_verbatim_en/automatic_transcripts_unofficial/UNGA2025_day4_EN_ASR.json,
2025_KHM,KHM,cambodia__kh_fl.pdf,fl,non_English_statement,0.5699,0.527,1718,1631,hash_verified_archived_extraction,e2aca7d267a13bb43c78bbe3fe3d839c782c9ee4eb7b3527438465a22263bee5,archive/retired_materials.zip,data/UNGA80_General_Debate_2025_statements/UNGA80_General_Debate_2025/cambodia__kh_fl.pdf,data/unga_general_debate_verbatim_en/automatic_transcripts_unofficial/UNGA2025_day5_EN_ASR.json,
2025_CMR,CMR,cameroon__cm_fr.pdf,fr,non_English_statement,0.0,0.0,2001,1685,hash_verified_archived_extraction,a66bee463954790fb91f6f6a730153e66dd3611a21656e48a3dede5e76cc8b78,archive/retired_materials.zip,data/UNGA80_General_Debate_2025_statements/UNGA80_General_Debate_2025/cameroon__cm_fr.pdf,data/unga_general_debate_verbatim_en/automatic_transcripts_unofficial/UNGA2025_day3_EN_ASR.json,
2025_CAF,CAF,central-african-republic__cf_fr.pdf,fr,non_English_statement,0.0,0.0,2344,2325,hash_verified_archived_extraction,e3f30b424a16c09b7488bab41b9c7c7238f2908f06ca3420ccb4650368a908a7,archive/retired_materials.zip,data/UNGA80_General_Debate_2025_statements/UNGA80_General_Debate_2025/central-african-republic__cf_fr.pdf,data/unga_general_debate_verbatim_en/automatic_transcripts_unofficial/UNGA2025_day2_EN_ASR.json,
2025_TCD,TCD,chad__td_fr.pdf,fr,non_English_statement,0.0003,0.0002,3758,3506,hash_verified_archived_extraction,93308851e13728945ea91ab7e6243260ea6545293c77bdffc883d27d80b17686,archive/retired_materials.zip,data/UNGA80_General_Debate_2025_statements/UNGA80_General_Debate_2025/chad__td_fr.pdf,data/unga_general_debate_verbatim_en/automatic_transcripts_unofficial/UNGA2025_day3_EN_ASR.json,
2025_CHL,CHL,chile__cl_es.pdf,es,non_English_statement,0.0,0.0,2613,2965,hash_verified_archived_extraction,ac50cbe40c84d8c0a2d49fd8e554c800c04b9947271b7529b3e9ab84bfc292a4,archive/retired_materials.zip,data/UNGA80_General_Debate_2025_statements/UNGA80_General_Debate_2025/chile__cl_es.pdf,data/unga_general_debate_verbatim_en/automatic_transcripts_unofficial/UNGA2025_day1_EN_ASR.json,
2025_CHN,CHN,china__cn_en.pdf,en,English_comparison_available,0.8628,0.6654,2419,1882,hash_verified_archived_extraction,5053018117c7ef10f94743bb9c9f6ff82209b5c95f432e5d6437e7a93f0fa8ab,archive/retired_materials.zip,data/UNGA80_General_Debate_2025_statements/UNGA80_General_Debate_2025/china__cn_en.pdf,data/unga_general_debate_verbatim_en/automatic_transcripts_unofficial/UNGA2025_day4_EN_ASR.json,
2025_COL,COL,colombia__co_es.pdf,es,non_English_statement,0.0,0.0,4857,4102,hash_verified_archived_extraction,55349729867d294289cf918e1a41705eb7591448c1efc5453c8e4c9a1cb64b20,archive/retired_materials.zip,data/UNGA80_General_Debate_2025_statements/UNGA80_General_Debate_2025/colombia__co_es.pdf,data/unga_general_debate_verbatim_en/automatic_transcripts_unofficial/UNGA2025_day1_EN_ASR.json,
2025_COM,COM,comoros__km_fr.pdf,fr,non_English_statement,0.0,0.0,1969,1934,hash_verified_archived_extraction,25ca1f4fdf3f4d3b893f7f8bc4ffa26d602276f96c343fb35deaee943b1929cc,archive/retired_materials.zip,data/UNGA80_General_Debate_2025_statements/UNGA80_General_Debate_2025/comoros__km_fr.pdf,data/unga_general_debate_verbatim_en/automatic_transcripts_unofficial/UNGA2025_day2_EN_ASR.json,
2025_COG,COG,congo__cg_fr.pdf,fr,non_English_statement,0.0,0.0,1719,1556,hash_verified_archived_extraction,7d0f487371ff52542a7d46372ce74def4b78fc161df2daa7175c07259173aa79,archive/retired_materials.zip,data/UNGA80_General_Debate_2025_statements/UNGA80_General_Debate_2025/congo__cg_fr.pdf,data/unga_general_debate_verbatim_en/automatic_transcripts_unofficial/UNGA2025_day2_EN_ASR.json,
2025_CRI,CRI,costa-rica__cr_fl.pdf,fl,non_English_statement,0.384,0.178,3480,1701,hash_verified_archived_extraction,92059db66b4db3eb79a47f669a8284d56951d9881d26c6b71bad104979fee322,archive/retired_materials.zip,data/UNGA80_General_Debate_2025_statements/UNGA80_General_Debate_2025/costa-rica__cr_fl.pdf,data/unga_general_debate_verbatim_en/automatic_transcripts_unofficial/UNGA2025_day2_EN_ASR.json,
2025_CIV,CIV,cote-divoire__ci_fr_0.pdf,fr,non_English_statement,0.0,0.0,2098,1958,hash_verified_archived_extraction,d2e5127d91cbc5527fb696d19fa7e493b4c613ee0c638e002cfd0d0ef250dff2,archive/retired_materials.zip,data/UNGA80_General_Debate_2025_statements/UNGA80_General_Debate_2025/cote-divoire__ci_fr_0.pdf,data/unga_general_debate_verbatim_en/automatic_transcripts_unofficial/UNGA2025_day4_EN_ASR.json,
2025_HRV,HRV,croatia__hr_en.pdf,en,English_comparison_available,0.763,0.7391,1824,1775,hash_verified_archived_extraction,82e2dc80b2e9364445fce0f4366384fdde3d816fddde9c6ba740bc384310b96b,archive/retired_materials.zip,data/UNGA80_General_Debate_2025_statements/UNGA80_General_Debate_2025/croatia__hr_en.pdf,data/unga_general_debate_verbatim_en/automatic_transcripts_unofficial/UNGA2025_day2_EN_ASR.json,
2025_CUB,CUB,cuba__cu_en.pdf,en,English_comparison_available,0.2651,0.2639,2714,2702,hash_verified_archived_extraction,6d82587132404ac71fe1fb21b6f1959e809321256c0db4a9eaf91d1ce32ad99c,archive/retired_materials.zip,data/UNGA80_General_Debate_2025_statements/UNGA80_General_Debate_2025/cuba__cu_en.pdf,data/unga_general_debate_verbatim_en/automatic_transcripts_unofficial/UNGA2025_day5_EN_ASR.json,
2025_CUB,CUB,cuba__cu_es.pdf,es,non_English_statement,0.0,0.0,2756,2702,native_pdf_extraction,494fc2a18ff9a4e01a27b8ad5a553d6aea432e22d3768ba38cc0240eb128b16e,archive/retired_materials.zip,data/UNGA80_General_Debate_2025_statements/UNGA80_General_Debate_2025/cuba__cu_es.pdf,data/unga_general_debate_verbatim_en/automatic_transcripts_unofficial/UNGA2025_day5_EN_ASR.json,
2025_CYP,CYP,cyprus__cy_el.pdf,el,non_English_statement,0.0,0.0,140,1929,native_pdf_extraction,8e8ad7d8d3c193edc8b7c963ed022c41ae0fb83e7b402fa0f09fcd59bdd25a1d,archive/retired_materials.zip,data/UNGA80_General_Debate_2025_statements/UNGA80_General_Debate_2025/cyprus__cy_el.pdf,data/unga_general_debate_verbatim_en/automatic_transcripts_unofficial/UNGA2025_day2_EN_ASR.json,
2025_CYP,CYP,cyprus__cy_en.pdf,en,English_comparison_available,0.7614,0.6873,2332,1929,hash_verified_archived_extraction,c85412fdbf47c26e2b66d1375630701af7770e21914a04b9f4650b81559749db,archive/retired_materials.zip,data/UNGA80_General_Debate_2025_statements/UNGA80_General_Debate_2025/cyprus__cy_en.pdf,data/unga_general_debate_verbatim_en/automatic_transcripts_unofficial/UNGA2025_day2_EN_ASR.json,
2025_CZE,CZE,czechia__cz_en.pdf,en,English_comparison_available,0.862,0.8271,1259,1203,hash_verified_archived_extraction,d49e4a8ebf326becb15fb96011aa797bee6e2e93e493507b5dbf7f97872a586a,archive/retired_materials.zip,data/UNGA80_General_Debate_2025_statements/UNGA80_General_Debate_2025/czechia__cz_en.pdf,data/unga_general_debate_verbatim_en/automatic_transcripts_unofficial/UNGA2025_day2_EN_ASR.json,
2025_PRK,PRK,democratic-peoples-republic-korea__kp_en.pdf,en,English_comparison_available,0.8595,0.8409,1820,1784,hash_verified_archived_extraction,cd25d2fde0c6a339bab5eeb1f6c8b2255787a185fb55e1fdd85ed9a94b048ddc,archive/retired_materials.zip,data/UNGA80_General_Debate_2025_statements/UNGA80_General_Debate_2025/democratic-peoples-republic-korea__kp_en.pdf,data/unga_general_debate_verbatim_en/automatic_transcripts_unofficial/UNGA2025_day6_EN_ASR.txt,
2025_PRK,PRK,democratic-peoples-republic-korea__kp_ko.pdf,ko,non_English_statement,0.0,0.0,913,1784,native_pdf_extraction,df92146bb17f9963305cb8fd8022d6c00b7fb8282f5c166dcb4dfd220ed52ea2,archive/retired_materials.zip,data/UNGA80_General_Debate_2025_statements/UNGA80_General_Debate_2025/democratic-peoples-republic-korea__kp_ko.pdf,data/unga_general_debate_verbatim_en/automatic_transcripts_unofficial/UNGA2025_day6_EN_ASR.txt,
2025_COD,COD,democratic-republic-congo__cd_fr.pdf,fr,non_English_statement,0.0009,0.0007,3575,3301,hash_verified_archived_extraction,5811d9b19beaae847d3ea74f0ba6b02aea53ca7f7ad2e13fdceb45556854b5ba,archive/retired_materials.zip,data/UNGA80_General_Debate_2025_statements/UNGA80_General_Debate_2025/democratic-republic-congo__cd_fr.pdf,data/unga_general_debate_verbatim_en/automatic_transcripts_unofficial/UNGA2025_day1_EN_ASR.json,
2025_DNK,DNK,denmark__dk_en.pdf,en,English_comparison_available,0.8338,0.8094,1489,1421,hash_verified_archived_extraction,0c6fe475a485ac0427555dde4f2b46831da6f697d8db24937dd3c5073961adc3,archive/retired_materials.zip,data/UNGA80_General_Debate_2025_statements/UNGA80_General_Debate_2025/denmark__dk_en.pdf,data/unga_general_debate_verbatim_en/automatic_transcripts_unofficial/UNGA2025_day6_EN_ASR.txt,
2025_DJI,DJI,djibouti__dj_fr.pdf,fr,non_English_statement,0.0659,0.0625,2109,2266,hash_verified_archived_extraction,272abfd552194c535e3d645bf249f23987ab51aec60e5021bbdf9ae27e6178c8,archive/retired_materials.zip,data/UNGA80_General_Debate_2025_statements/UNGA80_General_Debate_2025/djibouti__dj_fr.pdf,data/unga_general_debate_verbatim_en/automatic_transcripts_unofficial/UNGA2025_day6_EN_ASR.txt,
2025_DOM,DOM,dominican-republic__do_es.pdf,es,non_English_statement,0.0,0.0,1555,1536,hash_verified_archived_extraction,581b10bf13f1905a54bc5278744bae9f7dbd30fa6005ce7719168dfc538c7569,archive/retired_materials.zip,data/UNGA80_General_Debate_2025_statements/UNGA80_General_Debate_2025/dominican-republic__do_es.pdf,data/unga_general_debate_verbatim_en/automatic_transcripts_unofficial/UNGA2025_day2_EN_ASR.json,
2025_DMA,DMA,dominica__dm_en.pdf,en,English_comparison_available,0.9153,0.892,2019,1953,hash_verified_archived_extraction,4829b8a3627571324753a8196897e3f1ed76796d5a7b0b5de00f5d75cd4c16ae,archive/retired_materials.zip,data/UNGA80_General_Debate_2025_statements/UNGA80_General_Debate_2025/dominica__dm_en.pdf,data/unga_general_debate_verbatim_en/automatic_transcripts_unofficial/UNGA2025_day3_EN_ASR.json,
2025_ECU,ECU,ecuador__ec_es_1.pdf,es,non_English_statement,0.0,0.0,1800,1809,hash_verified_archived_extraction,76602aca8161ee785ef447ad7207eeb0a06bdb0b48a6a77696c24310155d6709,archive/retired_materials.zip,data/UNGA80_General_Debate_2025_statements/UNGA80_General_Debate_2025/ecuador__ec_es_1.pdf,data/unga_general_debate_verbatim_en/automatic_transcripts_unofficial/UNGA2025_day3_EN_ASR.json,
2025_EGY,EGY,egypt__eg_ar.pdf,ar,non_English_statement,0.0,0.0,2528,2234,hash_verified_archived_extraction,698ff3369aeada0aeaacb89c8a42502672208ec1bd7af37640dbf31df9be2f4b,archive/retired_materials.zip,data/UNGA80_General_Debate_2025_statements/UNGA80_General_Debate_2025/egypt__eg_ar.pdf,data/unga_general_debate_verbatim_en/automatic_transcripts_unofficial/UNGA2025_day5_EN_ASR.json,
2025_GNQ,GNQ,equatorial-guinea__gq_es.pdf,es,non_English_statement,0.0,0.0,1133,1150,hash_verified_archived_extraction,a241b5e3b8a8bf2b113ca72486010350b6157d03bee6be838368ed4b8ff76cd1,archive/retired_materials.zip,data/UNGA80_General_Debate_2025_statements/UNGA80_General_Debate_2025/equatorial-guinea__gq_es.pdf,data/unga_general_debate_verbatim_en/automatic_transcripts_unofficial/UNGA2025_day3_EN_ASR.json,
2025_ERI,ERI,eritrea__er_en.pdf,en,English_comparison_available,0.8178,0.8134,1098,1086,hash_verified_archived_extraction,4e6385b09214ede443596ac7dd0a9d17ea05a8a3ed761c4831d29e5c4358a24a,archive/retired_materials.zip,data/UNGA80_General_Debate_2025_statements/UNGA80_General_Debate_2025/eritrea__er_en.pdf,data/unga_general_debate_verbatim_en/automatic_transcripts_unofficial/UNGA2025_day6_EN_ASR.txt,
2025_EST,EST,estonia__ee_en.pdf,en,English_comparison_available,0.8076,0.7931,2005,1938,hash_verified_archived_extraction,35dfcf35e61f0372321d7dec8799288e0af7ec93b176518565dc49b9b582eba2,archive/retired_materials.zip,data/UNGA80_General_Debate_2025_statements/UNGA80_General_Debate_2025/estonia__ee_en.pdf,data/unga_general_debate_verbatim_en/automatic_transcripts_unofficial/UNGA2025_day2_EN_ASR.json,
2025_SWZ,SWZ,eswatini__sz_en.pdf,en,English_comparison_available,0.8352,0.7891,1735,1633,hash_verified_archived_extraction,c3f0f4ae36f3188f7be60afd209f8c0b04b8d25a3f478e8763f90ea3bb87c64f,archive/retired_materials.zip,data/UNGA80_General_Debate_2025_statements/UNGA80_General_Debate_2025/eswatini__sz_en.pdf,data/unga_general_debate_verbatim_en/automatic_transcripts_unofficial/UNGA2025_day3_EN_ASR.json,
2025_ETH,ETH,ethiopia__et_en.pdf,en,English_comparison_available,0.7521,0.7308,1443,1400,hash_verified_archived_extraction,4d62ceedcfb192ca265c63388afafede28c28ecaad1e91237bd2d1efd25ffd40,archive/retired_materials.zip,data/UNGA80_General_Debate_2025_statements/UNGA80_General_Debate_2025/ethiopia__et_en.pdf,data/unga_general_debate_verbatim_en/automatic_transcripts_unofficial/UNGA2025_day3_EN_ASR.json,
2025_EU,EU,european-union__eu_fl.pdf,fl,excluded_non_member,0.0,0.0,320,0,native_pdf_extraction,44493a5938b26b73de594afd42f6a7db2fd96dcc44082ef20eff4480a8824ead,archive/retired_materials.zip,data/UNGA80_General_Debate_2025_statements/UNGA80_General_Debate_2025/european-union__eu_fl.pdf,,
2025_FJI,FJI,fiji__fj_en.pdf,en,English_comparison_available,0.7678,0.739,3074,2945,hash_verified_archived_extraction,763607e4786b581e074f240b3d12af1d6592dbe490f27f2480fb48aaf15dc09d,archive/retired_materials.zip,data/UNGA80_General_Debate_2025_statements/UNGA80_General_Debate_2025/fiji__fj_en.pdf,data/unga_general_debate_verbatim_en/automatic_transcripts_unofficial/UNGA2025_day4_EN_ASR.json,
2025_FIN,FIN,finland__fi_en.pdf,en,English_comparison_available,0.7032,0.7578,2253,2401,hash_verified_archived_extraction,e629ff47ca8790a5292ae1c3d987b9854d6601589b9969dcaccea4096cdda7bf,archive/retired_materials.zip,data/UNGA80_General_Debate_2025_statements/UNGA80_General_Debate_2025/finland__fi_en.pdf,data/unga_general_debate_verbatim_en/automatic_transcripts_unofficial/UNGA2025_day2_EN_ASR.json,
2025_FRA,FRA,france__fr_fr.pdf,fr,non_English_statement,0.0,0.0,4279,4323,hash_verified_archived_extraction,1aa226789a11aeecc761e5e3493eb1073ba5da2cdc28c3fea56174c1db2e01c5,archive/retired_materials.zip,data/UNGA80_General_Debate_2025_statements/UNGA80_General_Debate_2025/france__fr_fr.pdf,data/unga_general_debate_verbatim_en/automatic_transcripts_unofficial/UNGA2025_day1_EN_ASR.json,
2025_GAB,GAB,gabon__ga_fr.pdf,fr,non_English_statement,0.0,0.0,1424,1319,hash_verified_archived_extraction,a6da413bde176d290507e080f83742f082f363dba6c05cf277851a518e52d978,archive/retired_materials.zip,data/UNGA80_General_Debate_2025_statements/UNGA80_General_Debate_2025/gabon__ga_fr.pdf,data/unga_general_debate_verbatim_en/automatic_transcripts_unofficial/UNGA2025_day3_EN_ASR.json,
2025_GMB,GMB,gambia-republic__gm_en.pdf,en,English_comparison_available,0.2658,0.3296,2898,3610,hash_verified_archived_extraction,984ce517f8cbf6fbdb7b402de745989e2e9d73983a0f0bfe91037885f7f1a394,archive/retired_materials.zip,data/UNGA80_General_Debate_2025_statements/UNGA80_General_Debate_2025/gambia-republic__gm_en.pdf,data/unga_general_debate_verbatim_en/automatic_transcripts_unofficial/UNGA2025_day3_EN_ASR.json,
2025_GEO,GEO,georgia__ge_en.pdf,en,English_comparison_available,0.8353,0.8215,1447,1423,hash_verified_archived_extraction,ce663f09317560052a489c668cadd57eed6c50eb2f32299e7638f7b199ab0a21,archive/retired_materials.zip,data/UNGA80_General_Debate_2025_statements/UNGA80_General_Debate_2025/georgia__ge_en.pdf,data/unga_general_debate_verbatim_en/automatic_transcripts_unofficial/UNGA2025_day3_EN_ASR.json,
2025_DEU,DEU,germany__ge_en_0.pdf,en,English_comparison_available,0.838,0.8123,1661,1602,hash_verified_archived_extraction,574f9747a0fddfb17a79d1767b370897b3786dc12f9ed501eb14eb8fb5e235f5,archive/retired_materials.zip,data/UNGA80_General_Debate_2025_statements/UNGA80_General_Debate_2025/germany__ge_en_0.pdf,data/unga_general_debate_verbatim_en/automatic_transcripts_unofficial/UNGA2025_day5_EN_ASR.json,
2025_GHA,GHA,ghana__gh_en_0.pdf,en,English_comparison_available,0.6045,0.6443,2721,2915,hash_verified_archived_extraction,2392ae7c247291cd9a02c7bdbcdd811522dad17bec8fe0b44abd4780302bf0b9,archive/retired_materials.zip,data/UNGA80_General_Debate_2025_statements/UNGA80_General_Debate_2025/ghana__gh_en_0.pdf,data/unga_general_debate_verbatim_en/automatic_transcripts_unofficial/UNGA2025_day3_EN_ASR.json,
2025_GRC,GRC,greece__gr_en.pdf,en,English_comparison_available,0.6841,0.7105,3106,3225,hash_verified_archived_extraction,0bf8e69bf17afa10f8013fa821bfb2993aeacbd6f6b8773bff27924b34bf7217,archive/retired_materials.zip,data/UNGA80_General_Debate_2025_statements/UNGA80_General_Debate_2025/greece__gr_en.pdf,data/unga_general_debate_verbatim_en/automatic_transcripts_unofficial/UNGA2025_day4_EN_ASR.json,
2025_GRD,GRD,grenada__gd_en.pdf,en,English_comparison_available,0.7842,0.8009,2587,2650,hash_verified_archived_extraction,25d25a57f8916d707b40247f4bcac7e12133f7a50528d0d0173372013bb3a379,archive/retired_materials.zip,data/UNGA80_General_Debate_2025_statements/UNGA80_General_Debate_2025/grenada__gd_en.pdf,data/unga_general_debate_verbatim_en/automatic_transcripts_unofficial/UNGA2025_day5_EN_ASR.json,
2025_GTM,GTM,guatemala__gt_es.pdf,es,non_English_statement,0.0,0.0,2615,2417,hash_verified_archived_extraction,f414623293e82f679b3c8084ef71bbd42e2a768eba19834a7c9ebacb430788f4,archive/retired_materials.zip,data/UNGA80_General_Debate_2025_statements/UNGA80_General_Debate_2025/guatemala__gt_es.pdf,data/unga_general_debate_verbatim_en/automatic_transcripts_unofficial/UNGA2025_day2_EN_ASR.json,
2025_GNB,GNB,guinea-bissau__gw_en.pdf,en,English_comparison_available,0.8862,0.8474,880,851,hash_verified_archived_extraction,7ceb298152e3f447a3b7991729e3ebbf6f925804b5e87439da82c38ecadb81c5,archive/retired_materials.zip,data/UNGA80_General_Debate_2025_statements/UNGA80_General_Debate_2025/guinea-bissau__gw_en.pdf,data/unga_general_debate_verbatim_en/automatic_transcripts_unofficial/UNGA2025_day3_EN_ASR.json,
2025_GIN,GIN,guinea__gn_fr.pdf,fr,non_English_statement,0.0,0.0,1398,1219,hash_verified_archived_extraction,eee788cafe442196e4f1817c638756075dc3ea06aa05c6021909325a96587975,archive/retired_materials.zip,data/UNGA80_General_Debate_2025_statements/UNGA80_General_Debate_2025/guinea__gn_fr.pdf,data/unga_general_debate_verbatim_en/automatic_transcripts_unofficial/UNGA2025_day5_EN_ASR.json,
2025_GUY,GUY,guyana__gy_en.pdf,en,English_comparison_available,0.8386,0.8499,2147,2173,hash_verified_archived_extraction,6478ac235125debe378edadcdb25ac0e91d46f6f7f467a6b7677e987fc2d4a9d,archive/retired_materials.zip,data/UNGA80_General_Debate_2025_statements/UNGA80_General_Debate_2025/guyana__gy_en.pdf,data/unga_general_debate_verbatim_en/automatic_transcripts_unofficial/UNGA2025_day2_EN_ASR.json,
2025_HTI,HTI,haiti__ht_fr.pdf,fr,non_English_statement,0.0,0.0,2612,2416,hash_verified_archived_extraction,042921549b437a1da32a5a13dfc0773f3e6e3b97277c6f3c433beff621054376,archive/retired_materials.zip,data/UNGA80_General_Debate_2025_statements/UNGA80_General_Debate_2025/haiti__ht_fr.pdf,data/unga_general_debate_verbatim_en/automatic_transcripts_unofficial/UNGA2025_day3_EN_ASR.json,
2025_VAT,VAT,holy-see__va_en.pdf,en,excluded_non_member,0.0,0.0,7692,0,native_pdf_extraction,cbd326ad5c3b262bae42121854ccf2b979cd4b7724a45cf097305c71a1127a22,archive/retired_materials.zip,data/UNGA80_General_Debate_2025_statements/UNGA80_General_Debate_2025/holy-see__va_en.pdf,,
2025_HND,HND,honduras__hn_es_0.pdf,es,non_English_statement,0.0,0.0,1587,1577,hash_verified_archived_extraction,03328014a843be38a95ec4a1d9a6d0dd37c13f25f3eddc984d5b3e396c64273f,archive/retired_materials.zip,data/UNGA80_General_Debate_2025_statements/UNGA80_General_Debate_2025/honduras__hn_es_0.pdf,data/unga_general_debate_verbatim_en/automatic_transcripts_unofficial/UNGA2025_day6_EN_ASR.txt,
2025_ISL,ISL,iceland__is_en.pdf,en,English_comparison_available,0.7598,0.7863,1932,1978,hash_verified_archived_extraction,e258395dbbc37ee124bce383561c9c2cccfda01594688b8adc512d1e8cff9f1f,archive/retired_materials.zip,data/UNGA80_General_Debate_2025_statements/UNGA80_General_Debate_2025/iceland__is_en.pdf,data/unga_general_debate_verbatim_en/automatic_transcripts_unofficial/UNGA2025_day5_EN_ASR.json,
2025_IND,IND,india__in_en.pdf,en,English_comparison_available,0.9126,0.8513,1816,1622,hash_verified_archived_extraction,d690abb0d80480451ec0eddd41acb5470da52d56729a67e3e8e1cd0e5c162ac5,archive/retired_materials.zip,data/UNGA80_General_Debate_2025_statements/UNGA80_General_Debate_2025/india__in_en.pdf,data/unga_general_debate_verbatim_en/automatic_transcripts_unofficial/UNGA2025_day5_EN_ASR.json,
2025_IDN,IDN,indonesia__id_en.pdf,en,English_comparison_available,0.4236,0.5397,1449,1819,hash_verified_archived_extraction,314aafc9ce196d43eb6f20a5b8398ffe7e5f208e2eabb689bf78c486f04c7097,archive/retired_materials.zip,data/UNGA80_General_Debate_2025_statements/UNGA80_General_Debate_2025/indonesia__id_en.pdf,data/unga_general_debate_verbatim_en/automatic_transcripts_unofficial/UNGA2025_day1_EN_ASR.json,
2025_IRN,IRN,iran-islamic-republic__ir_en.pdf,en,English_comparison_available,0.1252,0.1456,1817,2136,hash_verified_archived_extraction,e65a8de85a00ed408c9fe32486a004270efb44a974af8fe82daaa9433731ab75,archive/retired_materials.zip,data/UNGA80_General_Debate_2025_statements/UNGA80_General_Debate_2025/iran-islamic-republic__ir_en.pdf,data/unga_general_debate_verbatim_en/automatic_transcripts_unofficial/UNGA2025_day2_EN_ASR.json,
2025_IRQ,IRQ,iraq__iq_ar.pdf,ar,non_English_statement,0.0,0.0,1843,2510,hash_verified_archived_extraction,719ec988456113af856dffb81bf476e2842a133cfe4d910f8926e7cae3afb962,archive/retired_materials.zip,data/UNGA80_General_Debate_2025_statements/UNGA80_General_Debate_2025/iraq__iq_ar.pdf,data/unga_general_debate_verbatim_en/automatic_transcripts_unofficial/UNGA2025_day1_EN_ASR.json,
2025_IRL,IRL,ireland__ie_en.pdf,en,English_comparison_available,0.8539,0.8358,2451,2394,hash_verified_archived_extraction,f702e41986d3b8c19f8bd29e091d5f0ab04a34a6139beece1a5d439fd4af8100,archive/retired_materials.zip,data/UNGA80_General_Debate_2025_statements/UNGA80_General_Debate_2025/ireland__ie_en.pdf,data/unga_general_debate_verbatim_en/automatic_transcripts_unofficial/UNGA2025_day4_EN_ASR.json,
2025_ISR,ISR,israel__il_en.pdf,en,English_comparison_available,0.7979,0.7775,4798,4477,hash_verified_archived_extraction,ea5dad13056ab24c65e8eeac7c3d8069368d76b0b8e5b51a480121427fe3c339,archive/retired_materials.zip,data/UNGA80_General_Debate_2025_statements/UNGA80_General_Debate_2025/israel__il_en.pdf,data/unga_general_debate_verbatim_en/automatic_transcripts_unofficial/UNGA2025_day4_EN_ASR.json,
2025_ITA,ITA,italy__it_en.pdf,en,English_comparison_available,0.248,0.2185,2513,2182,hash_verified_archived_extraction,f63b40e15d12606c111af9dcbc7fa4801cfbefe51b08049ff1ee0f81b899da58,archive/retired_materials.zip,data/UNGA80_General_Debate_2025_statements/UNGA80_General_Debate_2025/italy__it_en.pdf,data/unga_general_debate_verbatim_en/automatic_transcripts_unofficial/UNGA2025_day2_EN_ASR.json,"First page visually verified: 80th General Assembly, September 2025. The 2024 reference is Global Peace Index data, not the speech year."
2025_ITA,ITA,italy__it_it.pdf,it,non_English_statement,0.0,0.0,3051,2182,native_pdf_extraction,4f5a462bf3119874d4600dcac2f77e7971887d376a83ccef3a485010982a7036,archive/retired_materials.zip,data/UNGA80_General_Debate_2025_statements/UNGA80_General_Debate_2025/italy__it_it.pdf,data/unga_general_debate_verbatim_en/automatic_transcripts_unofficial/UNGA2025_day2_EN_ASR.json,
2025_JAM,JAM,jamaica__jm_en.pdf,en,English_comparison_available,0.7192,0.64,1410,1262,hash_verified_archived_extraction,582de993ed9ce2cf4cf5250a7be5894cedc80140bc2f9099108c3f7ab8621abc,archive/retired_materials.zip,data/UNGA80_General_Debate_2025_statements/UNGA80_General_Debate_2025/jamaica__jm_en.pdf,data/unga_general_debate_verbatim_en/automatic_transcripts_unofficial/UNGA2025_day4_EN_ASR.json,
2025_JPN,JPN,japan__jp_en.pdf,en,English_comparison_available,0.8827,0.8325,3270,3025,hash_verified_archived_extraction,a0bd9150a2d3447e74733a5277788ebdb9fa8863d418eb325b147bdc8e9fed94,archive/retired_materials.zip,data/UNGA80_General_Debate_2025_statements/UNGA80_General_Debate_2025/japan__jp_en.pdf,data/unga_general_debate_verbatim_en/automatic_transcripts_unofficial/UNGA2025_day1_EN_ASR.json,
2025_JPN,JPN,japan__jp_jp.pdf,jp,non_English_statement,0.0,0.0,878,3025,native_pdf_extraction,e6da1a332d39d91afb881da964c27c3a11292ed21e1a868e73ba2080645eaf5e,archive/retired_materials.zip,data/UNGA80_General_Debate_2025_statements/UNGA80_General_Debate_2025/japan__jp_jp.pdf,data/unga_general_debate_verbatim_en/automatic_transcripts_unofficial/UNGA2025_day1_EN_ASR.json,
2025_JOR,JOR,jordan__jo_ar.pdf,ar,non_English_statement,0.0,0.0,1072,1186,native_pdf_extraction,17af8c3f1a79b494f4704a65d879c34b24aff5a5a55b346aebabb952184d3272,archive/retired_materials.zip,data/UNGA80_General_Debate_2025_statements/UNGA80_General_Debate_2025/jordan__jo_ar.pdf,data/unga_general_debate_verbatim_en/automatic_transcripts_unofficial/UNGA2025_day1_EN_ASR.json,
2025_JOR,JOR,jordan__jo_en.pdf,en,English_comparison_available,0.8786,0.846,1255,1186,hash_verified_archived_extraction,b181635201f89746c1947ee4790abb1630a4615371db77e25a36d2379b6efc42,archive/retired_materials.zip,data/UNGA80_General_Debate_2025_statements/UNGA80_General_Debate_2025/jordan__jo_en.pdf,data/unga_general_debate_verbatim_en/automatic_transcripts_unofficial/UNGA2025_day1_EN_ASR.json,
2025_KAZ,KAZ,kazakhstan__kz_en_0.pdf,en,English_comparison_available,0.8849,0.872,2368,2333,hash_verified_archived_extraction,57161593becfb139a516cc145b9730ad65b61658f449d33ecf3c9677e5bcea5d,archive/retired_materials.zip,data/UNGA80_General_Debate_2025_statements/UNGA80_General_Debate_2025/kazakhstan__kz_en_0.pdf,data/unga_general_debate_verbatim_en/automatic_transcripts_unofficial/UNGA2025_day1_EN_ASR.json,
2025_KEN,KEN,kenya__ke_en.pdf,en,English_comparison_available,0.7179,0.7056,3424,3359,hash_verified_archived_extraction,571310d8b192182baa9fecf6bd2bb7cb029f1eab8a30307fe427e8dfb5557e1e,archive/retired_materials.zip,data/UNGA80_General_Debate_2025_statements/UNGA80_General_Debate_2025/kenya__ke_en.pdf,data/unga_general_debate_verbatim_en/automatic_transcripts_unofficial/UNGA2025_day2_EN_ASR.json,
2025_KIR,KIR,kiribati__ki_en.pdf,en,English_comparison_available,0.6973,0.6999,1345,1365,hash_verified_archived_extraction,282c1b2b4dd217b226da600311aea6183c14535feead8d523351e6a4128a6ef3,archive/retired_materials.zip,data/UNGA80_General_Debate_2025_statements/UNGA80_General_Debate_2025/kiribati__ki_en.pdf,data/unga_general_debate_verbatim_en/automatic_transcripts_unofficial/UNGA2025_day2_EN_ASR.json,
2025_KGZ,KGZ,kyrgyzstan__kg_ar.pdf,ar,non_English_statement,0.0,0.0,2408,2811,native_pdf_extraction,1a0f7d38f39dc6ec9c77ca27ab4ff7ec01ccd8dc4e4a25cdbfb16990fc8a7033,archive/retired_materials.zip,data/UNGA80_General_Debate_2025_statements/UNGA80_General_Debate_2025/kyrgyzstan__kg_ar.pdf,data/unga_general_debate_verbatim_en/automatic_transcripts_unofficial/UNGA2025_day1_EN_ASR.json,
2025_KGZ,KGZ,kyrgyzstan__kg_en.pdf,en,English_comparison_available,0.3063,0.3002,2887,2811,hash_verified_archived_extraction,8c8501df9464dd65c82fbfee08b0e822966c57eacb3fad87406ed0f11fe5ff89,archive/retired_materials.zip,data/UNGA80_General_Debate_2025_statements/UNGA80_General_Debate_2025/kyrgyzstan__kg_en.pdf,data/unga_general_debate_verbatim_en/automatic_transcripts_unofficial/UNGA2025_day1_EN_ASR.json,
2025_KGZ,KGZ,kyrgyzstan__kg_fl.pdf,fl,non_English_statement,0.0,0.0,2308,2811,native_pdf_extraction,2670d4c2253d97b500b17deb1215880d36481774004379bae44e0c6c26880496,archive/retired_materials.zip,data/UNGA80_General_Debate_2025_statements/UNGA80_General_Debate_2025/kyrgyzstan__kg_fl.pdf,data/unga_general_debate_verbatim_en/automatic_transcripts_unofficial/UNGA2025_day1_EN_ASR.json,
2025_KGZ,KGZ,kyrgyzstan__kg_fr.pdf,fr,non_English_statement,0.0,0.0,3077,2811,native_pdf_extraction,dc86e59c4cb3178d027d7247f3bf3dc667b7d3f27f3587dc928e52e60ba15a30,archive/retired_materials.zip,data/UNGA80_General_Debate_2025_statements/UNGA80_General_Debate_2025/kyrgyzstan__kg_fr.pdf,data/unga_general_debate_verbatim_en/automatic_transcripts_unofficial/UNGA2025_day1_EN_ASR.json,
2025_KGZ,KGZ,kyrgyzstan__kg_ru.pdf,ru,non_English_statement,0.0,0.0,2335,2811,native_pdf_extraction,74b9b6b1f54a0e86877d7c9ba2bdf403682f8fb6869a64c53b4b1bdca450092a,archive/retired_materials.zip,data/UNGA80_General_Debate_2025_statements/UNGA80_General_Debate_2025/kyrgyzstan__kg_ru.pdf,data/unga_general_debate_verbatim_en/automatic_transcripts_unofficial/UNGA2025_day1_EN_ASR.json,
2025_KGZ,KGZ,kyrgyzstan__kg_zh.pdf,zh,non_English_statement,0.0,0.0,263,2811,native_pdf_extraction,697f0b8cb8b6bbc10f7613e2eb8a0626b5a0abe8b7d6a70c85006bc9605ef702,archive/retired_materials.zip,data/UNGA80_General_Debate_2025_statements/UNGA80_General_Debate_2025/kyrgyzstan__kg_zh.pdf,data/unga_general_debate_verbatim_en/automatic_transcripts_unofficial/UNGA2025_day1_EN_ASR.json,
2025_LVA,LVA,latvia__lv_en.pdf,en,English_comparison_available,0.8828,0.8127,1592,1424,hash_verified_archived_extraction,de87180bb3b6261f8cb613b2be1aee02de6d9efba11679ff6d7bdfc30acfaf1c,archive/retired_materials.zip,data/UNGA80_General_Debate_2025_statements/UNGA80_General_Debate_2025/latvia__lv_en.pdf,data/unga_general_debate_verbatim_en/automatic_transcripts_unofficial/UNGA2025_day2_EN_ASR.json,
2025_LVA,LVA,latvia__lv_lv.pdf,lv,non_English_statement,0.0,0.0,13,1424,native_pdf_extraction,85c9cb2c7102b1493d273ec1f47b4f807540ffa8e3f36012a48b47c1c0921a82,archive/retired_materials.zip,data/UNGA80_General_Debate_2025_statements/UNGA80_General_Debate_2025/latvia__lv_lv.pdf,data/unga_general_debate_verbatim_en/automatic_transcripts_unofficial/UNGA2025_day2_EN_ASR.json,
2025_LBN,LBN,lebanon__lb_ar_1.pdf,ar,non_English_statement,0.0,0.0,1743,2406,native_pdf_extraction,e050d5ed9dd3ac133fe2d6a1da74e5ffd87add7d2ce527c20244fc978469541d,archive/retired_materials.zip,data/UNGA80_General_Debate_2025_statements/UNGA80_General_Debate_2025/lebanon__lb_ar_1.pdf,data/unga_general_debate_verbatim_en/automatic_transcripts_unofficial/UNGA2025_day1_EN_ASR.json,
2025_LBN,LBN,lebanon__lb_en_0.pdf,en,English_comparison_available,0.5379,0.525,2455,2406,hash_verified_archived_extraction,b69c9588d0ecfd588852e5bbd47712927346865946c5033443ad5e5391b8cb15,archive/retired_materials.zip,data/UNGA80_General_Debate_2025_statements/UNGA80_General_Debate_2025/lebanon__lb_en_0.pdf,data/unga_general_debate_verbatim_en/automatic_transcripts_unofficial/UNGA2025_day1_EN_ASR.json,
2025_LBN,LBN,lebanon__lb_fr.pdf,fr,non_English_statement,0.0,0.0,2580,2406,native_pdf_extraction,6b86b08b1974b892baafe83476a42b3cd0ba7766c752b75eed185144eb4fca8b,archive/retired_materials.zip,data/UNGA80_General_Debate_2025_statements/UNGA80_General_Debate_2025/lebanon__lb_fr.pdf,data/unga_general_debate_verbatim_en/automatic_transcripts_unofficial/UNGA2025_day1_EN_ASR.json,
2025_LSO,LSO,lesotho__ls_en.pdf,en,English_comparison_available,0.8221,0.8003,1994,1942,hash_verified_archived_extraction,81e9d475f6b37050ae578b119f43b0d73822ef43f122d075eed923538a1e3389,archive/retired_materials.zip,data/UNGA80_General_Debate_2025_statements/UNGA80_General_Debate_2025/lesotho__ls_en.pdf,data/unga_general_debate_verbatim_en/automatic_transcripts_unofficial/UNGA2025_day4_EN_ASR.json,
2025_LBR,LBR,liberia__lr_en.pdf,en,English_comparison_available,0.7463,0.7193,1463,1405,hash_verified_archived_extraction,dc396cd192fca2ed9b87abe509fef01fd8e9a9497b989fb9d06bf3f0a2c00873,archive/retired_materials.zip,data/UNGA80_General_Debate_2025_statements/UNGA80_General_Debate_2025/liberia__lr_en.pdf,data/unga_general_debate_verbatim_en/automatic_transcripts_unofficial/UNGA2025_day1_EN_ASR.json,
2025_LBY,LBY,libya__ly_ar.pdf,ar,non_English_statement,0.0,0.0,914,1177,hash_verified_archived_extraction,a3636a6954bb8b0c04bacc51c0ef06ce0570d07553af696836f68f452e0635dc,archive/retired_materials.zip,data/UNGA80_General_Debate_2025_statements/UNGA80_General_Debate_2025/libya__ly_ar.pdf,data/unga_general_debate_verbatim_en/automatic_transcripts_unofficial/UNGA2025_day3_EN_ASR.json,
2025_LTU,LTU,lithuania__lt_en.pdf,en,English_comparison_available,0.9348,0.8724,1717,1535,hash_verified_archived_extraction,ea0ecbb7416e46db04055211e55c585b6ec34ab61ad2d1bae6ee6fcd4aca2ece,archive/retired_materials.zip,data/UNGA80_General_Debate_2025_statements/UNGA80_General_Debate_2025/lithuania__lt_en.pdf,data/unga_general_debate_verbatim_en/automatic_transcripts_unofficial/UNGA2025_day1_EN_ASR.json,
2025_LTU,LTU,lithuania__lt_lt.pdf,lt,non_English_statement,0.0,0.0,1596,1535,native_pdf_extraction,575b1a0d475e6cc9c2a21c1171f024b34a71382a0c1406616c1d41b657a2531e,archive/retired_materials.zip,data/UNGA80_General_Debate_2025_statements/UNGA80_General_Debate_2025/lithuania__lt_lt.pdf,data/unga_general_debate_verbatim_en/automatic_transcripts_unofficial/UNGA2025_day1_EN_ASR.json,
2025_LUX,LUX,luxembourg__lu_en.pdf,en,English_comparison_available,0.8326,0.7951,1057,972,hash_verified_archived_extraction,bbeca7e1af5a8890fc1396b2f164de71b9fa12708b21fb17f02c6d40f6f7962b,archive/retired_materials.zip,data/UNGA80_General_Debate_2025_statements/UNGA80_General_Debate_2025/luxembourg__lu_en.pdf,data/unga_general_debate_verbatim_en/automatic_transcripts_unofficial/UNGA2025_day4_EN_ASR.json,
2025_MDG,MDG,madagascar__mg_fr.pdf,fr,non_English_statement,0.0,0.0,2816,2870,hash_verified_archived_extraction,bf4ae11909bcbbb2632e5506c4a659284ddde84b8ee8753219d08608068cb0a5,archive/retired_materials.zip,data/UNGA80_General_Debate_2025_statements/UNGA80_General_Debate_2025/madagascar__mg_fr.pdf,data/unga_general_debate_verbatim_en/automatic_transcripts_unofficial/UNGA2025_day2_EN_ASR.json,
2025_MWI,MWI,malawi__mw_en.pdf,en,English_comparison_available,0.9012,0.8883,1967,1912,hash_verified_archived_extraction,1bcb276ddf6de27af99b59362b88312207da72ad0c6f9bc042b50eeb746cc129,archive/retired_materials.zip,data/UNGA80_General_Debate_2025_statements/UNGA80_General_Debate_2025/malawi__mw_en.pdf,data/unga_general_debate_verbatim_en/automatic_transcripts_unofficial/UNGA2025_day6_EN_ASR.txt,
2025_MYS,MYS,malaysia__my_en.pdf,en,English_comparison_available,0.6215,0.5915,1538,1432,hash_verified_archived_extraction,e527171c97c1f8b027ede00b4ceb3d75d64684394b00125a94fa32d081a3e881,archive/retired_materials.zip,data/UNGA80_General_Debate_2025_statements/UNGA80_General_Debate_2025/malaysia__my_en.pdf,data/unga_general_debate_verbatim_en/automatic_transcripts_unofficial/UNGA2025_day5_EN_ASR.json,
2025_MDV,MDV,maldives__mv_en.pdf,en,English_comparison_available,0.8323,0.7722,1734,1514,hash_verified_archived_extraction,a5c44bbeda69147e312b67597f2160dcf48afd2ad0683db3dc9c5344f59686f9,archive/retired_materials.zip,data/UNGA80_General_Debate_2025_statements/UNGA80_General_Debate_2025/maldives__mv_en.pdf,data/unga_general_debate_verbatim_en/automatic_transcripts_unofficial/UNGA2025_day5_EN_ASR.json,
2025_MLI,MLI,mali__ml_fr.pdf,fr,non_English_statement,0.0,0.0,3890,3921,hash_verified_archived_extraction,1f156ca3eed46d01a908dd585a02f88c083887d03cf4e5d19ab7f3fbefd774c7,archive/retired_materials.zip,data/UNGA80_General_Debate_2025_statements/UNGA80_General_Debate_2025/mali__ml_fr.pdf,data/unga_general_debate_verbatim_en/automatic_transcripts_unofficial/UNGA2025_day4_EN_ASR.json,
2025_MLT,MLT,malta__mt_en.pdf,en,English_comparison_available,0.7564,0.7808,3338,3399,hash_verified_archived_extraction,02c787ad0b78589f5a087f7ad1bca9638879b6270d79c4fcf2f4692ec7b22d7b,archive/retired_materials.zip,data/UNGA80_General_Debate_2025_statements/UNGA80_General_Debate_2025/malta__mt_en.pdf,data/unga_general_debate_verbatim_en/automatic_transcripts_unofficial/UNGA2025_day4_EN_ASR.json,
2025_MHL,MHL,marshall-islands__mh_en.pdf,en,English_comparison_available,0.9026,0.8901,1892,1848,hash_verified_archived_extraction,7c4ecde220026727125e06098890c2721ea3e3da34852e6ae2cdeb685f12dc7f,archive/retired_materials.zip,data/UNGA80_General_Debate_2025_statements/UNGA80_General_Debate_2025/marshall-islands__mh_en.pdf,data/unga_general_debate_verbatim_en/automatic_transcripts_unofficial/UNGA2025_day2_EN_ASR.json,
2025_MRT,MRT,mauritania__mr_ar.pdf,ar,non_English_statement,0.0,0.0,1292,1663,hash_verified_archived_extraction,712e076806625cfa3edcdf35801910cb97ccc05ee20cd24d758f70e0d8fb01f4,archive/retired_materials.zip,data/UNGA80_General_Debate_2025_statements/UNGA80_General_Debate_2025/mauritania__mr_ar.pdf,data/unga_general_debate_verbatim_en/automatic_transcripts_unofficial/UNGA2025_day5_EN_ASR.json,
2025_MUS,MUS,mauritius__mu_en.pdf,en,English_comparison_available,0.7942,0.7528,1759,1676,hash_verified_archived_extraction,e195df50846faa155b020f660f50178fa0d9956cc6a8b0d07a1994b1ed78be7e,archive/retired_materials.zip,data/UNGA80_General_Debate_2025_statements/UNGA80_General_Debate_2025/mauritius__mu_en.pdf,data/unga_general_debate_verbatim_en/automatic_transcripts_unofficial/UNGA2025_day4_EN_ASR.json,
2025_MEX,MEX,mexico__mx_es_0.pdf,es,non_English_statement,0.0011,0.0009,2017,1846,hash_verified_archived_extraction,b99cdc191c2fd2a39e79b7d4ab708b9495870e883be697da6335f907e440d637,archive/retired_materials.zip,data/UNGA80_General_Debate_2025_statements/UNGA80_General_Debate_2025/mexico__mx_es_0.pdf,data/unga_general_debate_verbatim_en/automatic_transcripts_unofficial/UNGA2025_day3_EN_ASR.json,
2025_FSM,FSM,micronesia-federated-states__fm_en.pdf,en,English_comparison_available,0.7661,0.7404,1857,1809,hash_verified_archived_extraction,fb8e2a72d058000db929a9b564874b9d445aad9413cb34f5412a22d18b4b2730,archive/retired_materials.zip,data/UNGA80_General_Debate_2025_statements/UNGA80_General_Debate_2025/micronesia-federated-states__fm_en.pdf,data/unga_general_debate_verbatim_en/automatic_transcripts_unofficial/UNGA2025_day3_EN_ASR.json,
2025_MNG,MNG,mongolia__mn_en.pdf,en,English_comparison_available,0.7567,0.7437,2505,2462,hash_verified_archived_extraction,a16d30a479ed8c0b33a1edfcae1ba446e79595e8efb2a943f520de4bc520e99c,archive/retired_materials.zip,data/UNGA80_General_Debate_2025_statements/UNGA80_General_Debate_2025/mongolia__mn_en.pdf,data/unga_general_debate_verbatim_en/automatic_transcripts_unofficial/UNGA2025_day1_EN_ASR.json,
2025_MNE,MNE,montenegro__me_me.pdf,me,non_English_statement,0.0,0.0,1592,1849,hash_verified_archived_extraction,f17920792fc96872104f99640ceb809c1c263bff05d47802aa6a04107b8b0867,archive/retired_materials.zip,data/UNGA80_General_Debate_2025_statements/UNGA80_General_Debate_2025/montenegro__me_me.pdf,data/unga_general_debate_verbatim_en/automatic_transcripts_unofficial/UNGA2025_day3_EN_ASR.json,
2025_MOZ,MOZ,mozambique__mz_pt.pdf,pt,non_English_statement,0.0,0.0,1890,2118,hash_verified_archived_extraction,853a55fccb6f26902b196f128c2e7a6b5511763f0905a9fb7d3e828babbb4651,archive/retired_materials.zip,data/UNGA80_General_Debate_2025_statements/UNGA80_General_Debate_2025/mozambique__mz_pt.pdf,data/unga_general_debate_verbatim_en/automatic_transcripts_unofficial/UNGA2025_day1_EN_ASR.json,
2025_NAM,NAM,namibia__na_en.pdf,en,English_comparison_available,0.6113,0.5763,1792,1694,hash_verified_archived_extraction,f2d0bd06e425acccd5c3fdab160a37fb6424447e208fbff465b12e98e88528ea,archive/retired_materials.zip,data/UNGA80_General_Debate_2025_statements/UNGA80_General_Debate_2025/namibia__na_en.pdf,data/unga_general_debate_verbatim_en/automatic_transcripts_unofficial/UNGA2025_day2_EN_ASR.json,
2025_NRU,NRU,nauru__nr_en.pdf,en,English_comparison_available,0.871,0.8356,1627,1569,hash_verified_archived_extraction,fe357bd401c5c363d6295736d259896810a8eab0c6f52a873aadc23d33f4b7a2,archive/retired_materials.zip,data/UNGA80_General_Debate_2025_statements/UNGA80_General_Debate_2025/nauru__nr_en.pdf,data/unga_general_debate_verbatim_en/automatic_transcripts_unofficial/UNGA2025_day1_EN_ASR.json,
2025_NPL,NPL,nepal__np_en.pdf,en,English_comparison_available,0.7507,0.7317,2208,2155,hash_verified_archived_extraction,3f684bfc35f604e902156586029224e82e2393f0908a76449edb704688ec027c,archive/retired_materials.zip,data/UNGA80_General_Debate_2025_statements/UNGA80_General_Debate_2025/nepal__np_en.pdf,data/unga_general_debate_verbatim_en/automatic_transcripts_unofficial/UNGA2025_day6_EN_ASR.txt,
2025_NLD,NLD,netherlands-kingdom__nl_en.pdf,en,English_comparison_available,0.7439,0.7355,1527,1541,hash_verified_archived_extraction,61680fd6c564d0eaf493088470db0476d305e15788bb577d636f2f180da1a40a,archive/retired_materials.zip,data/UNGA80_General_Debate_2025_statements/UNGA80_General_Debate_2025/netherlands-kingdom__nl_en.pdf,data/unga_general_debate_verbatim_en/automatic_transcripts_unofficial/UNGA2025_day3_EN_ASR.json,
2025_NZL,NZL,new-zealand__nz_en.pdf,en,English_comparison_available,0.8403,0.8532,1763,1779,hash_verified_archived_extraction,38d7b31e5d9f3585cd8b2d514c2516c5441feb7536b71b1d4976e5cc8df0dd68,archive/retired_materials.zip,data/UNGA80_General_Debate_2025_statements/UNGA80_General_Debate_2025/new-zealand__nz_en.pdf,data/unga_general_debate_verbatim_en/automatic_transcripts_unofficial/UNGA2025_day4_EN_ASR.json,
2025_NIC,NIC,nicaragua__ni_en.pdf,en,English_comparison_available,0.5892,0.5817,1422,1402,hash_verified_archived_extraction,24070ec70a9c97eabca1e5da10c67c7ef602d57e7297a64cc9e0fa2921e342f7,archive/retired_materials.zip,data/UNGA80_General_Debate_2025_statements/UNGA80_General_Debate_2025/nicaragua__ni_en.pdf,data/unga_general_debate_verbatim_en/automatic_transcripts_unofficial/UNGA2025_day6_EN_ASR.txt,
2025_NIC,NIC,nicaragua__ni_es.pdf,es,non_English_statement,0.0,0.0,1367,1402,native_pdf_extraction,97345fe6954857bb7342dda731aff18c1f186e9c3f1afc636f94955c2c07fa08,archive/retired_materials.zip,data/UNGA80_General_Debate_2025_statements/UNGA80_General_Debate_2025/nicaragua__ni_es.pdf,data/unga_general_debate_verbatim_en/automatic_transcripts_unofficial/UNGA2025_day6_EN_ASR.txt,
2025_NGA,NGA,nigeria__ng_en.pdf,en,English_comparison_available,0.8136,0.7821,2636,2529,hash_verified_archived_extraction,d5ce03d848cb3413bb55d485e25e9af6f4924a92c792ae5e20fa1c3618fb1bd0,archive/retired_materials.zip,data/UNGA80_General_Debate_2025_statements/UNGA80_General_Debate_2025/nigeria__ng_en.pdf,data/unga_general_debate_verbatim_en/automatic_transcripts_unofficial/UNGA2025_day2_EN_ASR.json,
2025_NER,NER,niger__ne_fr.pdf,fr,non_English_statement,0.0,0.0,3774,3632,hash_verified_archived_extraction,ca22f9f1a2d251ab1fae5d28bddd56f4b40256ab38cb2baa46d4e39ce0ad55f8,archive/retired_materials.zip,data/UNGA80_General_Debate_2025_statements/UNGA80_General_Debate_2025/niger__ne_fr.pdf,data/unga_general_debate_verbatim_en/automatic_transcripts_unofficial/UNGA2025_day5_EN_ASR.json,
2025_MKD,MKD,north-macedonia__mk_en.pdf,en,English_comparison_available,0.6424,0.6851,1909,1890,hash_verified_archived_extraction,b6d1b8bb6370d0de410058605e817b0b5819f9c638a2827da54b28a63d2ce4e5,archive/retired_materials.zip,data/UNGA80_General_Debate_2025_statements/UNGA80_General_Debate_2025/north-macedonia__mk_en.pdf,data/unga_general_debate_verbatim_en/automatic_transcripts_unofficial/UNGA2025_day3_EN_ASR.json,
2025_MKD,MKD,north-macedonia__mk_mk.pdf,mk,non_English_statement,0.0,0.0,2563,1890,native_pdf_extraction,fe6650b29d78df61da5e94e642878eb5dd62a978407dcb01ea23ba5665a1695e,archive/retired_materials.zip,data/UNGA80_General_Debate_2025_statements/UNGA80_General_Debate_2025/north-macedonia__mk_mk.pdf,data/unga_general_debate_verbatim_en/automatic_transcripts_unofficial/UNGA2025_day3_EN_ASR.json,
2025_NOR,NOR,norway__no_en.pdf,en,English_comparison_available,0.8118,0.7514,2030,1812,hash_verified_archived_extraction,09e5195f21393f920910cde645f33952b19df29e32d3d1666beaf245c1baa453,archive/retired_materials.zip,data/UNGA80_General_Debate_2025_statements/UNGA80_General_Debate_2025/norway__no_en.pdf,data/unga_general_debate_verbatim_en/automatic_transcripts_unofficial/UNGA2025_day3_EN_ASR.json,
2025_OMN,OMN,oman__om_ar.pdf,ar,non_English_statement,0.0,0.0,0,1121,native_pdf_extraction,96f8ffa0ab16f8f1ee8d070e720f7c40829b787af1bd830ec0b6b56254f6c5af,archive/retired_materials.zip,data/UNGA80_General_Debate_2025_statements/UNGA80_General_Debate_2025/oman__om_ar.pdf,data/unga_general_debate_verbatim_en/automatic_transcripts_unofficial/UNGA2025_day5_EN_ASR.json,
2025_OMN,OMN,oman__om_en.pdf,en,English_comparison_available,0.5946,0.6207,1082,1121,hash_verified_archived_extraction,b90393ef3c2496f75f1fff7ba8660135ad66aa121ad5802db256b6d11ac25b49,archive/retired_materials.zip,data/UNGA80_General_Debate_2025_statements/UNGA80_General_Debate_2025/oman__om_en.pdf,data/unga_general_debate_verbatim_en/automatic_transcripts_unofficial/UNGA2025_day5_EN_ASR.json,
2025_PAK,PAK,pakistan__pk_en.pdf,en,English_comparison_available,0.509,0.592,2107,2436,hash_verified_archived_extraction,1a373619b0d6835ca8b5f530cb124ad03b14f97c1a35db19ba96fe56e3ee1c1b,archive/retired_materials.zip,data/UNGA80_General_Debate_2025_statements/UNGA80_General_Debate_2025/pakistan__pk_en.pdf,data/unga_general_debate_verbatim_en/automatic_transcripts_unofficial/UNGA2025_day4_EN_ASR.json,
2025_PLW,PLW,palau__pw_en.pdf,en,English_comparison_available,0.7437,0.7556,1362,1380,hash_verified_archived_extraction,332eb91da5d4db55d01553326e558b03e694fa95a48b960f2f6956a0a972a8a9,archive/retired_materials.zip,data/UNGA80_General_Debate_2025_statements/UNGA80_General_Debate_2025/palau__pw_en.pdf,data/unga_general_debate_verbatim_en/automatic_transcripts_unofficial/UNGA2025_day3_EN_ASR.json,
2025_PSE,PSE,palestine-state__ps_ar.pdf,ar,excluded_non_member,0.0,0.0,1465,0,native_pdf_extraction,fa950a87b3612267725614e8a6e9b575690eba839088e53cf40a54aee0727a50,archive/retired_materials.zip,data/UNGA80_General_Debate_2025_statements/UNGA80_General_Debate_2025/palestine-state__ps_ar.pdf,,
2025_PSE,PSE,palestine-state__ps_en.pdf,en,excluded_non_member,0.0,0.0,1779,0,native_pdf_extraction,f6c2f5777f62365ea532848b9eb0515b7fa6d78b4f3b47f0a8ae62146bb85bbf,archive/retired_materials.zip,data/UNGA80_General_Debate_2025_statements/UNGA80_General_Debate_2025/palestine-state__ps_en.pdf,,
2025_PAN,PAN,panama__pa_es.pdf,es,non_English_statement,0.0,0.0,1727,1697,hash_verified_archived_extraction,4b38bee2aca75ffa48676caccff953a8e934067039c77002a056ee55598f83ee,archive/retired_materials.zip,data/UNGA80_General_Debate_2025_statements/UNGA80_General_Debate_2025/panama__pa_es.pdf,data/unga_general_debate_verbatim_en/automatic_transcripts_unofficial/UNGA2025_day2_EN_ASR.json,
2025_PNG,PNG,papua-new-guinea__pg_en.pdf,en,English_comparison_available,0.0255,0.0809,653,2057,hash_verified_archived_extraction,8e9488f2ad1dda45a02f6d05fea903e2187d7f2146fde654b49597a6bd1b5b3e,archive/retired_materials.zip,data/UNGA80_General_Debate_2025_statements/UNGA80_General_Debate_2025/papua-new-guinea__pg_en.pdf,data/unga_general_debate_verbatim_en/automatic_transcripts_unofficial/UNGA2025_day4_EN_ASR.json,
2025_PRY,PRY,paraguay__py_es.pdf,es,non_English_statement,0.0,0.0,3404,3268,hash_verified_archived_extraction,97379fbe0af62ed51ca7482d0229a3c35b08af2946667cb12a7e3b785fe0c9f7,archive/retired_materials.zip,data/UNGA80_General_Debate_2025_statements/UNGA80_General_Debate_2025/paraguay__py_es.pdf,data/unga_general_debate_verbatim_en/automatic_transcripts_unofficial/UNGA2025_day2_EN_ASR.json,
2025_PER,PER,peru__pe_es.pdf,es,non_English_statement,0.0,0.0,2276,2285,hash_verified_archived_extraction,52b50ec4ea64f667defdeb01e9b3c639ccd676c2f270d8b8ed5a2dfb3f5bd667,archive/retired_materials.zip,data/UNGA80_General_Debate_2025_statements/UNGA80_General_Debate_2025/peru__pe_es.pdf,data/unga_general_debate_verbatim_en/automatic_transcripts_unofficial/UNGA2025_day1_EN_ASR.json,
2025_PHL,PHL,philippines__ph_en.pdf,en,English_comparison_available,0.8933,0.8173,2174,1945,hash_verified_archived_extraction,7d8d3fade42f05044896cee434ec59fb0a3051b58c2c0e2d9ef948d9af01a0c8,archive/retired_materials.zip,data/UNGA80_General_Debate_2025_statements/UNGA80_General_Debate_2025/philippines__ph_en.pdf,data/unga_general_debate_verbatim_en/automatic_transcripts_unofficial/UNGA2025_day5_EN_ASR.json,
2025_POL,POL,poland__pl_en.pdf,en,English_comparison_available,0.4457,0.5274,2626,2978,hash_verified_archived_extraction,b36acd9eeb00f671b26ebcb74294d4a30a1a998342e224c0f6dbc6f1d1d2c395,archive/retired_materials.zip,data/UNGA80_General_Debate_2025_statements/UNGA80_General_Debate_2025/poland__pl_en.pdf,data/unga_general_debate_verbatim_en/automatic_transcripts_unofficial/UNGA2025_day1_EN_ASR.json,
2025_PRT,PRT,portugal__pt_en.pdf,en,English_comparison_available,0.167,0.1621,1956,1881,hash_verified_archived_extraction,6c85fbe252ac668ded0364956b23f7e908ec9df1960e0f1673e7860b34879973,archive/retired_materials.zip,data/UNGA80_General_Debate_2025_statements/UNGA80_General_Debate_2025/portugal__pt_en.pdf,data/unga_general_debate_verbatim_en/automatic_transcripts_unofficial/UNGA2025_day1_EN_ASR.json,
2025_PRT,PRT,portugal__pt_pt.pdf,pt,non_English_statement,0.0555,0.0453,1967,1881,native_pdf_extraction,ad6db82c55b3289695c0a005872222275bf782db2d3141ccc4e4fb745b9d7154,archive/retired_materials.zip,data/UNGA80_General_Debate_2025_statements/UNGA80_General_Debate_2025/portugal__pt_pt.pdf,data/unga_general_debate_verbatim_en/automatic_transcripts_unofficial/UNGA2025_day1_EN_ASR.json,
2025_PGA,PGA,president-general-assembly-closing__pgaclosing_en_0.pdf,en,excluded_non_member,0.0,0.0,1827,0,native_pdf_extraction,e582605a4ac54b582e659372d101d323b53f6887001154d71b9e7c5b737bda25,archive/retired_materials.zip,data/UNGA80_General_Debate_2025_statements/UNGA80_General_Debate_2025/president-general-assembly-closing__pgaclosing_en_0.pdf,,
2025_PGA,PGA,president-general-assembly-opening__pgaopening_en.pdf,en,excluded_non_member,0.0,0.0,1338,0,native_pdf_extraction,23ba3cd58401f5894d85a5ab60a75524f0228fe0832fa769b9a23654cf5ce73b,archive/retired_materials.zip,data/UNGA80_General_Debate_2025_statements/UNGA80_General_Debate_2025/president-general-assembly-opening__pgaopening_en.pdf,,
2025_QAT,QAT,qatar__qa_en.pdf,en,English_comparison_available,0.0837,0.0696,2245,1834,hash_verified_archived_extraction,cb85c7445ae6ae2f0cc5462c302251d4dd39b8375691799d7bd3529f54683624,archive/retired_materials.zip,data/UNGA80_General_Debate_2025_statements/UNGA80_General_Debate_2025/qatar__qa_en.pdf,data/unga_general_debate_verbatim_en/automatic_transcripts_unofficial/UNGA2025_day1_EN_ASR.json,
2025_KOR,KOR,republic-korea__kr_en.pdf,en,English_comparison_available,0.932,0.9194,2403,2369,hash_verified_archived_extraction,aab77577bb5b3b1c6d38894c36888268481bd6c0d83b2bcf278544bbac028119,archive/retired_materials.zip,data/UNGA80_General_Debate_2025_statements/UNGA80_General_Debate_2025/republic-korea__kr_en.pdf,data/unga_general_debate_verbatim_en/automatic_transcripts_unofficial/UNGA2025_day1_EN_ASR.json,
2025_MDA,MDA,republic-moldova__md_en.pdf,en,English_comparison_available,0.7948,0.7831,822,796,hash_verified_archived_extraction,e80aebd51c1b9f7fff011e87c27cfa193f656f977369790e4677af261f55bcb9,archive/retired_materials.zip,data/UNGA80_General_Debate_2025_statements/UNGA80_General_Debate_2025/republic-moldova__md_en.pdf,data/unga_general_debate_verbatim_en/automatic_transcripts_unofficial/UNGA2025_day6_EN_ASR.txt,
2025_ROU,ROU,romania__ro_en.pdf,en,English_comparison_available,0.5645,0.6779,1954,2346,hash_verified_archived_extraction,8e72fb86603901f79d948b8eac21a9f205b9810df657cdf2156c2c2a2f783f49,archive/retired_materials.zip,data/UNGA80_General_Debate_2025_statements/UNGA80_General_Debate_2025/romania__ro_en.pdf,data/unga_general_debate_verbatim_en/automatic_transcripts_unofficial/UNGA2025_day5_EN_ASR.json,
2025_RUS,RUS,russian-federation__ru_ru.pdf,ru,non_English_statement,0.0,0.0,2158,2941,hash_verified_archived_extraction,4433ed47940834c14551ea83b72c7f29a36cb844c5093bac230de5cf30303220,archive/retired_materials.zip,data/UNGA80_General_Debate_2025_statements/UNGA80_General_Debate_2025/russian-federation__ru_ru.pdf,data/unga_general_debate_verbatim_en/automatic_transcripts_unofficial/UNGA2025_day5_EN_ASR.json,
2025_RWA,RWA,rwanda__rw_en.pdf,en,English_comparison_available,0.7066,0.6928,1768,1753,hash_verified_archived_extraction,f811af6b07d1c9802d6f4e60dfc1a1052a2f308c47ef4010ee3d63639cedc2e3,archive/retired_materials.zip,data/UNGA80_General_Debate_2025_statements/UNGA80_General_Debate_2025/rwanda__rw_en.pdf,data/unga_general_debate_verbatim_en/automatic_transcripts_unofficial/UNGA2025_day3_EN_ASR.json,
2025_KNA,KNA,saint-kitts-and-nevis__kn_en.pdf,en,English_comparison_available,0.7378,0.7135,3225,3101,hash_verified_archived_extraction,6f2580d925f39adb40e95a00abd639f795bce7a981b8368bfebe83fe5e79ac91,archive/retired_materials.zip,data/UNGA80_General_Debate_2025_statements/UNGA80_General_Debate_2025/saint-kitts-and-nevis__kn_en.pdf,data/unga_general_debate_verbatim_en/automatic_transcripts_unofficial/UNGA2025_day5_EN_ASR.json,
2025_LCA,LCA,saint-lucia__lc_en.pdf,en,English_comparison_available,0.8104,0.8047,2714,2675,hash_verified_archived_extraction,aa4a33599260595bb16a4429d731665d80f7f6a9f3fc72c9a822a5e90385b418,archive/retired_materials.zip,data/UNGA80_General_Debate_2025_statements/UNGA80_General_Debate_2025/saint-lucia__lc_en.pdf,data/unga_general_debate_verbatim_en/automatic_transcripts_unofficial/UNGA2025_day6_EN_ASR.txt,
2025_VCT,VCT,saint-vincent-and-grenadines__vc_en.pdf,en,English_comparison_available,0.7098,0.3658,3472,1779,hash_verified_archived_extraction,afdff7c269327b1a8eedd33f24706d4709e1e4ba260bc300af51187a37c086ac,archive/retired_materials.zip,data/UNGA80_General_Debate_2025_statements/UNGA80_General_Debate_2025/saint-vincent-and-grenadines__vc_en.pdf,data/unga_general_debate_verbatim_en/automatic_transcripts_unofficial/UNGA2025_day4_EN_ASR.json,
2025_WSM,WSM,samoa__ws_en.pdf,en,English_comparison_available,0.6581,0.6641,1951,1961,hash_verified_archived_extraction,e6c419ab4f959077ee8b4e2d5c4848edfbaff69844fa28d4b61d2c5e11306972,archive/retired_materials.zip,data/UNGA80_General_Debate_2025_statements/UNGA80_General_Debate_2025/samoa__ws_en.pdf,data/unga_general_debate_verbatim_en/automatic_transcripts_unofficial/UNGA2025_day4_EN_ASR.json,
2025_SMR,SMR,san-marino__sm_en.pdf,en,English_comparison_available,0.5631,0.5327,2861,2702,hash_verified_archived_extraction,7e42a80055b9735ebef526f0fd67ed194887713b5c90d3db41c8b7aa8ddfa999,archive/retired_materials.zip,data/UNGA80_General_Debate_2025_statements/UNGA80_General_Debate_2025/san-marino__sm_en.pdf,data/unga_general_debate_verbatim_en/automatic_transcripts_unofficial/UNGA2025_day5_EN_ASR.json,
2025_SAU,SAU,saudi-arabia__sa_ar.pdf,ar,non_English_statement,0.0,0.0,2047,2775,hash_verified_archived_extraction,36fc3ea500440076f80e8cff2cab23b2987496d9d16d259fbb98cdae1532f1f4,archive/retired_materials.zip,data/UNGA80_General_Debate_2025_statements/UNGA80_General_Debate_2025/saudi-arabia__sa_ar.pdf,data/unga_general_debate_verbatim_en/automatic_transcripts_unofficial/UNGA2025_day5_EN_ASR.json,
2025_UNSG,UNSG,secretary-general-united-nations__unsg_en.pdf,en,excluded_non_member,0.0,0.0,2848,0,native_pdf_extraction,27734c9d8cd1cf71506cbe52b2ba67de1c6f52dfe0a1c7c87cd7e7b59f57db1f,archive/retired_materials.zip,data/UNGA80_General_Debate_2025_statements/UNGA80_General_Debate_2025/secretary-general-united-nations__unsg_en.pdf,,
2025_UNSG,UNSG,secretary-general-united-nations__unsg_fl.pdf,fl,excluded_non_member,0.0,0.0,3394,0,native_pdf_extraction,34d732c770b748b069266be669b394d22313dea83a7946b9824b1209a2cdfb1c,archive/retired_materials.zip,data/UNGA80_General_Debate_2025_statements/UNGA80_General_Debate_2025/secretary-general-united-nations__unsg_fl.pdf,,
2025_UNSG,UNSG,secretary-general-united-nations__unsg_fr.pdf,fr,excluded_non_member,0.0,0.0,6499,0,native_pdf_extraction,fa22b89c3137c8c39359504a9e57e09f41d55380985f6b253f3a1395339de504,archive/retired_materials.zip,data/UNGA80_General_Debate_2025_statements/UNGA80_General_Debate_2025/secretary-general-united-nations__unsg_fr.pdf,,
2025_SEN,SEN,senegal__sn_fr.pdf,fr,non_English_statement,0.0,0.0,1421,1337,hash_verified_archived_extraction,ceec410222794080ef591a13770c6f434ed1f4a8ee9c3b2503a62ba0d2dcf475,archive/retired_materials.zip,data/UNGA80_General_Debate_2025_statements/UNGA80_General_Debate_2025/senegal__sn_fr.pdf,data/unga_general_debate_verbatim_en/automatic_transcripts_unofficial/UNGA2025_day2_EN_ASR.json,
2025_SRB,SRB,serbia__rs_en.pdf,en,English_comparison_available,0.8972,0.8888,3561,3500,hash_verified_archived_extraction,20414f5fb1017fd31a4a3c6c44c61eacf584db78e2085c93887f08d6779e5847,archive/retired_materials.zip,data/UNGA80_General_Debate_2025_statements/UNGA80_General_Debate_2025/serbia__rs_en.pdf,data/unga_general_debate_verbatim_en/automatic_transcripts_unofficial/UNGA2025_day2_EN_ASR.json,
2025_SRB,SRB,serbia__rs_rs_0.pdf,rs,non_English_statement,0.0,0.0,3940,3500,native_pdf_extraction,dfe934e37978eb3cb25547e1ed6725182576438b81471b7c9a1b7dc0c73a2195,archive/retired_materials.zip,data/UNGA80_General_Debate_2025_statements/UNGA80_General_Debate_2025/serbia__rs_rs_0.pdf,data/unga_general_debate_verbatim_en/automatic_transcripts_unofficial/UNGA2025_day2_EN_ASR.json,
2025_SLE,SLE,sierra-leone__sl_en_0.pdf,en,English_comparison_available,0.5863,0.5171,2412,2099,hash_verified_archived_extraction,a9672431f33b54380c52486326e25883538f27a2b9c8aa13f428d104f4251055,archive/retired_materials.zip,data/UNGA80_General_Debate_2025_statements/UNGA80_General_Debate_2025/sierra-leone__sl_en_0.pdf,data/unga_general_debate_verbatim_en/automatic_transcripts_unofficial/UNGA2025_day2_EN_ASR.json,
2025_SGP,SGP,singapore__sg_en.pdf,en,English_comparison_available,0.7056,0.6641,2096,1957,hash_verified_archived_extraction,d58de459366cd2312a036a2eec4c957b5d7d7af7a712d0b8a1a417b17dd322e9,archive/retired_materials.zip,data/UNGA80_General_Debate_2025_statements/UNGA80_General_Debate_2025/singapore__sg_en.pdf,data/unga_general_debate_verbatim_en/automatic_transcripts_unofficial/UNGA2025_day5_EN_ASR.json,
2025_SVK,SVK,slovakia__sk_en_0.pdf,en,English_comparison_available,0.8613,0.8514,1552,1541,hash_verified_archived_extraction,0a1f75917be865dea79862157f35c0a3ea7717d1d505c108c0b32f70b07cc473,archive/retired_materials.zip,data/UNGA80_General_Debate_2025_statements/UNGA80_General_Debate_2025/slovakia__sk_en_0.pdf,data/unga_general_debate_verbatim_en/automatic_transcripts_unofficial/UNGA2025_day2_EN_ASR.json,
2025_SVN,SVN,slovenia__si_en.pdf,en,English_comparison_available,0.815,0.8303,1830,1852,hash_verified_archived_extraction,2e8a7e42c7121c1b879d4d6966e9aa8e6b3c6b3da62c378c0ae3cc56af87ee2d,archive/retired_materials.zip,data/UNGA80_General_Debate_2025_statements/UNGA80_General_Debate_2025/slovenia__si_en.pdf,data/unga_general_debate_verbatim_en/automatic_transcripts_unofficial/UNGA2025_day1_EN_ASR.json,
2025_SLB,SLB,solomon-islands__sb_en.pdf,en,English_comparison_available,0.7724,0.7343,3522,3315,hash_verified_archived_extraction,bd4b8a067596711aeb0487d5d619c8aede96109b0a4ce39ecbbc2b020fe8986e,archive/retired_materials.zip,data/UNGA80_General_Debate_2025_statements/UNGA80_General_Debate_2025/solomon-islands__sb_en.pdf,data/unga_general_debate_verbatim_en/automatic_transcripts_unofficial/UNGA2025_day4_EN_ASR.json,
2025_SOM,SOM,somalia__so_en.pdf,en,English_comparison_available,0.7189,0.6742,1934,1732,hash_verified_archived_extraction,a94190a4fcd7c7d952a6531d2c17bdb4fd766c6040eb1e8b3d6c0bab3aafd9b8,archive/retired_materials.zip,data/UNGA80_General_Debate_2025_statements/UNGA80_General_Debate_2025/somalia__so_en.pdf,data/unga_general_debate_verbatim_en/automatic_transcripts_unofficial/UNGA2025_day3_EN_ASR.json,
2025_ZAF,ZAF,south-africa__za_en.pdf,en,English_comparison_available,0.5558,0.7262,1683,2223,hash_verified_archived_extraction,3cd2fb8dc456c11a8fa633f5f6cc64986c40c421546c0c430541ac7dd84fee6c,archive/retired_materials.zip,data/UNGA80_General_Debate_2025_statements/UNGA80_General_Debate_2025/south-africa__za_en.pdf,data/unga_general_debate_verbatim_en/automatic_transcripts_unofficial/UNGA2025_day1_EN_ASR.json,
2025_ESP,ESP,spain__es_es.pdf,es,non_English_statement,0.0,0.0,2057,2232,hash_verified_archived_extraction,216e913041e5aabb5d3721134a844320586677aaf1f282e7f21af93b5f406128,archive/retired_materials.zip,data/UNGA80_General_Debate_2025_statements/UNGA80_General_Debate_2025/spain__es_es.pdf,data/unga_general_debate_verbatim_en/automatic_transcripts_unofficial/UNGA2025_day2_EN_ASR.json,
2025_LKA,LKA,sri-lanka__lk_en.pdf,en,English_comparison_available,0.5806,0.515,2163,1921,hash_verified_archived_extraction,135635b4853940a809da464f993e64b18ac8d2fbeb47dc2f257e7a6ef61b755d,archive/retired_materials.zip,data/UNGA80_General_Debate_2025_statements/UNGA80_General_Debate_2025/sri-lanka__lk_en.pdf,data/unga_general_debate_verbatim_en/automatic_transcripts_unofficial/UNGA2025_day2_EN_ASR.json,
2025_SDN,SDN,sudan__sd_fl.pdf,fl,non_English_statement,0.0669,0.5274,1309,1889,hash_verified_archived_extraction,24a9c91c76aca329eddbea085e717d145c14243933916f5d1b071b71812f5c35,archive/retired_materials.zip,data/UNGA80_General_Debate_2025_statements/UNGA80_General_Debate_2025/sudan__sd_fl.pdf,data/unga_general_debate_verbatim_en/automatic_transcripts_unofficial/UNGA2025_day3_EN_ASR.json,
2025_SUR,SUR,suriname__sr_en.pdf,en,English_comparison_available,0.5734,0.553,2159,2070,hash_verified_archived_extraction,479aa1600e76abebca6de1bba92d73cb711a6b2033b9ab12aee6f715aab66ae0,archive/retired_materials.zip,data/UNGA80_General_Debate_2025_statements/UNGA80_General_Debate_2025/suriname__sr_en.pdf,data/unga_general_debate_verbatim_en/automatic_transcripts_unofficial/UNGA2025_day1_EN_ASR.json,
2025_SWE,SWE,sweden__se_en.pdf,en,English_comparison_available,0.8659,0.8059,1735,1596,hash_verified_archived_extraction,23a67b757fd4dccadf92dc1a0fdf07ba5a2fa5a5a2bfd7c5837ed71d85a7a130,archive/retired_materials.zip,data/UNGA80_General_Debate_2025_statements/UNGA80_General_Debate_2025/sweden__se_en.pdf,data/unga_general_debate_verbatim_en/automatic_transcripts_unofficial/UNGA2025_day3_EN_ASR.json,
2025_SWE,SWE,sweden__se_se_0.pdf,se,non_English_statement,0.0,0.0,1982,1596,native_pdf_extraction,01a560949b5018f4cdd0ad4484ff382b18c7c266e850bf1585be29b41af2b6f7,archive/retired_materials.zip,data/UNGA80_General_Debate_2025_statements/UNGA80_General_Debate_2025/sweden__se_se_0.pdf,data/unga_general_debate_verbatim_en/automatic_transcripts_unofficial/UNGA2025_day3_EN_ASR.json,
2025_CHE,CHE,switzerland__ch_de.pdf,de,non_English_statement,0.0,0.0,1126,1252,native_pdf_extraction,077be790ea756c032b737fbfaea59201f781ca2479f7b09d7a9b9d7f9d0f8e1f,archive/retired_materials.zip,data/UNGA80_General_Debate_2025_statements/UNGA80_General_Debate_2025/switzerland__ch_de.pdf,data/unga_general_debate_verbatim_en/automatic_transcripts_unofficial/UNGA2025_day2_EN_ASR.json,
2025_CHE,CHE,switzerland__ch_en.pdf,en,English_comparison_available,0.4404,0.4252,1280,1252,hash_verified_archived_extraction,ccf309808642ddb15441195c4dd51e7458cf1b4b8fb86c7b3b15627ca9fdb207,archive/retired_materials.zip,data/UNGA80_General_Debate_2025_statements/UNGA80_General_Debate_2025/switzerland__ch_en.pdf,data/unga_general_debate_verbatim_en/automatic_transcripts_unofficial/UNGA2025_day2_EN_ASR.json,
2025_CHE,CHE,switzerland__ch_fr.pdf,fr,non_English_statement,0.0,0.0,1877,1252,native_pdf_extraction,2ed1042c675bd0cb6aad8798769ef5689b3246f947e3dfb4bd7df74f67f5954a,archive/retired_materials.zip,data/UNGA80_General_Debate_2025_statements/UNGA80_General_Debate_2025/switzerland__ch_fr.pdf,data/unga_general_debate_verbatim_en/automatic_transcripts_unofficial/UNGA2025_day2_EN_ASR.json,
2025_SYR,SYR,syrian-arab-republic__sy_en.pdf,en,English_comparison_available,0.3711,0.3042,1290,1060,hash_verified_archived_extraction,e877185608ed349a734327528768290d33180cf8cf07b2c4fcb8cb747d623e93,archive/retired_materials.zip,data/UNGA80_General_Debate_2025_statements/UNGA80_General_Debate_2025/syrian-arab-republic__sy_en.pdf,data/unga_general_debate_verbatim_en/automatic_transcripts_unofficial/UNGA2025_day2_EN_ASR.json,
2025_TJK,TJK,tajikistan__tj_en.pdf,en,English_comparison_available,0.8404,0.8367,1571,1573,hash_verified_archived_extraction,0af5ee47a8970238c71c1b06459e1e45623cbe714a5a19e25c60705ac95dc68e,archive/retired_materials.zip,data/UNGA80_General_Debate_2025_statements/UNGA80_General_Debate_2025/tajikistan__tj_en.pdf,data/unga_general_debate_verbatim_en/automatic_transcripts_unofficial/UNGA2025_day1_EN_ASR.json,
2025_TJK,TJK,tajikistan__tj_tj.pdf,tj,non_English_statement,0.0,0.0,1510,1573,native_pdf_extraction,26d1dba714ce11147a2bf37aa394aec403c6a2cea445cbbbfdbe62be2c8bb311,archive/retired_materials.zip,data/UNGA80_General_Debate_2025_statements/UNGA80_General_Debate_2025/tajikistan__tj_tj.pdf,data/unga_general_debate_verbatim_en/automatic_transcripts_unofficial/UNGA2025_day1_EN_ASR.json,
2025_THA,THA,thailand__th_en.pdf,en,English_comparison_available,0.7643,0.7352,2587,2465,hash_verified_archived_extraction,ba2e6610e71b37ed7c71efc221ca841890c7d962c1696ba68851a190c5cf7450,archive/retired_materials.zip,data/UNGA80_General_Debate_2025_statements/UNGA80_General_Debate_2025/thailand__th_en.pdf,data/unga_general_debate_verbatim_en/automatic_transcripts_unofficial/UNGA2025_day5_EN_ASR.json,
2025_TLS,TLS,timor-leste__tl_en.pdf,en,English_comparison_available,0.8952,0.8827,2770,2719,hash_verified_archived_extraction,0959b79cab6e1ace2a1db2d976ae37a8848882f1793cb0353a79b49ec9251e89,archive/retired_materials.zip,data/UNGA80_General_Debate_2025_statements/UNGA80_General_Debate_2025/timor-leste__tl_en.pdf,data/unga_general_debate_verbatim_en/automatic_transcripts_unofficial/UNGA2025_day6_EN_ASR.txt,
2025_TLS,TLS,timor-leste__tl_pt.pdf,pt,non_English_statement,0.0,0.0,2922,2719,native_pdf_extraction,190895c56a063d98532976073285a853374b143c429fa1d0c71c6f8e23db0fdb,archive/retired_materials.zip,data/UNGA80_General_Debate_2025_statements/UNGA80_General_Debate_2025/timor-leste__tl_pt.pdf,data/unga_general_debate_verbatim_en/automatic_transcripts_unofficial/UNGA2025_day6_EN_ASR.txt,
2025_TGO,TGO,togo__tg_fl.pdf,fl,non_English_statement,0.0967,0.0824,3305,3152,hash_verified_archived_extraction,4638f7b8ded5ac6bd7c690aa4a0c642711cef8d876967155a8f4dd4fbab6f235,archive/retired_materials.zip,data/UNGA80_General_Debate_2025_statements/UNGA80_General_Debate_2025/togo__tg_fl.pdf,data/unga_general_debate_verbatim_en/automatic_transcripts_unofficial/UNGA2025_day4_EN_ASR.json,
2025_TON,TON,tonga__to_en.pdf,en,English_comparison_available,0.6758,0.6357,2078,1962,hash_verified_archived_extraction,49563619536372eab54c2b8a4e17a357f73411f6bebd5ead2b247ebc78deefbf,archive/retired_materials.zip,data/UNGA80_General_Debate_2025_statements/UNGA80_General_Debate_2025/tonga__to_en.pdf,data/unga_general_debate_verbatim_en/automatic_transcripts_unofficial/UNGA2025_day4_EN_ASR.json,
2025_TTO,TTO,trinidad-and-tobago__tt_en.pdf,en,English_comparison_available,0.3973,0.4341,1835,2023,hash_verified_archived_extraction,402922fd23da07fb786f0eeb84cc3d00429686bc36a9fe41a3df832e6fa73ebd,archive/retired_materials.zip,data/UNGA80_General_Debate_2025_statements/UNGA80_General_Debate_2025/trinidad-and-tobago__tt_en.pdf,data/unga_general_debate_verbatim_en/automatic_transcripts_unofficial/UNGA2025_day4_EN_ASR.json,
2025_TUN,TUN,tunisia__tn_ar.pdf,ar,non_English_statement,0.0,0.0,2923,3055,hash_verified_archived_extraction,f173e370e8a5c0a351d1964b57d2a481350434cb8c17a5ca390f0c7077cb3dbf,archive/retired_materials.zip,data/UNGA80_General_Debate_2025_statements/UNGA80_General_Debate_2025/tunisia__tn_ar.pdf,data/unga_general_debate_verbatim_en/automatic_transcripts_unofficial/UNGA2025_day5_EN_ASR.json,
2025_TKM,TKM,turkmenistan__tm_en.pdf,en,English_comparison_available,0.1508,0.1427,1660,1554,hash_verified_archived_extraction,22836394aa45787292d8b68c49ae3c787775a93f8ac88f38899f0596885a3dc0,archive/retired_materials.zip,data/UNGA80_General_Debate_2025_statements/UNGA80_General_Debate_2025/turkmenistan__tm_en.pdf,data/unga_general_debate_verbatim_en/automatic_transcripts_unofficial/UNGA2025_day1_EN_ASR.json,
2025_TKM,TKM,turkmenistan__tm_ru.pdf,ru,non_English_statement,0.0,0.0,103,1554,native_pdf_extraction,869a93ff47ae7210fba2e996fda6142d49b6375181f7633400e64b595c9a6d00,archive/retired_materials.zip,data/UNGA80_General_Debate_2025_statements/UNGA80_General_Debate_2025/turkmenistan__tm_ru.pdf,data/unga_general_debate_verbatim_en/automatic_transcripts_unofficial/UNGA2025_day1_EN_ASR.json,
2025_TUV,TUV,tuvalu__tv_en.pdf,en,English_comparison_available,0.6476,0.6152,3264,3094,hash_verified_archived_extraction,3ff4bc2160c57982333e95ca47b951f3debfca58b2dd63d6c805bdbff15ec4bf,archive/retired_materials.zip,data/UNGA80_General_Debate_2025_statements/UNGA80_General_Debate_2025/tuvalu__tv_en.pdf,data/unga_general_debate_verbatim_en/automatic_transcripts_unofficial/UNGA2025_day4_EN_ASR.json,
2025_UGA,UGA,uganda__ug_en.pdf,en,English_comparison_available,0.7613,0.7263,1450,1386,hash_verified_archived_extraction,84550242e2cd8af263f4c90698d63e4f2caacffeaa45b6a6f12d03d1bb313603,archive/retired_materials.zip,data/UNGA80_General_Debate_2025_statements/UNGA80_General_Debate_2025/uganda__ug_en.pdf,data/unga_general_debate_verbatim_en/automatic_transcripts_unofficial/UNGA2025_day3_EN_ASR.json,
2025_UKR,UKR,ukraine__ua_en.pdf,en,English_comparison_available,0.8873,0.8869,2242,2183,hash_verified_archived_extraction,827965b19d3287d28d89961e7d11bef29665cf2d70702191c5e38b1f7387b027,archive/retired_materials.zip,data/UNGA80_General_Debate_2025_statements/UNGA80_General_Debate_2025/ukraine__ua_en.pdf,data/unga_general_debate_verbatim_en/automatic_transcripts_unofficial/UNGA2025_day2_EN_ASR.json,
2025_ARE,ARE,united-arab-emirates__ae_ar.pdf,ar,non_English_statement,0.0,0.0,1993,1390,native_pdf_extraction,831866b6144502250d3082d78096efa08d481180ca16f5c3845eb27d437ecb3a,archive/retired_materials.zip,data/UNGA80_General_Debate_2025_statements/UNGA80_General_Debate_2025/united-arab-emirates__ae_ar.pdf,data/unga_general_debate_verbatim_en/automatic_transcripts_unofficial/UNGA2025_day5_EN_ASR.json,
2025_ARE,ARE,united-arab-emirates__ae_en.pdf,en,English_comparison_available,0.8788,0.8572,1428,1390,hash_verified_archived_extraction,e2820a0d5052ea2dc946768cb191ad457415decd1fd59c40a60686a1aa02676f,archive/retired_materials.zip,data/UNGA80_General_Debate_2025_statements/UNGA80_General_Debate_2025/united-arab-emirates__ae_en.pdf,data/unga_general_debate_verbatim_en/automatic_transcripts_unofficial/UNGA2025_day5_EN_ASR.json,
2025_TZA,TZA,united-republic-tanzania__tz_en.pdf,en,English_comparison_available,0.8501,0.7815,1588,1457,hash_verified_archived_extraction,b71c7b094ab9ec8e7a170e2d49311d49ffcfc18b44273763b4a1c0cc3b0e6763,archive/retired_materials.zip,data/UNGA80_General_Debate_2025_statements/UNGA80_General_Debate_2025/united-republic-tanzania__tz_en.pdf,data/unga_general_debate_verbatim_en/automatic_transcripts_unofficial/UNGA2025_day3_EN_ASR.json,
2025_URY,URY,uruguay__uy_es.pdf,es,non_English_statement,0.0,0.0,463,1648,hash_verified_archived_extraction,c6bd3b616837eb278dc39bc710188e6379aa7a3df47203ea1087fd4571e2543d,archive/retired_materials.zip,data/UNGA80_General_Debate_2025_statements/UNGA80_General_Debate_2025/uruguay__uy_es.pdf,data/unga_general_debate_verbatim_en/automatic_transcripts_unofficial/UNGA2025_day1_EN_ASR.json,
2025_UZB,UZB,uzbekistan__uz_en.pdf,en,English_comparison_available,0.831,0.8185,1655,1631,hash_verified_archived_extraction,b5dea77c0307a5a209c7284a8748af0a88236840f18abab530365ec1dc28a28d,archive/retired_materials.zip,data/UNGA80_General_Debate_2025_statements/UNGA80_General_Debate_2025/uzbekistan__uz_en.pdf,data/unga_general_debate_verbatim_en/automatic_transcripts_unofficial/UNGA2025_day1_EN_ASR.json,
2025_UZB,UZB,uzbekistan__uz_ru.pdf,ru,non_English_statement,0.0,0.0,1322,1631,native_pdf_extraction,79c1cec42ea8616bd0e8b1b83967c35dae0affadb68a5e1d08f369db9b863b38,archive/retired_materials.zip,data/UNGA80_General_Debate_2025_statements/UNGA80_General_Debate_2025/uzbekistan__uz_ru.pdf,data/unga_general_debate_verbatim_en/automatic_transcripts_unofficial/UNGA2025_day1_EN_ASR.json,
2025_VUT,VUT,vanuatu__vu_en.pdf,en,English_comparison_available,0.8476,0.8251,1610,1573,hash_verified_archived_extraction,c82a00b26979c9c37dff5be8fdff697c53362e083ad305d0e813454c6c35e3f5,archive/retired_materials.zip,data/UNGA80_General_Debate_2025_statements/UNGA80_General_Debate_2025/vanuatu__vu_en.pdf,data/unga_general_debate_verbatim_en/automatic_transcripts_unofficial/UNGA2025_day6_EN_ASR.txt,
2025_VEN,VEN,venezuela-bolivarian-republic__ve_es.pdf,es,non_English_statement,0.0,0.0,1745,1999,hash_verified_archived_extraction,0f367797e3ce5eaa658ecd4df0e42f36302673d8bd544169d2ac6ace69592329,archive/retired_materials.zip,data/UNGA80_General_Debate_2025_statements/UNGA80_General_Debate_2025/venezuela-bolivarian-republic__ve_es.pdf,data/unga_general_debate_verbatim_en/automatic_transcripts_unofficial/UNGA2025_day4_EN_ASR.json,
2025_VNM,VNM,viet-nam__vn_en.pdf,en,English_comparison_available,0.8141,0.7833,1523,1466,hash_verified_archived_extraction,7980387d5ccac093148dcdd85c376a87fa6bc12e857a4fc270bf80be2f87d130,archive/retired_materials.zip,data/UNGA80_General_Debate_2025_statements/UNGA80_General_Debate_2025/viet-nam__vn_en.pdf,data/unga_general_debate_verbatim_en/automatic_transcripts_unofficial/UNGA2025_day1_EN_ASR.json,
2025_YEM,YEM,yemen__ye_ar.pdf,ar,non_English_statement,0.0,0.0,1176,1653,hash_verified_archived_extraction,043f59e5d29fbafb1773683fd2ba9f0ee5525a50d39a6e160913c405784e91d7,archive/retired_materials.zip,data/UNGA80_General_Debate_2025_statements/UNGA80_General_Debate_2025/yemen__ye_ar.pdf,data/unga_general_debate_verbatim_en/automatic_transcripts_unofficial/UNGA2025_day3_EN_ASR.json,
2025_ZMB,ZMB,zambia__zm_en.pdf,en,English_comparison_available,0.7482,0.7395,2058,2037,hash_verified_archived_extraction,eecfea94dde8e0bfd7fcab8d7291a759d8f214681a514439be6bb7c0f9b6509b,archive/retired_materials.zip,data/UNGA80_General_Debate_2025_statements/UNGA80_General_Debate_2025/zambia__zm_en.pdf,data/unga_general_debate_verbatim_en/automatic_transcripts_unofficial/UNGA2025_day6_EN_ASR.txt,
2025_ZWE,ZWE,zimbabwe__zw_en.pdf,en,English_comparison_available,0.6879,0.6649,1850,1779,hash_verified_archived_extraction,dcd64fa9e49519b533f8ed2225480c0fe6a2667e408a5f3b8fb138784c1cf186,archive/retired_materials.zip,data/UNGA80_General_Debate_2025_statements/UNGA80_General_Debate_2025/zimbabwe__zw_en.pdf,data/unga_general_debate_verbatim_en/automatic_transcripts_unofficial/UNGA2025_day4_EN_ASR.json,
