year	iso3	mechanism	reference_type	mention	support	request	concern	opposition	locators	assessment
2023	MCO	High-Level Advisory Body	predecessor	1	1	0	0	0	7	Welcomes work to establish UN advisory body; not the later Scientific Panel.
2023	KOR	High-Level Advisory Body	predecessor	1	1	0	0	0	11	Offers collaboration and expert network.
2023	SGP	High-Level Advisory Body	predecessor	1	1	0	0	0	4	Welcomes convening advisory body.
2023	SVN	High-Level Advisory Body	predecessor	1	1	0	0	0	8	Applauds formation of advisory body.
2023	SGP	Global Dialogue on AI Governance	precursor_generic	1	1	1	0	0	4,5	Requests inclusive global dialogue starting at UN; predates established mechanism.
2024	GRC	High-Level Advisory Body recommendations	package	1	1	0	0	0	14	Praises Governing AI for Humanity recommendations as adaptable governance foundation.
2024	ESP	High-Level Advisory Body recommendations	package	1	1	0	0	0	10	Supports seven recommendations collectively; not seven separate named institutional endorsements.
2024	SGP	High-Level Advisory Body recommendations	package	1	1	0	0	0	7	Commits to develop recommendations with all UN members.
2024	SGP	Global Dialogue on AI Governance	precursor_generic	1	1	1	0	0	7	Calls for dialogue on global AI governance without established full mechanism name.
2025	CRI	Global Dialogue on AI Governance	explicit	1	1	0	0	0	7	Welcomes creation and co-facilitation with Spain.
2025	CRI	Independent International Scientific Panel on AI	explicit	1	1	0	0	0	7	Welcomes creation and co-facilitation with Spain.
2025	GRC	Global Dialogue on AI Governance	explicit	1	1	0	0	0	15	Welcomes establishment.
2025	GRC	Independent International Scientific Panel on AI	explicit	1	1	0	0	0	15	Welcomes establishment.
2025	MUS	Global Dialogue on AI Governance	explicit	1	1	0	0	0	10	Welcomes launch of inclusive dialogue.
2025	MUS	Independent International Scientific Panel on AI	explicit	1	1	0	0	0	10	Welcomes scientific panel.
2025	SMR	Global Dialogue on AI Governance	explicit	1	1	0	0	0	11	Welcomes establishment alongside scientific panel.
2025	SMR	Independent International Scientific Panel on AI	explicit	1	1	1	0	0	11,12	Welcomes panel and expects scientific evidence to guide policy and capacity-building.
2025	KAZ	Global Dialogue on AI Governance	explicit	1	1	0	0	0	16	Welcomes dialogue and offers contribution to inclusive responsible governance.
2025	ZWE	Global Dialogue on AI Governance	explicit	1	1	1	0	0	10	Expects dialogue to assist all countries to govern AI effectively.
2025	BRB	Panel and Dialogue	indirect_two_mechanisms	1	1	0	0	0	11	Supports two instruments identified by SG; neither name stated in passage.
2025	GUY	Panel and Dialogue	indirect_two_mechanisms	1	1	0	0	0	17	Supports two global AI governance mechanisms without separately naming them.
