country_slug,file,url
albania,albania__al_en.pdf,https://gadebate.un.org/sites/default/files/gastatements/78/al_en.pdf
argentina,argentina__ar_es.pdf,https://gadebate.un.org/sites/default/files/gastatements/78/ar_es.pdf
armenia,armenia__am_en.pdf,https://gadebate.un.org/sites/default/files/gastatements/78/am_en.pdf
azerbaijan,azerbaijan__az_en_0.pdf,https://gadebate.un.org/sites/default/files/gastatements/78/az_en_0.pdf
australia,australia__au_en.pdf,https://gadebate.un.org/sites/default/files/gastatements/78/au_en.pdf
austria,austria__at_en.pdf,https://gadebate.un.org/sites/default/files/gastatements/78/at_en.pdf
angola,angola__ao_en.pdf,https://gadebate.un.org/sites/default/files/gastatements/78/ao_en.pdf
antigua-and-barbuda,antigua-and-barbuda__ag_en_2.pdf,https://gadebate.un.org/sites/default/files/gastatements/78/ag_en_2.pdf
andorra,andorra__ad_fr.pdf,https://gadebate.un.org/sites/default/files/gastatements/78/ad_fr.pdf
algeria,algeria__dz_ar_0.pdf,https://gadebate.un.org/sites/default/files/gastatements/78/dz_ar_0.pdf
barbados,barbados__bb_en_2.pdf,https://gadebate.un.org/sites/default/files/gastatements/78/bb_en_2.pdf
belarus,belarus__by_ru.pdf,https://gadebate.un.org/sites/default/files/gastatements/78/by_ru.pdf
belize,belize__bz_en.pdf,https://gadebate.un.org/sites/default/files/gastatements/78/bz_en.pdf
belgium,belgium__be_en.pdf,https://gadebate.un.org/sites/default/files/gastatements/78/be_en.pdf
bhutan,bhutan__bt_en.pdf,https://gadebate.un.org/sites/default/files/gastatements/78/bt_en.pdf
bolivia-plurinational-state,bolivia-plurinational-state__bo_es.pdf,https://gadebate.un.org/sites/default/files/gastatements/78/bo_es.pdf
bangladesh,bangladesh__bd_en.pdf,https://gadebate.un.org/sites/default/files/gastatements/78/bd_en.pdf
bahamas,bahamas__bs_en.pdf,https://gadebate.un.org/sites/default/files/gastatements/78/bs_en.pdf
bahrain,bahrain__bh_ar.pdf,https://gadebate.un.org/sites/default/files/gastatements/78/bh_ar.pdf
bahrain,bahrain__bh_en.pdf,https://gadebate.un.org/sites/default/files/gastatements/78/bh_en.pdf
benin,benin__bj_fr.pdf,https://gadebate.un.org/sites/default/files/gastatements/78/bj_fr.pdf
cabo-verde,cabo-verde__cv_en.pdf,https://gadebate.un.org/sites/default/files/gastatements/78/cv_en.pdf
bosnia-and-herzegovina,bosnia-and-herzegovina__ba_en.pdf,https://gadebate.un.org/sites/default/files/gastatements/78/ba_en.pdf
burkina-faso,burkina-faso__bf_fr.pdf,https://gadebate.un.org/sites/default/files/gastatements/78/bf_fr.pdf
botswana,botswana__bw_en.pdf,https://gadebate.un.org/sites/default/files/gastatements/78/bw_en.pdf
burundi,burundi__bi_fr.pdf,https://gadebate.un.org/sites/default/files/gastatements/78/bi_fr.pdf
brazil,brazil__br_en.pdf,https://gadebate.un.org/sites/default/files/gastatements/78/br_en.pdf
brunei-darussalam,brunei-darussalam__bn_en.pdf,https://gadebate.un.org/sites/default/files/gastatements/78/bn_en.pdf
cambodia,cambodia__kh_en_0.pdf,https://gadebate.un.org/sites/default/files/gastatements/78/kh_en_0.pdf
cameroon,cameroon__cm_fr.pdf,https://gadebate.un.org/sites/default/files/gastatements/78/cm_fr.pdf
bulgaria,bulgaria__bg_en.pdf,https://gadebate.un.org/sites/default/files/gastatements/78/bg_en.pdf
china,china__cn_zh.pdf,https://gadebate.un.org/sites/default/files/gastatements/78/cn_zh.pdf
china,china__cn_en.pdf,https://gadebate.un.org/sites/default/files/gastatements/78/cn_en.pdf
china,china__cn_fr.pdf,https://gadebate.un.org/sites/default/files/gastatements/78/cn_fr.pdf
canada,canada__ca_en.pdf,https://gadebate.un.org/sites/default/files/gastatements/78/ca_en.pdf
canada,canada__ca_fl_0.pdf,https://gadebate.un.org/sites/default/files/gastatements/78/ca_fl_0.pdf
central-african-republic,central-african-republic__cf_fr.pdf,https://gadebate.un.org/sites/default/files/gastatements/78/cf_fr.pdf
congo,congo__cg_fr.pdf,https://gadebate.un.org/sites/default/files/gastatements/78/cg_fr.pdf
colombia,colombia__co_es.pdf,https://gadebate.un.org/sites/default/files/gastatements/78/co_es.pdf
comoros,comoros__km_fr.pdf,https://gadebate.un.org/sites/default/files/gastatements/78/km_fr.pdf
cote-divoire,cote-divoire__ci_fr_0.pdf,https://gadebate.un.org/sites/default/files/gastatements/78/ci_fr_0.pdf
chad,chad__td_fr.pdf,https://gadebate.un.org/sites/default/files/gastatements/78/td_fr.pdf
chile,chile__cl_es.pdf,https://gadebate.un.org/sites/default/files/gastatements/78/cl_es.pdf
costa-rica,costa-rica__cr_es.pdf,https://gadebate.un.org/sites/default/files/gastatements/78/cr_es.pdf
croatia,croatia__hr_en.pdf,https://gadebate.un.org/sites/default/files/gastatements/78/hr_en.pdf
cuba,cuba__cu_es.pdf,https://gadebate.un.org/sites/default/files/gastatements/78/cu_es.pdf
democratic-peoples-republic-korea,democratic-peoples-republic-korea__kp_en.pdf,https://gadebate.un.org/sites/default/files/gastatements/78/kp_en.pdf
denmark,denmark__dk_en.pdf,https://gadebate.un.org/sites/default/files/gastatements/78/dk_en.pdf
dominica,dominica__dm_en.pdf,https://gadebate.un.org/sites/default/files/gastatements/78/dm_en.pdf
cyprus,cyprus__cy_en.pdf,https://gadebate.un.org/sites/default/files/gastatements/78/cy_en.pdf
djibouti,djibouti__dj_fr.pdf,https://gadebate.un.org/sites/default/files/gastatements/78/dj_fr.pdf
czech-republic,czech-republic__cz_en.pdf,https://gadebate.un.org/sites/default/files/gastatements/78/cz_en.pdf
democratic-republic-congo,democratic-republic-congo__cd_fr.pdf,https://gadebate.un.org/sites/default/files/gastatements/78/cd_fr.pdf
dominican-republic,dominican-republic__do_es.pdf,https://gadebate.un.org/sites/default/files/gastatements/78/do_es.pdf
egypt,egypt__eg_ar.pdf,https://gadebate.un.org/sites/default/files/gastatements/78/eg_ar.pdf
egypt,egypt__eg_en.pdf,https://gadebate.un.org/sites/default/files/gastatements/78/eg_en.pdf
fiji,fiji__fj_en.pdf,https://gadebate.un.org/sites/default/files/gastatements/78/fj_en.pdf
el-salvador,el-salvador__sv_es.pdf,https://gadebate.un.org/sites/default/files/gastatements/78/sv_es.pdf
equatorial-guinea,equatorial-guinea__gq_es.pdf,https://gadebate.un.org/sites/default/files/gastatements/78/gq_es.pdf
eritrea,eritrea__er_en.pdf,https://gadebate.un.org/sites/default/files/gastatements/78/er_en.pdf
estonia,estonia__ee_en.pdf,https://gadebate.un.org/sites/default/files/gastatements/78/ee_en.pdf
eswatini,eswatini__sz_en.pdf,https://gadebate.un.org/sites/default/files/gastatements/78/sz_en.pdf
ethiopia,ethiopia__et_en.pdf,https://gadebate.un.org/sites/default/files/gastatements/78/et_en.pdf
european-union,european-union__eu_fr.pdf,https://gadebate.un.org/sites/default/files/gastatements/78/eu_fr.pdf
ecuador,ecuador__ec_es.pdf,https://gadebate.un.org/sites/default/files/gastatements/78/ec_es.pdf
gambia-republic,gambia-republic__gm_en_1.pdf,https://gadebate.un.org/sites/default/files/gastatements/78/gm_en_1.pdf
finland,finland__fi_fl.pdf,https://gadebate.un.org/sites/default/files/gastatements/78/fi_fl.pdf
finland,finland__fi_en.pdf,https://gadebate.un.org/sites/default/files/gastatements/78/fi_en.pdf
georgia,georgia__ge_en.pdf,https://gadebate.un.org/sites/default/files/gastatements/78/ge_en.pdf
germany,germany__de_fl.pdf,https://gadebate.un.org/sites/default/files/gastatements/78/de_fl.pdf
germany,germany__de_en.pdf,https://gadebate.un.org/sites/default/files/gastatements/78/de_en.pdf
guatemala,guatemala__gt_es.pdf,https://gadebate.un.org/sites/default/files/gastatements/78/gt_es.pdf
greece,greece__gr_en.pdf,https://gadebate.un.org/sites/default/files/gastatements/78/gr_en.pdf
ghana,ghana__gh_en_0.pdf,https://gadebate.un.org/sites/default/files/gastatements/78/gh_en_0.pdf
france,france__fr_fr.pdf,https://gadebate.un.org/sites/default/files/gastatements/78/fr_fr.pdf
grenada,grenada__gd_en.pdf,https://gadebate.un.org/sites/default/files/gastatements/78/gd_en.pdf
gabon,gabon__ga_fr.pdf,https://gadebate.un.org/sites/default/files/gastatements/78/ga_fr.pdf
holy-see,holy-see__va_en_0.pdf,https://gadebate.un.org/sites/default/files/gastatements/78/va_en_0.pdf
haiti,haiti__ht_fr.pdf,https://gadebate.un.org/sites/default/files/gastatements/78/ht_fr.pdf
guinea,guinea__gn_fr_0.pdf,https://gadebate.un.org/sites/default/files/gastatements/78/gn_fr_0.pdf
guinea-bissau,guinea-bissau__gw_en_0.pdf,https://gadebate.un.org/sites/default/files/gastatements/78/gw_en_0.pdf
iceland,iceland__is_en.pdf,https://gadebate.un.org/sites/default/files/gastatements/78/is_en.pdf
india,india__in_en.pdf,https://gadebate.un.org/sites/default/files/gastatements/78/in_en.pdf
indonesia,indonesia__id_en.pdf,https://gadebate.un.org/sites/default/files/gastatements/78/id_en.pdf
honduras,honduras__hn_es_0.pdf,https://gadebate.un.org/sites/default/files/gastatements/78/hn_es_0.pdf
hungary,hungary__hu_en.pdf,https://gadebate.un.org/sites/default/files/gastatements/78/hu_en.pdf
guyana,guyana__gy_en.pdf,https://gadebate.un.org/sites/default/files/gastatements/78/gy_en.pdf
ireland,ireland__ie_en.pdf,https://gadebate.un.org/sites/default/files/gastatements/78/ie_en.pdf
iraq,iraq__iq_ar.pdf,https://gadebate.un.org/sites/default/files/gastatements/78/iq_ar.pdf
japan,japan__jp_en.pdf,https://gadebate.un.org/sites/default/files/gastatements/78/jp_en.pdf
iran-islamic-republic,iran-islamic-republic__ir_en.pdf,https://gadebate.un.org/sites/default/files/gastatements/78/ir_en.pdf
italy,italy__it_fl.pdf,https://gadebate.un.org/sites/default/files/gastatements/78/it_fl.pdf
italy,italy__it_en.pdf,https://gadebate.un.org/sites/default/files/gastatements/78/it_en.pdf
kazakhstan,kazakhstan__kz_en.pdf,https://gadebate.un.org/sites/default/files/gastatements/78/kz_en.pdf
jamaica,jamaica__jm_en.pdf,https://gadebate.un.org/sites/default/files/gastatements/78/jm_en.pdf
jordan,jordan__jo_ar.pdf,https://gadebate.un.org/sites/default/files/gastatements/78/jo_ar.pdf
jordan,jordan__jo_en.pdf,https://gadebate.un.org/sites/default/files/gastatements/78/jo_en.pdf
israel,israel__il_en.pdf,https://gadebate.un.org/sites/default/files/gastatements/78/il_en.pdf
kenya,kenya__ke_en.pdf,https://gadebate.un.org/sites/default/files/gastatements/78/ke_en.pdf
lao-peoples-democratic-republic,lao-peoples-democratic-republic__la_en.pdf,https://gadebate.un.org/sites/default/files/gastatements/78/la_en.pdf
lebanon,lebanon__lb_ar.pdf,https://gadebate.un.org/sites/default/files/gastatements/78/lb_ar.pdf
kiribati,kiribati__ki_en.pdf,https://gadebate.un.org/sites/default/files/gastatements/78/ki_en.pdf
kuwait,kuwait__kw_ar.pdf,https://gadebate.un.org/sites/default/files/gastatements/78/kw_ar.pdf
latvia,latvia__lv_en.pdf,https://gadebate.un.org/sites/default/files/gastatements/78/lv_en.pdf
liechtenstein,liechtenstein__li_en.pdf,https://gadebate.un.org/sites/default/files/gastatements/78/li_en.pdf
libya,libya__ly_ar.pdf,https://gadebate.un.org/sites/default/files/gastatements/78/ly_ar.pdf
liberia,liberia__lr_en.pdf,https://gadebate.un.org/sites/default/files/gastatements/78/lr_en.pdf
lesotho,lesotho__ls_en.pdf,https://gadebate.un.org/sites/default/files/gastatements/78/ls_en.pdf
kyrgyzstan,kyrgyzstan__kg_ar.pdf,https://gadebate.un.org/sites/default/files/gastatements/78/kg_ar.pdf
kyrgyzstan,kyrgyzstan__kg_zh.pdf,https://gadebate.un.org/sites/default/files/gastatements/78/kg_zh.pdf
kyrgyzstan,kyrgyzstan__kg_en.pdf,https://gadebate.un.org/sites/default/files/gastatements/78/kg_en.pdf
kyrgyzstan,kyrgyzstan__kg_fr.pdf,https://gadebate.un.org/sites/default/files/gastatements/78/kg_fr.pdf
kyrgyzstan,kyrgyzstan__kg_ru.pdf,https://gadebate.un.org/sites/default/files/gastatements/78/kg_ru.pdf
maldives,maldives__mv_en.pdf,https://gadebate.un.org/sites/default/files/gastatements/78/mv_en.pdf
mali,mali__ml_fr_0.pdf,https://gadebate.un.org/sites/default/files/gastatements/78/ml_fr_0.pdf
malaysia,malaysia__my_en.pdf,https://gadebate.un.org/sites/default/files/gastatements/78/my_en.pdf
malta,malta__mt_en.pdf,https://gadebate.un.org/sites/default/files/gastatements/78/mt_en.pdf
mauritius,mauritius__mu_en.pdf,https://gadebate.un.org/sites/default/files/gastatements/78/mu_en.pdf
mauritania,mauritania__mr_ar_0.pdf,https://gadebate.un.org/sites/default/files/gastatements/78/mr_ar_0.pdf
lithuania,lithuania__lt_en.pdf,https://gadebate.un.org/sites/default/files/gastatements/78/lt_en.pdf
marshall-islands,marshall-islands__mh_en.pdf,https://gadebate.un.org/sites/default/files/gastatements/78/mh_en.pdf
luxembourg,luxembourg__lu_fr.pdf,https://gadebate.un.org/sites/default/files/gastatements/78/lu_fr.pdf
malawi,malawi__mw_en_0.pdf,https://gadebate.un.org/sites/default/files/gastatements/78/mw_en_0.pdf
nepal,nepal__np_en.pdf,https://gadebate.un.org/sites/default/files/gastatements/78/np_en.pdf
micronesia-federated-states,micronesia-federated-states__fm_en.pdf,https://gadebate.un.org/sites/default/files/gastatements/78/fm_en.pdf
mongolia,mongolia__mn_en.pdf,https://gadebate.un.org/sites/default/files/gastatements/78/mn_en.pdf
mexico,mexico__mx_es.pdf,https://gadebate.un.org/sites/default/files/gastatements/78/mx_es.pdf
mozambique,mozambique__mz_en.pdf,https://gadebate.un.org/sites/default/files/gastatements/78/mz_en.pdf
namibia,namibia__na_en.pdf,https://gadebate.un.org/sites/default/files/gastatements/78/na_en.pdf
nauru,nauru__nr_en_0.pdf,https://gadebate.un.org/sites/default/files/gastatements/78/nr_en_0.pdf
monaco,monaco__mc_fr.pdf,https://gadebate.un.org/sites/default/files/gastatements/78/mc_fr.pdf
montenegro,montenegro__me_en_0.pdf,https://gadebate.un.org/sites/default/files/gastatements/78/me_en_0.pdf
morocco,morocco__ma_ar.pdf,https://gadebate.un.org/sites/default/files/gastatements/78/ma_ar.pdf
oman,oman__om_ar.pdf,https://gadebate.un.org/sites/default/files/gastatements/78/om_ar.pdf
oman,oman__om_en.pdf,https://gadebate.un.org/sites/default/files/gastatements/78/om_en.pdf
nigeria,nigeria__ng_en.pdf,https://gadebate.un.org/sites/default/files/gastatements/78/ng_en.pdf
new-zealand,new-zealand__nz_en.pdf,https://gadebate.un.org/sites/default/files/gastatements/78/nz_en.pdf
pakistan,pakistan__pk_en.pdf,https://gadebate.un.org/sites/default/files/gastatements/78/pk_en.pdf
nicaragua,nicaragua__ni_en.pdf,https://gadebate.un.org/sites/default/files/gastatements/78/ni_en.pdf
nicaragua,nicaragua__ni_fr.pdf,https://gadebate.un.org/sites/default/files/gastatements/78/ni_fr.pdf
nicaragua,nicaragua__ni_es.pdf,https://gadebate.un.org/sites/default/files/gastatements/78/ni_es.pdf
netherlands,netherlands__nl_en.pdf,https://gadebate.un.org/sites/default/files/gastatements/78/nl_en.pdf
palau,palau__pw_en.pdf,https://gadebate.un.org/sites/default/files/gastatements/78/pw_en.pdf
palestine-state,palestine-state__ps_ar.pdf,https://gadebate.un.org/sites/default/files/gastatements/78/ps_ar.pdf
palestine-state,palestine-state__ps_en.pdf,https://gadebate.un.org/sites/default/files/gastatements/78/ps_en.pdf
north-macedonia,north-macedonia__mk_en.pdf,https://gadebate.un.org/sites/default/files/gastatements/78/mk_en.pdf
norway,norway__no_en.pdf,https://gadebate.un.org/sites/default/files/gastatements/78/no_en.pdf
panama,panama__pa_es.pdf,https://gadebate.un.org/sites/default/files/gastatements/78/pa_es.pdf
papua-new-guinea,papua-new-guinea__pg_en.pdf,https://gadebate.un.org/sites/default/files/gastatements/78/pg_en.pdf
poland,poland__pl_en.pdf,https://gadebate.un.org/sites/default/files/gastatements/78/pl_en.pdf
president-general-assembly-opening,president-general-assembly-opening__pgaopening_en.pdf,https://gadebate.un.org/sites/default/files/gastatements/78/pgaopening_en.pdf
philippines,philippines__ph_en.pdf,https://gadebate.un.org/sites/default/files/gastatements/78/ph_en.pdf
portugal,portugal__pt_pt.pdf,https://gadebate.un.org/sites/default/files/gastatements/78/pt_pt.pdf
portugal,portugal__pt_en.pdf,https://gadebate.un.org/sites/default/files/gastatements/78/pt_en.pdf
paraguay,paraguay__py_es.pdf,https://gadebate.un.org/sites/default/files/gastatements/78/py_es.pdf
peru,peru__pe_es.pdf,https://gadebate.un.org/sites/default/files/gastatements/78/pe_es.pdf
president-general-assembly-closing,president-general-assembly-closing__pgaclosing_en.pdf,https://gadebate.un.org/sites/default/files/gastatements/78/pgaclosing_en.pdf
qatar,qatar__qa_ar.pdf,https://gadebate.un.org/sites/default/files/gastatements/78/qa_ar.pdf
qatar,qatar__qa_en.pdf,https://gadebate.un.org/sites/default/files/gastatements/78/qa_en.pdf
qatar,qatar__qa_fr.pdf,https://gadebate.un.org/sites/default/files/gastatements/78/qa_fr.pdf
qatar,qatar__qa_es.pdf,https://gadebate.un.org/sites/default/files/gastatements/78/qa_es.pdf
republic-korea,republic-korea__kr_en.pdf,https://gadebate.un.org/sites/default/files/gastatements/78/kr_en.pdf
rwanda,rwanda__rw_en.pdf,https://gadebate.un.org/sites/default/files/gastatements/78/rw_en.pdf
romania,romania__ro_en.pdf,https://gadebate.un.org/sites/default/files/gastatements/78/ro_en.pdf
republic-moldova,republic-moldova__md_en.pdf,https://gadebate.un.org/sites/default/files/gastatements/78/md_en.pdf
saint-lucia,saint-lucia__lc_en.pdf,https://gadebate.un.org/sites/default/files/gastatements/78/lc_en.pdf
samoa,samoa__ws_en.pdf,https://gadebate.un.org/sites/default/files/gastatements/78/ws_en.pdf
san-marino,san-marino__sm_en.pdf,https://gadebate.un.org/sites/default/files/gastatements/78/sm_en.pdf
russian-federation,russian-federation__ru_ru.pdf,https://gadebate.un.org/sites/default/files/gastatements/78/ru_ru.pdf
saint-kitts-and-nevis,saint-kitts-and-nevis__kn_en.pdf,https://gadebate.un.org/sites/default/files/gastatements/78/kn_en.pdf
saint-vincent-and-grenadines,saint-vincent-and-grenadines__vc_en.pdf,https://gadebate.un.org/sites/default/files/gastatements/78/vc_en.pdf
sao-tome-and-principe,sao-tome-and-principe__st_fl.pdf,https://gadebate.un.org/sites/default/files/gastatements/78/st_fl.pdf
sao-tome-and-principe,sao-tome-and-principe__st_fr.pdf,https://gadebate.un.org/sites/default/files/gastatements/78/st_fr.pdf
saudi-arabia,saudi-arabia__sa_ar.pdf,https://gadebate.un.org/sites/default/files/gastatements/78/sa_ar.pdf
serbia,serbia__rs_en.pdf,https://gadebate.un.org/sites/default/files/gastatements/78/rs_en.pdf
seychelles,seychelles__sc_en_0.pdf,https://gadebate.un.org/sites/default/files/gastatements/78/sc_en_0.pdf
singapore,singapore__sg_en.pdf,https://gadebate.un.org/sites/default/files/gastatements/78/sg_en.pdf
senegal,senegal__sn_fr.pdf,https://gadebate.un.org/sites/default/files/gastatements/78/sn_fr.pdf
slovakia,slovakia__sk_en.pdf,https://gadebate.un.org/sites/default/files/gastatements/78/sk_en.pdf
sierra-leone,sierra-leone__sl_en.pdf,https://gadebate.un.org/sites/default/files/gastatements/78/sl_en.pdf
secretary-general-united-nations,secretary-general-united-nations__unsg_en.pdf,https://gadebate.un.org/sites/default/files/gastatements/78/unsg_en.pdf
secretary-general-united-nations,secretary-general-united-nations__unsg_fr.pdf,https://gadebate.un.org/sites/default/files/gastatements/78/unsg_fr.pdf
secretary-general-united-nations,secretary-general-united-nations__unsg_fl.pdf,https://gadebate.un.org/sites/default/files/gastatements/78/unsg_fl.pdf
slovenia,slovenia__si_en.pdf,https://gadebate.un.org/sites/default/files/gastatements/78/si_en.pdf
spain,spain__es_en.pdf,https://gadebate.un.org/sites/default/files/gastatements/78/es_en.pdf
spain,spain__es_es.pdf,https://gadebate.un.org/sites/default/files/gastatements/78/es_es.pdf
south-africa,south-africa__za_en.pdf,https://gadebate.un.org/sites/default/files/gastatements/78/za_en.pdf
solomon-islands,solomon-islands__sb_en.pdf,https://gadebate.un.org/sites/default/files/gastatements/78/sb_en.pdf
sri-lanka,sri-lanka__lk_en.pdf,https://gadebate.un.org/sites/default/files/gastatements/78/lk_en.pdf
sweden,sweden__se_en.pdf,https://gadebate.un.org/sites/default/files/gastatements/78/se_en.pdf
somalia,somalia__so_ar.pdf,https://gadebate.un.org/sites/default/files/gastatements/78/so_ar.pdf
south-sudan,south-sudan__ss_en.pdf,https://gadebate.un.org/sites/default/files/gastatements/78/ss_en.pdf
suriname,suriname__sr_en.pdf,https://gadebate.un.org/sites/default/files/gastatements/78/sr_en.pdf
sudan,sudan__sd_ar.pdf,https://gadebate.un.org/sites/default/files/gastatements/78/sd_ar.pdf
switzerland,switzerland__ch_fr.pdf,https://gadebate.un.org/sites/default/files/gastatements/78/ch_fr.pdf
tajikistan,tajikistan__tj_en_0.pdf,https://gadebate.un.org/sites/default/files/gastatements/78/tj_en_0.pdf
tajikistan,tajikistan__tj_ru.pdf,https://gadebate.un.org/sites/default/files/gastatements/78/tj_ru.pdf
togo,togo__tg_fl.pdf,https://gadebate.un.org/sites/default/files/gastatements/78/tg_fl.pdf
tunisia,tunisia__tn_ar.pdf,https://gadebate.un.org/sites/default/files/gastatements/78/tn_ar.pdf
syrian-arab-republic,syrian-arab-republic__sy_ar.pdf,https://gadebate.un.org/sites/default/files/gastatements/78/sy_ar.pdf
turkmenistan,turkmenistan__tm_en.pdf,https://gadebate.un.org/sites/default/files/gastatements/78/tm_en.pdf
turkmenistan,turkmenistan__tm_ru.pdf,https://gadebate.un.org/sites/default/files/gastatements/78/tm_ru.pdf
turkiye,turkiye__tr_en.pdf,https://gadebate.un.org/sites/default/files/gastatements/78/tr_en.pdf
timor-leste,timor-leste__tl_en.pdf,https://gadebate.un.org/sites/default/files/gastatements/78/tl_en.pdf
thailand,thailand__th_en.pdf,https://gadebate.un.org/sites/default/files/gastatements/78/th_en.pdf
trinidad-and-tobago,trinidad-and-tobago__tt_en_1.pdf,https://gadebate.un.org/sites/default/files/gastatements/78/tt_en_1.pdf
tonga,tonga__to_en.pdf,https://gadebate.un.org/sites/default/files/gastatements/78/to_en.pdf
united-arab-emirates,united-arab-emirates__ae_ar_0.pdf,https://gadebate.un.org/sites/default/files/gastatements/78/ae_ar_0.pdf
united-arab-emirates,united-arab-emirates__ae_en.pdf,https://gadebate.un.org/sites/default/files/gastatements/78/ae_en.pdf
united-kingdom-great-britain-and-northern-ireland,united-kingdom-great-britain-and-northern-ireland__gb_en.pdf,https://gadebate.un.org/sites/default/files/gastatements/78/gb_en.pdf
uruguay,uruguay__uy_es_0.pdf,https://gadebate.un.org/sites/default/files/gastatements/78/uy_es_0.pdf
united-states-america,united-states-america__us_en_0.pdf,https://gadebate.un.org/sites/default/files/gastatements/78/us_en_0.pdf
ukraine,ukraine__ua_en_rev.pdf,https://gadebate.un.org/sites/default/files/gastatements/78/ua_en_rev.pdf
tuvalu,tuvalu__tv_en.pdf,https://gadebate.un.org/sites/default/files/gastatements/78/tv_en.pdf
uganda,uganda__ug_en.pdf,https://gadebate.un.org/sites/default/files/gastatements/78/ug_en.pdf
vanuatu,vanuatu__vu_en.pdf,https://gadebate.un.org/sites/default/files/gastatements/78/vu_en.pdf
uzbekistan,uzbekistan__uz_ar.pdf,https://gadebate.un.org/sites/default/files/gastatements/78/uz_ar.pdf
uzbekistan,uzbekistan__uz_zh.pdf,https://gadebate.un.org/sites/default/files/gastatements/78/uz_zh.pdf
uzbekistan,uzbekistan__uz_en.pdf,https://gadebate.un.org/sites/default/files/gastatements/78/uz_en.pdf
uzbekistan,uzbekistan__uz_fr.pdf,https://gadebate.un.org/sites/default/files/gastatements/78/uz_fr.pdf
uzbekistan,uzbekistan__uz_ru.pdf,https://gadebate.un.org/sites/default/files/gastatements/78/uz_ru.pdf
uzbekistan,uzbekistan__uz_es.pdf,https://gadebate.un.org/sites/default/files/gastatements/78/uz_es.pdf
united-republic-tanzania,united-republic-tanzania__tz_en.pdf,https://gadebate.un.org/sites/default/files/gastatements/78/tz_en.pdf
yemen,yemen__ye_ar.pdf,https://gadebate.un.org/sites/default/files/gastatements/78/ye_ar.pdf
viet-nam,viet-nam__vn_en.pdf,https://gadebate.un.org/sites/default/files/gastatements/78/vn_en.pdf
zambia,zambia__zm_en.pdf,https://gadebate.un.org/sites/default/files/gastatements/78/zm_en.pdf
zimbabwe,zimbabwe__zw_en_0.pdf,https://gadebate.un.org/sites/default/files/gastatements/78/zw_en_0.pdf
venezuela-bolivarian-republic,venezuela-bolivarian-republic__ve_ar.pdf,https://gadebate.un.org/sites/default/files/gastatements/78/ve_ar.pdf
venezuela-bolivarian-republic,venezuela-bolivarian-republic__ve_zh.pdf,https://gadebate.un.org/sites/default/files/gastatements/78/ve_zh.pdf
venezuela-bolivarian-republic,venezuela-bolivarian-republic__ve_en.pdf,https://gadebate.un.org/sites/default/files/gastatements/78/ve_en.pdf
venezuela-bolivarian-republic,venezuela-bolivarian-republic__ve_fr.pdf,https://gadebate.un.org/sites/default/files/gastatements/78/ve_fr.pdf
venezuela-bolivarian-republic,venezuela-bolivarian-republic__ve_ru.pdf,https://gadebate.un.org/sites/default/files/gastatements/78/ve_ru.pdf
venezuela-bolivarian-republic,venezuela-bolivarian-republic__ve_es.pdf,https://gadebate.un.org/sites/default/files/gastatements/78/ve_es.pdf

No statement PDF posted: 
