iso3,country,official_listed_groups,analytical_group,membership_status,assignment_note,mapping_as_of,date_timezone,applied_years,source_url,source_sha256
AFG,Afghanistan,Asia-Pacific States,Asia-Pacific States,formal_member,Single formal group in the current DGACM roster.,2026-09-25,America/New_York,2017-2026 fixed analytical mapping,https://www.un.org/dgacm/en/node/3935,9ad05c8cda77e73e4f31ba6e8afce085f1cbbddd96494879d8efbad750e4d684
AGO,Angola,African States,African States,formal_member,Single formal group in the current DGACM roster.,2026-09-25,America/New_York,2017-2026 fixed analytical mapping,https://www.un.org/dgacm/en/node/3935,9ad05c8cda77e73e4f31ba6e8afce085f1cbbddd96494879d8efbad750e4d684
ALB,Albania,Eastern European States,Eastern European States,formal_member,Single formal group in the current DGACM roster.,2026-09-25,America/New_York,2017-2026 fixed analytical mapping,https://www.un.org/dgacm/en/node/3935,9ad05c8cda77e73e4f31ba6e8afce085f1cbbddd96494879d8efbad750e4d684
AND,Andorra,Western European and other States,Western European and other States,formal_member,Single formal group in the current DGACM roster.,2026-09-25,America/New_York,2017-2026 fixed analytical mapping,https://www.un.org/dgacm/en/node/3935,9ad05c8cda77e73e4f31ba6e8afce085f1cbbddd96494879d8efbad750e4d684
ARE,United Arab Emirates,Asia-Pacific States,Asia-Pacific States,formal_member,Single formal group in the current DGACM roster.,2026-09-25,America/New_York,2017-2026 fixed analytical mapping,https://www.un.org/dgacm/en/node/3935,9ad05c8cda77e73e4f31ba6e8afce085f1cbbddd96494879d8efbad750e4d684
ARG,Argentina,Latin American and Caribbean States,Latin American and Caribbean States,formal_member,Single formal group in the current DGACM roster.,2026-09-25,America/New_York,2017-2026 fixed analytical mapping,https://www.un.org/dgacm/en/node/3935,9ad05c8cda77e73e4f31ba6e8afce085f1cbbddd96494879d8efbad750e4d684
ARM,Armenia,Eastern European States,Eastern European States,formal_member,Single formal group in the current DGACM roster.,2026-09-25,America/New_York,2017-2026 fixed analytical mapping,https://www.un.org/dgacm/en/node/3935,9ad05c8cda77e73e4f31ba6e8afce085f1cbbddd96494879d8efbad750e4d684
ATG,Antigua and Barbuda,Latin American and Caribbean States,Latin American and Caribbean States,formal_member,Single formal group in the current DGACM roster.,2026-09-25,America/New_York,2017-2026 fixed analytical mapping,https://www.un.org/dgacm/en/node/3935,9ad05c8cda77e73e4f31ba6e8afce085f1cbbddd96494879d8efbad750e4d684
AUS,Australia,Western European and other States,Western European and other States,formal_member,Single formal group in the current DGACM roster.,2026-09-25,America/New_York,2017-2026 fixed analytical mapping,https://www.un.org/dgacm/en/node/3935,9ad05c8cda77e73e4f31ba6e8afce085f1cbbddd96494879d8efbad750e4d684
AUT,Austria,Western European and other States,Western European and other States,formal_member,Single formal group in the current DGACM roster.,2026-09-25,America/New_York,2017-2026 fixed analytical mapping,https://www.un.org/dgacm/en/node/3935,9ad05c8cda77e73e4f31ba6e8afce085f1cbbddd96494879d8efbad750e4d684
AZE,Azerbaijan,Eastern European States,Eastern European States,formal_member,Single formal group in the current DGACM roster.,2026-09-25,America/New_York,2017-2026 fixed analytical mapping,https://www.un.org/dgacm/en/node/3935,9ad05c8cda77e73e4f31ba6e8afce085f1cbbddd96494879d8efbad750e4d684
BDI,Burundi,African States,African States,formal_member,Single formal group in the current DGACM roster.,2026-09-25,America/New_York,2017-2026 fixed analytical mapping,https://www.un.org/dgacm/en/node/3935,9ad05c8cda77e73e4f31ba6e8afce085f1cbbddd96494879d8efbad750e4d684
BEL,Belgium,Western European and other States,Western European and other States,formal_member,Single formal group in the current DGACM roster.,2026-09-25,America/New_York,2017-2026 fixed analytical mapping,https://www.un.org/dgacm/en/node/3935,9ad05c8cda77e73e4f31ba6e8afce085f1cbbddd96494879d8efbad750e4d684
BEN,Benin,African States,African States,formal_member,Single formal group in the current DGACM roster.,2026-09-25,America/New_York,2017-2026 fixed analytical mapping,https://www.un.org/dgacm/en/node/3935,9ad05c8cda77e73e4f31ba6e8afce085f1cbbddd96494879d8efbad750e4d684
BFA,Burkina Faso,African States,African States,formal_member,Single formal group in the current DGACM roster.,2026-09-25,America/New_York,2017-2026 fixed analytical mapping,https://www.un.org/dgacm/en/node/3935,9ad05c8cda77e73e4f31ba6e8afce085f1cbbddd96494879d8efbad750e4d684
BGD,Bangladesh,Asia-Pacific States,Asia-Pacific States,formal_member,Single formal group in the current DGACM roster.,2026-09-25,America/New_York,2017-2026 fixed analytical mapping,https://www.un.org/dgacm/en/node/3935,9ad05c8cda77e73e4f31ba6e8afce085f1cbbddd96494879d8efbad750e4d684
BGR,Bulgaria,Eastern European States,Eastern European States,formal_member,Single formal group in the current DGACM roster.,2026-09-25,America/New_York,2017-2026 fixed analytical mapping,https://www.un.org/dgacm/en/node/3935,9ad05c8cda77e73e4f31ba6e8afce085f1cbbddd96494879d8efbad750e4d684
BHR,Bahrain,Asia-Pacific States,Asia-Pacific States,formal_member,Single formal group in the current DGACM roster.,2026-09-25,America/New_York,2017-2026 fixed analytical mapping,https://www.un.org/dgacm/en/node/3935,9ad05c8cda77e73e4f31ba6e8afce085f1cbbddd96494879d8efbad750e4d684
BHS,Bahamas (The),Latin American and Caribbean States,Latin American and Caribbean States,formal_member,Single formal group in the current DGACM roster.,2026-09-25,America/New_York,2017-2026 fixed analytical mapping,https://www.un.org/dgacm/en/node/3935,9ad05c8cda77e73e4f31ba6e8afce085f1cbbddd96494879d8efbad750e4d684
BIH,Bosnia and Herzegovina,Eastern European States,Eastern European States,formal_member,Single formal group in the current DGACM roster.,2026-09-25,America/New_York,2017-2026 fixed analytical mapping,https://www.un.org/dgacm/en/node/3935,9ad05c8cda77e73e4f31ba6e8afce085f1cbbddd96494879d8efbad750e4d684
BLR,Belarus,Eastern European States,Eastern European States,formal_member,Single formal group in the current DGACM roster.,2026-09-25,America/New_York,2017-2026 fixed analytical mapping,https://www.un.org/dgacm/en/node/3935,9ad05c8cda77e73e4f31ba6e8afce085f1cbbddd96494879d8efbad750e4d684
BLZ,Belize,Latin American and Caribbean States,Latin American and Caribbean States,formal_member,Single formal group in the current DGACM roster.,2026-09-25,America/New_York,2017-2026 fixed analytical mapping,https://www.un.org/dgacm/en/node/3935,9ad05c8cda77e73e4f31ba6e8afce085f1cbbddd96494879d8efbad750e4d684
BOL,Bolivia (Plurinational State of),Latin American and Caribbean States,Latin American and Caribbean States,formal_member,Single formal group in the current DGACM roster.,2026-09-25,America/New_York,2017-2026 fixed analytical mapping,https://www.un.org/dgacm/en/node/3935,9ad05c8cda77e73e4f31ba6e8afce085f1cbbddd96494879d8efbad750e4d684
BRA,Brazil,Latin American and Caribbean States,Latin American and Caribbean States,formal_member,Single formal group in the current DGACM roster.,2026-09-25,America/New_York,2017-2026 fixed analytical mapping,https://www.un.org/dgacm/en/node/3935,9ad05c8cda77e73e4f31ba6e8afce085f1cbbddd96494879d8efbad750e4d684
BRB,Barbados,Latin American and Caribbean States,Latin American and Caribbean States,formal_member,Single formal group in the current DGACM roster.,2026-09-25,America/New_York,2017-2026 fixed analytical mapping,https://www.un.org/dgacm/en/node/3935,9ad05c8cda77e73e4f31ba6e8afce085f1cbbddd96494879d8efbad750e4d684
BRN,Brunei Darussalam,Asia-Pacific States,Asia-Pacific States,formal_member,Single formal group in the current DGACM roster.,2026-09-25,America/New_York,2017-2026 fixed analytical mapping,https://www.un.org/dgacm/en/node/3935,9ad05c8cda77e73e4f31ba6e8afce085f1cbbddd96494879d8efbad750e4d684
BTN,Bhutan,Asia-Pacific States,Asia-Pacific States,formal_member,Single formal group in the current DGACM roster.,2026-09-25,America/New_York,2017-2026 fixed analytical mapping,https://www.un.org/dgacm/en/node/3935,9ad05c8cda77e73e4f31ba6e8afce085f1cbbddd96494879d8efbad750e4d684
BWA,Botswana,African States,African States,formal_member,Single formal group in the current DGACM roster.,2026-09-25,America/New_York,2017-2026 fixed analytical mapping,https://www.un.org/dgacm/en/node/3935,9ad05c8cda77e73e4f31ba6e8afce085f1cbbddd96494879d8efbad750e4d684
CAF,Central African Republic,African States,African States,formal_member,Single formal group in the current DGACM roster.,2026-09-25,America/New_York,2017-2026 fixed analytical mapping,https://www.un.org/dgacm/en/node/3935,9ad05c8cda77e73e4f31ba6e8afce085f1cbbddd96494879d8efbad750e4d684
CAN,Canada,Western European and other States,Western European and other States,formal_member,Single formal group in the current DGACM roster.,2026-09-25,America/New_York,2017-2026 fixed analytical mapping,https://www.un.org/dgacm/en/node/3935,9ad05c8cda77e73e4f31ba6e8afce085f1cbbddd96494879d8efbad750e4d684
CHE,Switzerland,Western European and other States,Western European and other States,formal_member,Single formal group in the current DGACM roster.,2026-09-25,America/New_York,2017-2026 fixed analytical mapping,https://www.un.org/dgacm/en/node/3935,9ad05c8cda77e73e4f31ba6e8afce085f1cbbddd96494879d8efbad750e4d684
CHL,Chile,Latin American and Caribbean States,Latin American and Caribbean States,formal_member,Single formal group in the current DGACM roster.,2026-09-25,America/New_York,2017-2026 fixed analytical mapping,https://www.un.org/dgacm/en/node/3935,9ad05c8cda77e73e4f31ba6e8afce085f1cbbddd96494879d8efbad750e4d684
CHN,China,Asia-Pacific States,Asia-Pacific States,formal_member,Single formal group in the current DGACM roster.,2026-09-25,America/New_York,2017-2026 fixed analytical mapping,https://www.un.org/dgacm/en/node/3935,9ad05c8cda77e73e4f31ba6e8afce085f1cbbddd96494879d8efbad750e4d684
CIV,Côte d'Ivoire,African States,African States,formal_member,Single formal group in the current DGACM roster.,2026-09-25,America/New_York,2017-2026 fixed analytical mapping,https://www.un.org/dgacm/en/node/3935,9ad05c8cda77e73e4f31ba6e8afce085f1cbbddd96494879d8efbad750e4d684
CMR,Cameroon,African States,African States,formal_member,Single formal group in the current DGACM roster.,2026-09-25,America/New_York,2017-2026 fixed analytical mapping,https://www.un.org/dgacm/en/node/3935,9ad05c8cda77e73e4f31ba6e8afce085f1cbbddd96494879d8efbad750e4d684
COD,Democratic Republic of the Congo,African States,African States,formal_member,Single formal group in the current DGACM roster.,2026-09-25,America/New_York,2017-2026 fixed analytical mapping,https://www.un.org/dgacm/en/node/3935,9ad05c8cda77e73e4f31ba6e8afce085f1cbbddd96494879d8efbad750e4d684
COG,Congo,African States,African States,formal_member,Single formal group in the current DGACM roster.,2026-09-25,America/New_York,2017-2026 fixed analytical mapping,https://www.un.org/dgacm/en/node/3935,9ad05c8cda77e73e4f31ba6e8afce085f1cbbddd96494879d8efbad750e4d684
COL,Colombia,Latin American and Caribbean States,Latin American and Caribbean States,formal_member,Single formal group in the current DGACM roster.,2026-09-25,America/New_York,2017-2026 fixed analytical mapping,https://www.un.org/dgacm/en/node/3935,9ad05c8cda77e73e4f31ba6e8afce085f1cbbddd96494879d8efbad750e4d684
COM,Comoros,African States,African States,formal_member,Single formal group in the current DGACM roster.,2026-09-25,America/New_York,2017-2026 fixed analytical mapping,https://www.un.org/dgacm/en/node/3935,9ad05c8cda77e73e4f31ba6e8afce085f1cbbddd96494879d8efbad750e4d684
CPV,Cabo Verde,African States,African States,formal_member,Single formal group in the current DGACM roster.,2026-09-25,America/New_York,2017-2026 fixed analytical mapping,https://www.un.org/dgacm/en/node/3935,9ad05c8cda77e73e4f31ba6e8afce085f1cbbddd96494879d8efbad750e4d684
CRI,Costa Rica,Latin American and Caribbean States,Latin American and Caribbean States,formal_member,Single formal group in the current DGACM roster.,2026-09-25,America/New_York,2017-2026 fixed analytical mapping,https://www.un.org/dgacm/en/node/3935,9ad05c8cda77e73e4f31ba6e8afce085f1cbbddd96494879d8efbad750e4d684
CUB,Cuba,Latin American and Caribbean States,Latin American and Caribbean States,formal_member,Single formal group in the current DGACM roster.,2026-09-25,America/New_York,2017-2026 fixed analytical mapping,https://www.un.org/dgacm/en/node/3935,9ad05c8cda77e73e4f31ba6e8afce085f1cbbddd96494879d8efbad750e4d684
CYP,Cyprus,Asia-Pacific States,Asia-Pacific States,formal_member,Single formal group in the current DGACM roster.,2026-09-25,America/New_York,2017-2026 fixed analytical mapping,https://www.un.org/dgacm/en/node/3935,9ad05c8cda77e73e4f31ba6e8afce085f1cbbddd96494879d8efbad750e4d684
CZE,Czechia,Eastern European States,Eastern European States,formal_member,Single formal group in the current DGACM roster.,2026-09-25,America/New_York,2017-2026 fixed analytical mapping,https://www.un.org/dgacm/en/node/3935,9ad05c8cda77e73e4f31ba6e8afce085f1cbbddd96494879d8efbad750e4d684
DEU,Germany,Western European and other States,Western European and other States,formal_member,Single formal group in the current DGACM roster.,2026-09-25,America/New_York,2017-2026 fixed analytical mapping,https://www.un.org/dgacm/en/node/3935,9ad05c8cda77e73e4f31ba6e8afce085f1cbbddd96494879d8efbad750e4d684
DJI,Djibouti,African States,African States,formal_member,Single formal group in the current DGACM roster.,2026-09-25,America/New_York,2017-2026 fixed analytical mapping,https://www.un.org/dgacm/en/node/3935,9ad05c8cda77e73e4f31ba6e8afce085f1cbbddd96494879d8efbad750e4d684
DMA,Dominica,Latin American and Caribbean States,Latin American and Caribbean States,formal_member,Single formal group in the current DGACM roster.,2026-09-25,America/New_York,2017-2026 fixed analytical mapping,https://www.un.org/dgacm/en/node/3935,9ad05c8cda77e73e4f31ba6e8afce085f1cbbddd96494879d8efbad750e4d684
DNK,Denmark,Western European and other States,Western European and other States,formal_member,Single formal group in the current DGACM roster.,2026-09-25,America/New_York,2017-2026 fixed analytical mapping,https://www.un.org/dgacm/en/node/3935,9ad05c8cda77e73e4f31ba6e8afce085f1cbbddd96494879d8efbad750e4d684
DOM,Dominican Republic,Latin American and Caribbean States,Latin American and Caribbean States,formal_member,Single formal group in the current DGACM roster.,2026-09-25,America/New_York,2017-2026 fixed analytical mapping,https://www.un.org/dgacm/en/node/3935,9ad05c8cda77e73e4f31ba6e8afce085f1cbbddd96494879d8efbad750e4d684
DZA,Algeria,African States,African States,formal_member,Single formal group in the current DGACM roster.,2026-09-25,America/New_York,2017-2026 fixed analytical mapping,https://www.un.org/dgacm/en/node/3935,9ad05c8cda77e73e4f31ba6e8afce085f1cbbddd96494879d8efbad750e4d684
ECU,Ecuador,Latin American and Caribbean States,Latin American and Caribbean States,formal_member,Single formal group in the current DGACM roster.,2026-09-25,America/New_York,2017-2026 fixed analytical mapping,https://www.un.org/dgacm/en/node/3935,9ad05c8cda77e73e4f31ba6e8afce085f1cbbddd96494879d8efbad750e4d684
EGY,Egypt,African States,African States,formal_member,Single formal group in the current DGACM roster.,2026-09-25,America/New_York,2017-2026 fixed analytical mapping,https://www.un.org/dgacm/en/node/3935,9ad05c8cda77e73e4f31ba6e8afce085f1cbbddd96494879d8efbad750e4d684
ERI,Eritrea,African States,African States,formal_member,Single formal group in the current DGACM roster.,2026-09-25,America/New_York,2017-2026 fixed analytical mapping,https://www.un.org/dgacm/en/node/3935,9ad05c8cda77e73e4f31ba6e8afce085f1cbbddd96494879d8efbad750e4d684
ESP,Spain,Western European and other States,Western European and other States,formal_member,Single formal group in the current DGACM roster.,2026-09-25,America/New_York,2017-2026 fixed analytical mapping,https://www.un.org/dgacm/en/node/3935,9ad05c8cda77e73e4f31ba6e8afce085f1cbbddd96494879d8efbad750e4d684
EST,Estonia,Eastern European States,Eastern European States,formal_member,Single formal group in the current DGACM roster.,2026-09-25,America/New_York,2017-2026 fixed analytical mapping,https://www.un.org/dgacm/en/node/3935,9ad05c8cda77e73e4f31ba6e8afce085f1cbbddd96494879d8efbad750e4d684
ETH,Ethiopia,African States,African States,formal_member,Single formal group in the current DGACM roster.,2026-09-25,America/New_York,2017-2026 fixed analytical mapping,https://www.un.org/dgacm/en/node/3935,9ad05c8cda77e73e4f31ba6e8afce085f1cbbddd96494879d8efbad750e4d684
FIN,Finland,Western European and other States,Western European and other States,formal_member,Single formal group in the current DGACM roster.,2026-09-25,America/New_York,2017-2026 fixed analytical mapping,https://www.un.org/dgacm/en/node/3935,9ad05c8cda77e73e4f31ba6e8afce085f1cbbddd96494879d8efbad750e4d684
FJI,Fiji,Asia-Pacific States,Asia-Pacific States,formal_member,Single formal group in the current DGACM roster.,2026-09-25,America/New_York,2017-2026 fixed analytical mapping,https://www.un.org/dgacm/en/node/3935,9ad05c8cda77e73e4f31ba6e8afce085f1cbbddd96494879d8efbad750e4d684
FRA,France,Western European and other States,Western European and other States,formal_member,Single formal group in the current DGACM roster.,2026-09-25,America/New_York,2017-2026 fixed analytical mapping,https://www.un.org/dgacm/en/node/3935,9ad05c8cda77e73e4f31ba6e8afce085f1cbbddd96494879d8efbad750e4d684
FSM,Micronesia (Federated States of),Asia-Pacific States,Asia-Pacific States,formal_member,Single formal group in the current DGACM roster.,2026-09-25,America/New_York,2017-2026 fixed analytical mapping,https://www.un.org/dgacm/en/node/3935,9ad05c8cda77e73e4f31ba6e8afce085f1cbbddd96494879d8efbad750e4d684
GAB,Gabon,African States,African States,formal_member,Single formal group in the current DGACM roster.,2026-09-25,America/New_York,2017-2026 fixed analytical mapping,https://www.un.org/dgacm/en/node/3935,9ad05c8cda77e73e4f31ba6e8afce085f1cbbddd96494879d8efbad750e4d684
GBR,United Kingdom of Great Britain and Northern Ireland,Western European and other States,Western European and other States,formal_member,Single formal group in the current DGACM roster.,2026-09-25,America/New_York,2017-2026 fixed analytical mapping,https://www.un.org/dgacm/en/node/3935,9ad05c8cda77e73e4f31ba6e8afce085f1cbbddd96494879d8efbad750e4d684
GEO,Georgia,Eastern European States,Eastern European States,formal_member,Single formal group in the current DGACM roster.,2026-09-25,America/New_York,2017-2026 fixed analytical mapping,https://www.un.org/dgacm/en/node/3935,9ad05c8cda77e73e4f31ba6e8afce085f1cbbddd96494879d8efbad750e4d684
GHA,Ghana,African States,African States,formal_member,Single formal group in the current DGACM roster.,2026-09-25,America/New_York,2017-2026 fixed analytical mapping,https://www.un.org/dgacm/en/node/3935,9ad05c8cda77e73e4f31ba6e8afce085f1cbbddd96494879d8efbad750e4d684
GIN,Guinea,African States,African States,formal_member,Single formal group in the current DGACM roster.,2026-09-25,America/New_York,2017-2026 fixed analytical mapping,https://www.un.org/dgacm/en/node/3935,9ad05c8cda77e73e4f31ba6e8afce085f1cbbddd96494879d8efbad750e4d684
GMB,Gambia,African States,African States,formal_member,Single formal group in the current DGACM roster.,2026-09-25,America/New_York,2017-2026 fixed analytical mapping,https://www.un.org/dgacm/en/node/3935,9ad05c8cda77e73e4f31ba6e8afce085f1cbbddd96494879d8efbad750e4d684
GNB,Guinea-Bissau,African States,African States,formal_member,Single formal group in the current DGACM roster.,2026-09-25,America/New_York,2017-2026 fixed analytical mapping,https://www.un.org/dgacm/en/node/3935,9ad05c8cda77e73e4f31ba6e8afce085f1cbbddd96494879d8efbad750e4d684
GNQ,Equatorial Guinea,African States,African States,formal_member,Single formal group in the current DGACM roster.,2026-09-25,America/New_York,2017-2026 fixed analytical mapping,https://www.un.org/dgacm/en/node/3935,9ad05c8cda77e73e4f31ba6e8afce085f1cbbddd96494879d8efbad750e4d684
GRC,Greece,Western European and other States,Western European and other States,formal_member,Single formal group in the current DGACM roster.,2026-09-25,America/New_York,2017-2026 fixed analytical mapping,https://www.un.org/dgacm/en/node/3935,9ad05c8cda77e73e4f31ba6e8afce085f1cbbddd96494879d8efbad750e4d684
GRD,Grenada,Latin American and Caribbean States,Latin American and Caribbean States,formal_member,Single formal group in the current DGACM roster.,2026-09-25,America/New_York,2017-2026 fixed analytical mapping,https://www.un.org/dgacm/en/node/3935,9ad05c8cda77e73e4f31ba6e8afce085f1cbbddd96494879d8efbad750e4d684
GTM,Guatemala,Latin American and Caribbean States,Latin American and Caribbean States,formal_member,Single formal group in the current DGACM roster.,2026-09-25,America/New_York,2017-2026 fixed analytical mapping,https://www.un.org/dgacm/en/node/3935,9ad05c8cda77e73e4f31ba6e8afce085f1cbbddd96494879d8efbad750e4d684
GUY,Guyana,Latin American and Caribbean States,Latin American and Caribbean States,formal_member,Single formal group in the current DGACM roster.,2026-09-25,America/New_York,2017-2026 fixed analytical mapping,https://www.un.org/dgacm/en/node/3935,9ad05c8cda77e73e4f31ba6e8afce085f1cbbddd96494879d8efbad750e4d684
HND,Honduras,Latin American and Caribbean States,Latin American and Caribbean States,formal_member,Single formal group in the current DGACM roster.,2026-09-25,America/New_York,2017-2026 fixed analytical mapping,https://www.un.org/dgacm/en/node/3935,9ad05c8cda77e73e4f31ba6e8afce085f1cbbddd96494879d8efbad750e4d684
HRV,Croatia,Eastern European States,Eastern European States,formal_member,Single formal group in the current DGACM roster.,2026-09-25,America/New_York,2017-2026 fixed analytical mapping,https://www.un.org/dgacm/en/node/3935,9ad05c8cda77e73e4f31ba6e8afce085f1cbbddd96494879d8efbad750e4d684
HTI,Haiti,Latin American and Caribbean States,Latin American and Caribbean States,formal_member,Single formal group in the current DGACM roster.,2026-09-25,America/New_York,2017-2026 fixed analytical mapping,https://www.un.org/dgacm/en/node/3935,9ad05c8cda77e73e4f31ba6e8afce085f1cbbddd96494879d8efbad750e4d684
HUN,Hungary,Eastern European States,Eastern European States,formal_member,Single formal group in the current DGACM roster.,2026-09-25,America/New_York,2017-2026 fixed analytical mapping,https://www.un.org/dgacm/en/node/3935,9ad05c8cda77e73e4f31ba6e8afce085f1cbbddd96494879d8efbad750e4d684
IDN,Indonesia,Asia-Pacific States,Asia-Pacific States,formal_member,Single formal group in the current DGACM roster.,2026-09-25,America/New_York,2017-2026 fixed analytical mapping,https://www.un.org/dgacm/en/node/3935,9ad05c8cda77e73e4f31ba6e8afce085f1cbbddd96494879d8efbad750e4d684
IND,India,Asia-Pacific States,Asia-Pacific States,formal_member,Single formal group in the current DGACM roster.,2026-09-25,America/New_York,2017-2026 fixed analytical mapping,https://www.un.org/dgacm/en/node/3935,9ad05c8cda77e73e4f31ba6e8afce085f1cbbddd96494879d8efbad750e4d684
IRL,Ireland,Western European and other States,Western European and other States,formal_member,Single formal group in the current DGACM roster.,2026-09-25,America/New_York,2017-2026 fixed analytical mapping,https://www.un.org/dgacm/en/node/3935,9ad05c8cda77e73e4f31ba6e8afce085f1cbbddd96494879d8efbad750e4d684
IRN,Iran (Islamic Republic of),Asia-Pacific States,Asia-Pacific States,formal_member,Single formal group in the current DGACM roster.,2026-09-25,America/New_York,2017-2026 fixed analytical mapping,https://www.un.org/dgacm/en/node/3935,9ad05c8cda77e73e4f31ba6e8afce085f1cbbddd96494879d8efbad750e4d684
IRQ,Iraq,Asia-Pacific States,Asia-Pacific States,formal_member,Single formal group in the current DGACM roster.,2026-09-25,America/New_York,2017-2026 fixed analytical mapping,https://www.un.org/dgacm/en/node/3935,9ad05c8cda77e73e4f31ba6e8afce085f1cbbddd96494879d8efbad750e4d684
ISL,Iceland,Western European and other States,Western European and other States,formal_member,Single formal group in the current DGACM roster.,2026-09-25,America/New_York,2017-2026 fixed analytical mapping,https://www.un.org/dgacm/en/node/3935,9ad05c8cda77e73e4f31ba6e8afce085f1cbbddd96494879d8efbad750e4d684
ISR,Israel,Western European and other States,Western European and other States,formal_member,DGACM records WEOG membership and its permanent renewal in 2004.,2026-09-25,America/New_York,2017-2026 fixed analytical mapping,https://www.un.org/dgacm/en/node/3935,9ad05c8cda77e73e4f31ba6e8afce085f1cbbddd96494879d8efbad750e4d684
ITA,Italy,Western European and other States,Western European and other States,formal_member,Single formal group in the current DGACM roster.,2026-09-25,America/New_York,2017-2026 fixed analytical mapping,https://www.un.org/dgacm/en/node/3935,9ad05c8cda77e73e4f31ba6e8afce085f1cbbddd96494879d8efbad750e4d684
JAM,Jamaica,Latin American and Caribbean States,Latin American and Caribbean States,formal_member,Single formal group in the current DGACM roster.,2026-09-25,America/New_York,2017-2026 fixed analytical mapping,https://www.un.org/dgacm/en/node/3935,9ad05c8cda77e73e4f31ba6e8afce085f1cbbddd96494879d8efbad750e4d684
JOR,Jordan,Asia-Pacific States,Asia-Pacific States,formal_member,Single formal group in the current DGACM roster.,2026-09-25,America/New_York,2017-2026 fixed analytical mapping,https://www.un.org/dgacm/en/node/3935,9ad05c8cda77e73e4f31ba6e8afce085f1cbbddd96494879d8efbad750e4d684
JPN,Japan,Asia-Pacific States,Asia-Pacific States,formal_member,Single formal group in the current DGACM roster.,2026-09-25,America/New_York,2017-2026 fixed analytical mapping,https://www.un.org/dgacm/en/node/3935,9ad05c8cda77e73e4f31ba6e8afce085f1cbbddd96494879d8efbad750e4d684
KAZ,Kazakhstan,Asia-Pacific States,Asia-Pacific States,formal_member,Single formal group in the current DGACM roster.,2026-09-25,America/New_York,2017-2026 fixed analytical mapping,https://www.un.org/dgacm/en/node/3935,9ad05c8cda77e73e4f31ba6e8afce085f1cbbddd96494879d8efbad750e4d684
KEN,Kenya,African States,African States,formal_member,Single formal group in the current DGACM roster.,2026-09-25,America/New_York,2017-2026 fixed analytical mapping,https://www.un.org/dgacm/en/node/3935,9ad05c8cda77e73e4f31ba6e8afce085f1cbbddd96494879d8efbad750e4d684
KGZ,Kyrgyzstan,Asia-Pacific States,Asia-Pacific States,formal_member,Single formal group in the current DGACM roster.,2026-09-25,America/New_York,2017-2026 fixed analytical mapping,https://www.un.org/dgacm/en/node/3935,9ad05c8cda77e73e4f31ba6e8afce085f1cbbddd96494879d8efbad750e4d684
KHM,Cambodia,Asia-Pacific States,Asia-Pacific States,formal_member,Single formal group in the current DGACM roster.,2026-09-25,America/New_York,2017-2026 fixed analytical mapping,https://www.un.org/dgacm/en/node/3935,9ad05c8cda77e73e4f31ba6e8afce085f1cbbddd96494879d8efbad750e4d684
KIR,Kiribati,Asia-Pacific States,Asia-Pacific States,formal_member,The current DGACM roster explicitly lists Kiribati in Asia-Pacific. Older documents describing nonmembership are not used. This fixed mapping is not a historical-membership reconstruction.,2026-09-25,America/New_York,2017-2026 fixed analytical mapping,https://www.un.org/dgacm/en/node/3935,9ad05c8cda77e73e4f31ba6e8afce085f1cbbddd96494879d8efbad750e4d684
KNA,Saint Kitts and Nevis,Latin American and Caribbean States,Latin American and Caribbean States,formal_member,Single formal group in the current DGACM roster.,2026-09-25,America/New_York,2017-2026 fixed analytical mapping,https://www.un.org/dgacm/en/node/3935,9ad05c8cda77e73e4f31ba6e8afce085f1cbbddd96494879d8efbad750e4d684
KOR,Republic of Korea,Asia-Pacific States,Asia-Pacific States,formal_member,Single formal group in the current DGACM roster.,2026-09-25,America/New_York,2017-2026 fixed analytical mapping,https://www.un.org/dgacm/en/node/3935,9ad05c8cda77e73e4f31ba6e8afce085f1cbbddd96494879d8efbad750e4d684
KWT,Kuwait,Asia-Pacific States,Asia-Pacific States,formal_member,Single formal group in the current DGACM roster.,2026-09-25,America/New_York,2017-2026 fixed analytical mapping,https://www.un.org/dgacm/en/node/3935,9ad05c8cda77e73e4f31ba6e8afce085f1cbbddd96494879d8efbad750e4d684
LAO,Lao People's Democratic Republic,Asia-Pacific States,Asia-Pacific States,formal_member,Single formal group in the current DGACM roster.,2026-09-25,America/New_York,2017-2026 fixed analytical mapping,https://www.un.org/dgacm/en/node/3935,9ad05c8cda77e73e4f31ba6e8afce085f1cbbddd96494879d8efbad750e4d684
LBN,Lebanon,Asia-Pacific States,Asia-Pacific States,formal_member,Single formal group in the current DGACM roster.,2026-09-25,America/New_York,2017-2026 fixed analytical mapping,https://www.un.org/dgacm/en/node/3935,9ad05c8cda77e73e4f31ba6e8afce085f1cbbddd96494879d8efbad750e4d684
LBR,Liberia,African States,African States,formal_member,Single formal group in the current DGACM roster.,2026-09-25,America/New_York,2017-2026 fixed analytical mapping,https://www.un.org/dgacm/en/node/3935,9ad05c8cda77e73e4f31ba6e8afce085f1cbbddd96494879d8efbad750e4d684
LBY,Libya,African States,African States,formal_member,Single formal group in the current DGACM roster.,2026-09-25,America/New_York,2017-2026 fixed analytical mapping,https://www.un.org/dgacm/en/node/3935,9ad05c8cda77e73e4f31ba6e8afce085f1cbbddd96494879d8efbad750e4d684
LCA,Saint Lucia,Latin American and Caribbean States,Latin American and Caribbean States,formal_member,Single formal group in the current DGACM roster.,2026-09-25,America/New_York,2017-2026 fixed analytical mapping,https://www.un.org/dgacm/en/node/3935,9ad05c8cda77e73e4f31ba6e8afce085f1cbbddd96494879d8efbad750e4d684
LIE,Liechtenstein,Western European and other States,Western European and other States,formal_member,Single formal group in the current DGACM roster.,2026-09-25,America/New_York,2017-2026 fixed analytical mapping,https://www.un.org/dgacm/en/node/3935,9ad05c8cda77e73e4f31ba6e8afce085f1cbbddd96494879d8efbad750e4d684
LKA,Sri Lanka,Asia-Pacific States,Asia-Pacific States,formal_member,Single formal group in the current DGACM roster.,2026-09-25,America/New_York,2017-2026 fixed analytical mapping,https://www.un.org/dgacm/en/node/3935,9ad05c8cda77e73e4f31ba6e8afce085f1cbbddd96494879d8efbad750e4d684
LSO,Lesotho,African States,African States,formal_member,Single formal group in the current DGACM roster.,2026-09-25,America/New_York,2017-2026 fixed analytical mapping,https://www.un.org/dgacm/en/node/3935,9ad05c8cda77e73e4f31ba6e8afce085f1cbbddd96494879d8efbad750e4d684
LTU,Lithuania,Eastern European States,Eastern European States,formal_member,Single formal group in the current DGACM roster.,2026-09-25,America/New_York,2017-2026 fixed analytical mapping,https://www.un.org/dgacm/en/node/3935,9ad05c8cda77e73e4f31ba6e8afce085f1cbbddd96494879d8efbad750e4d684
LUX,Luxembourg,Western European and other States,Western European and other States,formal_member,Single formal group in the current DGACM roster.,2026-09-25,America/New_York,2017-2026 fixed analytical mapping,https://www.un.org/dgacm/en/node/3935,9ad05c8cda77e73e4f31ba6e8afce085f1cbbddd96494879d8efbad750e4d684
LVA,Latvia,Eastern European States,Eastern European States,formal_member,Single formal group in the current DGACM roster.,2026-09-25,America/New_York,2017-2026 fixed analytical mapping,https://www.un.org/dgacm/en/node/3935,9ad05c8cda77e73e4f31ba6e8afce085f1cbbddd96494879d8efbad750e4d684
MAR,Morocco,African States,African States,formal_member,Single formal group in the current DGACM roster.,2026-09-25,America/New_York,2017-2026 fixed analytical mapping,https://www.un.org/dgacm/en/node/3935,9ad05c8cda77e73e4f31ba6e8afce085f1cbbddd96494879d8efbad750e4d684
MCO,Monaco,Western European and other States,Western European and other States,formal_member,Single formal group in the current DGACM roster.,2026-09-25,America/New_York,2017-2026 fixed analytical mapping,https://www.un.org/dgacm/en/node/3935,9ad05c8cda77e73e4f31ba6e8afce085f1cbbddd96494879d8efbad750e4d684
MDA,Republic of Moldova,Eastern European States,Eastern European States,formal_member,Single formal group in the current DGACM roster.,2026-09-25,America/New_York,2017-2026 fixed analytical mapping,https://www.un.org/dgacm/en/node/3935,9ad05c8cda77e73e4f31ba6e8afce085f1cbbddd96494879d8efbad750e4d684
MDG,Madagascar,African States,African States,formal_member,Single formal group in the current DGACM roster.,2026-09-25,America/New_York,2017-2026 fixed analytical mapping,https://www.un.org/dgacm/en/node/3935,9ad05c8cda77e73e4f31ba6e8afce085f1cbbddd96494879d8efbad750e4d684
MDV,Maldives,Asia-Pacific States,Asia-Pacific States,formal_member,Single formal group in the current DGACM roster.,2026-09-25,America/New_York,2017-2026 fixed analytical mapping,https://www.un.org/dgacm/en/node/3935,9ad05c8cda77e73e4f31ba6e8afce085f1cbbddd96494879d8efbad750e4d684
MEX,Mexico,Latin American and Caribbean States,Latin American and Caribbean States,formal_member,Single formal group in the current DGACM roster.,2026-09-25,America/New_York,2017-2026 fixed analytical mapping,https://www.un.org/dgacm/en/node/3935,9ad05c8cda77e73e4f31ba6e8afce085f1cbbddd96494879d8efbad750e4d684
MHL,Marshall Islands,Asia-Pacific States,Asia-Pacific States,formal_member,Single formal group in the current DGACM roster.,2026-09-25,America/New_York,2017-2026 fixed analytical mapping,https://www.un.org/dgacm/en/node/3935,9ad05c8cda77e73e4f31ba6e8afce085f1cbbddd96494879d8efbad750e4d684
MKD,North Macedonia,Eastern European States,Eastern European States,formal_member,Single formal group in the current DGACM roster.,2026-09-25,America/New_York,2017-2026 fixed analytical mapping,https://www.un.org/dgacm/en/node/3935,9ad05c8cda77e73e4f31ba6e8afce085f1cbbddd96494879d8efbad750e4d684
MLI,Mali,African States,African States,formal_member,Single formal group in the current DGACM roster.,2026-09-25,America/New_York,2017-2026 fixed analytical mapping,https://www.un.org/dgacm/en/node/3935,9ad05c8cda77e73e4f31ba6e8afce085f1cbbddd96494879d8efbad750e4d684
MLT,Malta,Western European and other States,Western European and other States,formal_member,Single formal group in the current DGACM roster.,2026-09-25,America/New_York,2017-2026 fixed analytical mapping,https://www.un.org/dgacm/en/node/3935,9ad05c8cda77e73e4f31ba6e8afce085f1cbbddd96494879d8efbad750e4d684
MMR,Myanmar,Asia-Pacific States,Asia-Pacific States,formal_member,Single formal group in the current DGACM roster.,2026-09-25,America/New_York,2017-2026 fixed analytical mapping,https://www.un.org/dgacm/en/node/3935,9ad05c8cda77e73e4f31ba6e8afce085f1cbbddd96494879d8efbad750e4d684
MNE,Montenegro,Eastern European States,Eastern European States,formal_member,Single formal group in the current DGACM roster.,2026-09-25,America/New_York,2017-2026 fixed analytical mapping,https://www.un.org/dgacm/en/node/3935,9ad05c8cda77e73e4f31ba6e8afce085f1cbbddd96494879d8efbad750e4d684
MNG,Mongolia,Asia-Pacific States,Asia-Pacific States,formal_member,Single formal group in the current DGACM roster.,2026-09-25,America/New_York,2017-2026 fixed analytical mapping,https://www.un.org/dgacm/en/node/3935,9ad05c8cda77e73e4f31ba6e8afce085f1cbbddd96494879d8efbad750e4d684
MOZ,Mozambique,African States,African States,formal_member,Single formal group in the current DGACM roster.,2026-09-25,America/New_York,2017-2026 fixed analytical mapping,https://www.un.org/dgacm/en/node/3935,9ad05c8cda77e73e4f31ba6e8afce085f1cbbddd96494879d8efbad750e4d684
MRT,Mauritania,African States,African States,formal_member,Single formal group in the current DGACM roster.,2026-09-25,America/New_York,2017-2026 fixed analytical mapping,https://www.un.org/dgacm/en/node/3935,9ad05c8cda77e73e4f31ba6e8afce085f1cbbddd96494879d8efbad750e4d684
MUS,Mauritius,African States,African States,formal_member,Single formal group in the current DGACM roster.,2026-09-25,America/New_York,2017-2026 fixed analytical mapping,https://www.un.org/dgacm/en/node/3935,9ad05c8cda77e73e4f31ba6e8afce085f1cbbddd96494879d8efbad750e4d684
MWI,Malawi,African States,African States,formal_member,Single formal group in the current DGACM roster.,2026-09-25,America/New_York,2017-2026 fixed analytical mapping,https://www.un.org/dgacm/en/node/3935,9ad05c8cda77e73e4f31ba6e8afce085f1cbbddd96494879d8efbad750e4d684
MYS,Malaysia,Asia-Pacific States,Asia-Pacific States,formal_member,Single formal group in the current DGACM roster.,2026-09-25,America/New_York,2017-2026 fixed analytical mapping,https://www.un.org/dgacm/en/node/3935,9ad05c8cda77e73e4f31ba6e8afce085f1cbbddd96494879d8efbad750e4d684
NAM,Namibia,African States,African States,formal_member,Single formal group in the current DGACM roster.,2026-09-25,America/New_York,2017-2026 fixed analytical mapping,https://www.un.org/dgacm/en/node/3935,9ad05c8cda77e73e4f31ba6e8afce085f1cbbddd96494879d8efbad750e4d684
NER,Niger,African States,African States,formal_member,Single formal group in the current DGACM roster.,2026-09-25,America/New_York,2017-2026 fixed analytical mapping,https://www.un.org/dgacm/en/node/3935,9ad05c8cda77e73e4f31ba6e8afce085f1cbbddd96494879d8efbad750e4d684
NGA,Nigeria,African States,African States,formal_member,Single formal group in the current DGACM roster.,2026-09-25,America/New_York,2017-2026 fixed analytical mapping,https://www.un.org/dgacm/en/node/3935,9ad05c8cda77e73e4f31ba6e8afce085f1cbbddd96494879d8efbad750e4d684
NIC,Nicaragua,Latin American and Caribbean States,Latin American and Caribbean States,formal_member,Single formal group in the current DGACM roster.,2026-09-25,America/New_York,2017-2026 fixed analytical mapping,https://www.un.org/dgacm/en/node/3935,9ad05c8cda77e73e4f31ba6e8afce085f1cbbddd96494879d8efbad750e4d684
NLD,Netherlands,Western European and other States,Western European and other States,formal_member,Single formal group in the current DGACM roster.,2026-09-25,America/New_York,2017-2026 fixed analytical mapping,https://www.un.org/dgacm/en/node/3935,9ad05c8cda77e73e4f31ba6e8afce085f1cbbddd96494879d8efbad750e4d684
NOR,Norway,Western European and other States,Western European and other States,formal_member,Single formal group in the current DGACM roster.,2026-09-25,America/New_York,2017-2026 fixed analytical mapping,https://www.un.org/dgacm/en/node/3935,9ad05c8cda77e73e4f31ba6e8afce085f1cbbddd96494879d8efbad750e4d684
NPL,Nepal,Asia-Pacific States,Asia-Pacific States,formal_member,Single formal group in the current DGACM roster.,2026-09-25,America/New_York,2017-2026 fixed analytical mapping,https://www.un.org/dgacm/en/node/3935,9ad05c8cda77e73e4f31ba6e8afce085f1cbbddd96494879d8efbad750e4d684
NRU,Naoero,Asia-Pacific States,Asia-Pacific States,formal_member,Single formal group in the current DGACM roster.,2026-09-25,America/New_York,2017-2026 fixed analytical mapping,https://www.un.org/dgacm/en/node/3935,9ad05c8cda77e73e4f31ba6e8afce085f1cbbddd96494879d8efbad750e4d684
NZL,New Zealand,Western European and other States,Western European and other States,formal_member,Single formal group in the current DGACM roster.,2026-09-25,America/New_York,2017-2026 fixed analytical mapping,https://www.un.org/dgacm/en/node/3935,9ad05c8cda77e73e4f31ba6e8afce085f1cbbddd96494879d8efbad750e4d684
OMN,Oman,Asia-Pacific States,Asia-Pacific States,formal_member,Single formal group in the current DGACM roster.,2026-09-25,America/New_York,2017-2026 fixed analytical mapping,https://www.un.org/dgacm/en/node/3935,9ad05c8cda77e73e4f31ba6e8afce085f1cbbddd96494879d8efbad750e4d684
PAK,Pakistan,Asia-Pacific States,Asia-Pacific States,formal_member,Single formal group in the current DGACM roster.,2026-09-25,America/New_York,2017-2026 fixed analytical mapping,https://www.un.org/dgacm/en/node/3935,9ad05c8cda77e73e4f31ba6e8afce085f1cbbddd96494879d8efbad750e4d684
PAN,Panama,Latin American and Caribbean States,Latin American and Caribbean States,formal_member,Single formal group in the current DGACM roster.,2026-09-25,America/New_York,2017-2026 fixed analytical mapping,https://www.un.org/dgacm/en/node/3935,9ad05c8cda77e73e4f31ba6e8afce085f1cbbddd96494879d8efbad750e4d684
PER,Peru,Latin American and Caribbean States,Latin American and Caribbean States,formal_member,Single formal group in the current DGACM roster.,2026-09-25,America/New_York,2017-2026 fixed analytical mapping,https://www.un.org/dgacm/en/node/3935,9ad05c8cda77e73e4f31ba6e8afce085f1cbbddd96494879d8efbad750e4d684
PHL,Philippines,Asia-Pacific States,Asia-Pacific States,formal_member,Single formal group in the current DGACM roster.,2026-09-25,America/New_York,2017-2026 fixed analytical mapping,https://www.un.org/dgacm/en/node/3935,9ad05c8cda77e73e4f31ba6e8afce085f1cbbddd96494879d8efbad750e4d684
PLW,Palau,Asia-Pacific States,Asia-Pacific States,formal_member,Single formal group in the current DGACM roster.,2026-09-25,America/New_York,2017-2026 fixed analytical mapping,https://www.un.org/dgacm/en/node/3935,9ad05c8cda77e73e4f31ba6e8afce085f1cbbddd96494879d8efbad750e4d684
PNG,Papua New Guinea,Asia-Pacific States,Asia-Pacific States,formal_member,Single formal group in the current DGACM roster.,2026-09-25,America/New_York,2017-2026 fixed analytical mapping,https://www.un.org/dgacm/en/node/3935,9ad05c8cda77e73e4f31ba6e8afce085f1cbbddd96494879d8efbad750e4d684
POL,Poland,Eastern European States,Eastern European States,formal_member,Single formal group in the current DGACM roster.,2026-09-25,America/New_York,2017-2026 fixed analytical mapping,https://www.un.org/dgacm/en/node/3935,9ad05c8cda77e73e4f31ba6e8afce085f1cbbddd96494879d8efbad750e4d684
PRK,Democratic People's Republic of Korea,Asia-Pacific States,Asia-Pacific States,formal_member,Single formal group in the current DGACM roster.,2026-09-25,America/New_York,2017-2026 fixed analytical mapping,https://www.un.org/dgacm/en/node/3935,9ad05c8cda77e73e4f31ba6e8afce085f1cbbddd96494879d8efbad750e4d684
PRT,Portugal,Western European and other States,Western European and other States,formal_member,Single formal group in the current DGACM roster.,2026-09-25,America/New_York,2017-2026 fixed analytical mapping,https://www.un.org/dgacm/en/node/3935,9ad05c8cda77e73e4f31ba6e8afce085f1cbbddd96494879d8efbad750e4d684
PRY,Paraguay,Latin American and Caribbean States,Latin American and Caribbean States,formal_member,Single formal group in the current DGACM roster.,2026-09-25,America/New_York,2017-2026 fixed analytical mapping,https://www.un.org/dgacm/en/node/3935,9ad05c8cda77e73e4f31ba6e8afce085f1cbbddd96494879d8efbad750e4d684
QAT,Qatar,Asia-Pacific States,Asia-Pacific States,formal_member,Single formal group in the current DGACM roster.,2026-09-25,America/New_York,2017-2026 fixed analytical mapping,https://www.un.org/dgacm/en/node/3935,9ad05c8cda77e73e4f31ba6e8afce085f1cbbddd96494879d8efbad750e4d684
ROU,Romania,Eastern European States,Eastern European States,formal_member,Single formal group in the current DGACM roster.,2026-09-25,America/New_York,2017-2026 fixed analytical mapping,https://www.un.org/dgacm/en/node/3935,9ad05c8cda77e73e4f31ba6e8afce085f1cbbddd96494879d8efbad750e4d684
RUS,Russian Federation,Eastern European States,Eastern European States,formal_member,Single formal group in the current DGACM roster.,2026-09-25,America/New_York,2017-2026 fixed analytical mapping,https://www.un.org/dgacm/en/node/3935,9ad05c8cda77e73e4f31ba6e8afce085f1cbbddd96494879d8efbad750e4d684
RWA,Rwanda,African States,African States,formal_member,Single formal group in the current DGACM roster.,2026-09-25,America/New_York,2017-2026 fixed analytical mapping,https://www.un.org/dgacm/en/node/3935,9ad05c8cda77e73e4f31ba6e8afce085f1cbbddd96494879d8efbad750e4d684
SAU,Saudi Arabia,Asia-Pacific States,Asia-Pacific States,formal_member,Single formal group in the current DGACM roster.,2026-09-25,America/New_York,2017-2026 fixed analytical mapping,https://www.un.org/dgacm/en/node/3935,9ad05c8cda77e73e4f31ba6e8afce085f1cbbddd96494879d8efbad750e4d684
SDN,Sudan,African States,African States,formal_member,Single formal group in the current DGACM roster.,2026-09-25,America/New_York,2017-2026 fixed analytical mapping,https://www.un.org/dgacm/en/node/3935,9ad05c8cda77e73e4f31ba6e8afce085f1cbbddd96494879d8efbad750e4d684
SEN,Senegal,African States,African States,formal_member,Single formal group in the current DGACM roster.,2026-09-25,America/New_York,2017-2026 fixed analytical mapping,https://www.un.org/dgacm/en/node/3935,9ad05c8cda77e73e4f31ba6e8afce085f1cbbddd96494879d8efbad750e4d684
SGP,Singapore,Asia-Pacific States,Asia-Pacific States,formal_member,Single formal group in the current DGACM roster.,2026-09-25,America/New_York,2017-2026 fixed analytical mapping,https://www.un.org/dgacm/en/node/3935,9ad05c8cda77e73e4f31ba6e8afce085f1cbbddd96494879d8efbad750e4d684
SLB,Solomon Islands,Asia-Pacific States,Asia-Pacific States,formal_member,Single formal group in the current DGACM roster.,2026-09-25,America/New_York,2017-2026 fixed analytical mapping,https://www.un.org/dgacm/en/node/3935,9ad05c8cda77e73e4f31ba6e8afce085f1cbbddd96494879d8efbad750e4d684
SLE,Sierra Leone,African States,African States,formal_member,Single formal group in the current DGACM roster.,2026-09-25,America/New_York,2017-2026 fixed analytical mapping,https://www.un.org/dgacm/en/node/3935,9ad05c8cda77e73e4f31ba6e8afce085f1cbbddd96494879d8efbad750e4d684
SLV,El Salvador,Latin American and Caribbean States,Latin American and Caribbean States,formal_member,Single formal group in the current DGACM roster.,2026-09-25,America/New_York,2017-2026 fixed analytical mapping,https://www.un.org/dgacm/en/node/3935,9ad05c8cda77e73e4f31ba6e8afce085f1cbbddd96494879d8efbad750e4d684
SMR,San Marino,Western European and other States,Western European and other States,formal_member,Single formal group in the current DGACM roster.,2026-09-25,America/New_York,2017-2026 fixed analytical mapping,https://www.un.org/dgacm/en/node/3935,9ad05c8cda77e73e4f31ba6e8afce085f1cbbddd96494879d8efbad750e4d684
SOM,Somalia,African States,African States,formal_member,Single formal group in the current DGACM roster.,2026-09-25,America/New_York,2017-2026 fixed analytical mapping,https://www.un.org/dgacm/en/node/3935,9ad05c8cda77e73e4f31ba6e8afce085f1cbbddd96494879d8efbad750e4d684
SRB,Serbia,Eastern European States,Eastern European States,formal_member,Single formal group in the current DGACM roster.,2026-09-25,America/New_York,2017-2026 fixed analytical mapping,https://www.un.org/dgacm/en/node/3935,9ad05c8cda77e73e4f31ba6e8afce085f1cbbddd96494879d8efbad750e4d684
SSD,South Sudan,African States,African States,formal_member,Single formal group in the current DGACM roster.,2026-09-25,America/New_York,2017-2026 fixed analytical mapping,https://www.un.org/dgacm/en/node/3935,9ad05c8cda77e73e4f31ba6e8afce085f1cbbddd96494879d8efbad750e4d684
STP,Sao Tome and Principe,African States,African States,formal_member,Single formal group in the current DGACM roster.,2026-09-25,America/New_York,2017-2026 fixed analytical mapping,https://www.un.org/dgacm/en/node/3935,9ad05c8cda77e73e4f31ba6e8afce085f1cbbddd96494879d8efbad750e4d684
SUR,Suriname,Latin American and Caribbean States,Latin American and Caribbean States,formal_member,Single formal group in the current DGACM roster.,2026-09-25,America/New_York,2017-2026 fixed analytical mapping,https://www.un.org/dgacm/en/node/3935,9ad05c8cda77e73e4f31ba6e8afce085f1cbbddd96494879d8efbad750e4d684
SVK,Slovakia,Eastern European States,Eastern European States,formal_member,Single formal group in the current DGACM roster.,2026-09-25,America/New_York,2017-2026 fixed analytical mapping,https://www.un.org/dgacm/en/node/3935,9ad05c8cda77e73e4f31ba6e8afce085f1cbbddd96494879d8efbad750e4d684
SVN,Slovenia,Eastern European States,Eastern European States,formal_member,Single formal group in the current DGACM roster.,2026-09-25,America/New_York,2017-2026 fixed analytical mapping,https://www.un.org/dgacm/en/node/3935,9ad05c8cda77e73e4f31ba6e8afce085f1cbbddd96494879d8efbad750e4d684
SWE,Sweden,Western European and other States,Western European and other States,formal_member,Single formal group in the current DGACM roster.,2026-09-25,America/New_York,2017-2026 fixed analytical mapping,https://www.un.org/dgacm/en/node/3935,9ad05c8cda77e73e4f31ba6e8afce085f1cbbddd96494879d8efbad750e4d684
SWZ,Eswatini,African States,African States,formal_member,Single formal group in the current DGACM roster.,2026-09-25,America/New_York,2017-2026 fixed analytical mapping,https://www.un.org/dgacm/en/node/3935,9ad05c8cda77e73e4f31ba6e8afce085f1cbbddd96494879d8efbad750e4d684
SYC,Seychelles,African States,African States,formal_member,Single formal group in the current DGACM roster.,2026-09-25,America/New_York,2017-2026 fixed analytical mapping,https://www.un.org/dgacm/en/node/3935,9ad05c8cda77e73e4f31ba6e8afce085f1cbbddd96494879d8efbad750e4d684
SYR,Syrian Arab Republic,Asia-Pacific States,Asia-Pacific States,formal_member,Single formal group in the current DGACM roster.,2026-09-25,America/New_York,2017-2026 fixed analytical mapping,https://www.un.org/dgacm/en/node/3935,9ad05c8cda77e73e4f31ba6e8afce085f1cbbddd96494879d8efbad750e4d684
TCD,Chad,African States,African States,formal_member,Single formal group in the current DGACM roster.,2026-09-25,America/New_York,2017-2026 fixed analytical mapping,https://www.un.org/dgacm/en/node/3935,9ad05c8cda77e73e4f31ba6e8afce085f1cbbddd96494879d8efbad750e4d684
TGO,Togo,African States,African States,formal_member,Single formal group in the current DGACM roster.,2026-09-25,America/New_York,2017-2026 fixed analytical mapping,https://www.un.org/dgacm/en/node/3935,9ad05c8cda77e73e4f31ba6e8afce085f1cbbddd96494879d8efbad750e4d684
THA,Thailand,Asia-Pacific States,Asia-Pacific States,formal_member,Single formal group in the current DGACM roster.,2026-09-25,America/New_York,2017-2026 fixed analytical mapping,https://www.un.org/dgacm/en/node/3935,9ad05c8cda77e73e4f31ba6e8afce085f1cbbddd96494879d8efbad750e4d684
TJK,Tajikistan,Asia-Pacific States,Asia-Pacific States,formal_member,Single formal group in the current DGACM roster.,2026-09-25,America/New_York,2017-2026 fixed analytical mapping,https://www.un.org/dgacm/en/node/3935,9ad05c8cda77e73e4f31ba6e8afce085f1cbbddd96494879d8efbad750e4d684
TKM,Turkmenistan,Asia-Pacific States,Asia-Pacific States,formal_member,Single formal group in the current DGACM roster.,2026-09-25,America/New_York,2017-2026 fixed analytical mapping,https://www.un.org/dgacm/en/node/3935,9ad05c8cda77e73e4f31ba6e8afce085f1cbbddd96494879d8efbad750e4d684
TLS,Timor-Leste,Asia-Pacific States,Asia-Pacific States,formal_member,Single formal group in the current DGACM roster.,2026-09-25,America/New_York,2017-2026 fixed analytical mapping,https://www.un.org/dgacm/en/node/3935,9ad05c8cda77e73e4f31ba6e8afce085f1cbbddd96494879d8efbad750e4d684
TON,Tonga,Asia-Pacific States,Asia-Pacific States,formal_member,Single formal group in the current DGACM roster.,2026-09-25,America/New_York,2017-2026 fixed analytical mapping,https://www.un.org/dgacm/en/node/3935,9ad05c8cda77e73e4f31ba6e8afce085f1cbbddd96494879d8efbad750e4d684
TTO,Trinidad and Tobago,Latin American and Caribbean States,Latin American and Caribbean States,formal_member,Single formal group in the current DGACM roster.,2026-09-25,America/New_York,2017-2026 fixed analytical mapping,https://www.un.org/dgacm/en/node/3935,9ad05c8cda77e73e4f31ba6e8afce085f1cbbddd96494879d8efbad750e4d684
TUN,Tunisia,African States,African States,formal_member,Single formal group in the current DGACM roster.,2026-09-25,America/New_York,2017-2026 fixed analytical mapping,https://www.un.org/dgacm/en/node/3935,9ad05c8cda77e73e4f31ba6e8afce085f1cbbddd96494879d8efbad750e4d684
TUR,Türkiye,Asia-Pacific States;Western European and other States,Western European and other States,dual_participation_single_electoral_allocation,Full participation in Asia-Pacific and WEOG; assigned once to WEOG using the explicit UN electoral convention.,2026-09-25,America/New_York,2017-2026 fixed analytical mapping,https://www.un.org/dgacm/en/node/3935,9ad05c8cda77e73e4f31ba6e8afce085f1cbbddd96494879d8efbad750e4d684
TUV,Tuvalu,Asia-Pacific States,Asia-Pacific States,formal_member,Single formal group in the current DGACM roster.,2026-09-25,America/New_York,2017-2026 fixed analytical mapping,https://www.un.org/dgacm/en/node/3935,9ad05c8cda77e73e4f31ba6e8afce085f1cbbddd96494879d8efbad750e4d684
TZA,United Republic of Tanzania,African States,African States,formal_member,Single formal group in the current DGACM roster.,2026-09-25,America/New_York,2017-2026 fixed analytical mapping,https://www.un.org/dgacm/en/node/3935,9ad05c8cda77e73e4f31ba6e8afce085f1cbbddd96494879d8efbad750e4d684
UGA,Uganda,African States,African States,formal_member,Single formal group in the current DGACM roster.,2026-09-25,America/New_York,2017-2026 fixed analytical mapping,https://www.un.org/dgacm/en/node/3935,9ad05c8cda77e73e4f31ba6e8afce085f1cbbddd96494879d8efbad750e4d684
UKR,Ukraine,Eastern European States,Eastern European States,formal_member,Single formal group in the current DGACM roster.,2026-09-25,America/New_York,2017-2026 fixed analytical mapping,https://www.un.org/dgacm/en/node/3935,9ad05c8cda77e73e4f31ba6e8afce085f1cbbddd96494879d8efbad750e4d684
URY,Uruguay,Latin American and Caribbean States,Latin American and Caribbean States,formal_member,Single formal group in the current DGACM roster.,2026-09-25,America/New_York,2017-2026 fixed analytical mapping,https://www.un.org/dgacm/en/node/3935,9ad05c8cda77e73e4f31ba6e8afce085f1cbbddd96494879d8efbad750e4d684
USA,United States of America,Western European and other States,Not a formal member of any regional group,WEOG_observer_electoral_association,"DGACM says no formal group membership; attends WEOG as observer and is considered WEOG for elections. Kept separate here because this is speech analysis, not an election.",2026-09-25,America/New_York,2017-2026 fixed analytical mapping,https://www.un.org/dgacm/en/node/3935,9ad05c8cda77e73e4f31ba6e8afce085f1cbbddd96494879d8efbad750e4d684
UZB,Uzbekistan,Asia-Pacific States,Asia-Pacific States,formal_member,Single formal group in the current DGACM roster.,2026-09-25,America/New_York,2017-2026 fixed analytical mapping,https://www.un.org/dgacm/en/node/3935,9ad05c8cda77e73e4f31ba6e8afce085f1cbbddd96494879d8efbad750e4d684
VCT,Saint Vincent and the Grenadines,Latin American and Caribbean States,Latin American and Caribbean States,formal_member,Single formal group in the current DGACM roster.,2026-09-25,America/New_York,2017-2026 fixed analytical mapping,https://www.un.org/dgacm/en/node/3935,9ad05c8cda77e73e4f31ba6e8afce085f1cbbddd96494879d8efbad750e4d684
VEN,Venezuela (Bolivarian Republic of),Latin American and Caribbean States,Latin American and Caribbean States,formal_member,Single formal group in the current DGACM roster.,2026-09-25,America/New_York,2017-2026 fixed analytical mapping,https://www.un.org/dgacm/en/node/3935,9ad05c8cda77e73e4f31ba6e8afce085f1cbbddd96494879d8efbad750e4d684
VNM,Viet Nam,Asia-Pacific States,Asia-Pacific States,formal_member,Single formal group in the current DGACM roster.,2026-09-25,America/New_York,2017-2026 fixed analytical mapping,https://www.un.org/dgacm/en/node/3935,9ad05c8cda77e73e4f31ba6e8afce085f1cbbddd96494879d8efbad750e4d684
VUT,Vanuatu,Asia-Pacific States,Asia-Pacific States,formal_member,Single formal group in the current DGACM roster.,2026-09-25,America/New_York,2017-2026 fixed analytical mapping,https://www.un.org/dgacm/en/node/3935,9ad05c8cda77e73e4f31ba6e8afce085f1cbbddd96494879d8efbad750e4d684
WSM,Samoa,Asia-Pacific States,Asia-Pacific States,formal_member,Single formal group in the current DGACM roster.,2026-09-25,America/New_York,2017-2026 fixed analytical mapping,https://www.un.org/dgacm/en/node/3935,9ad05c8cda77e73e4f31ba6e8afce085f1cbbddd96494879d8efbad750e4d684
YEM,Yemen,Asia-Pacific States,Asia-Pacific States,formal_member,Single formal group in the current DGACM roster.,2026-09-25,America/New_York,2017-2026 fixed analytical mapping,https://www.un.org/dgacm/en/node/3935,9ad05c8cda77e73e4f31ba6e8afce085f1cbbddd96494879d8efbad750e4d684
ZAF,South Africa,African States,African States,formal_member,Single formal group in the current DGACM roster.,2026-09-25,America/New_York,2017-2026 fixed analytical mapping,https://www.un.org/dgacm/en/node/3935,9ad05c8cda77e73e4f31ba6e8afce085f1cbbddd96494879d8efbad750e4d684
ZMB,Zambia,African States,African States,formal_member,Single formal group in the current DGACM roster.,2026-09-25,America/New_York,2017-2026 fixed analytical mapping,https://www.un.org/dgacm/en/node/3935,9ad05c8cda77e73e4f31ba6e8afce085f1cbbddd96494879d8efbad750e4d684
ZWE,Zimbabwe,African States,African States,formal_member,Single formal group in the current DGACM roster.,2026-09-25,America/New_York,2017-2026 fixed analytical mapping,https://www.un.org/dgacm/en/node/3935,9ad05c8cda77e73e4f31ba6e8afce085f1cbbddd96494879d8efbad750e4d684
