year,n,N,pct,obtained,uncertain,resolved_N,fully_reviewed,measure,denominator,partial
2017,2,193,1.0362694300518134,193,153,40,40,verified_detection_lower_bound,"all obtained addresses; unreviewed remain unknown, not No",False
2018,11,193,5.699481865284974,193,167,26,26,verified_detection_lower_bound,"all obtained addresses; unreviewed remain unknown, not No",False
2019,15,192,7.8125,192,159,33,31,verified_detection_lower_bound,"all obtained addresses; unreviewed remain unknown, not No",False
2020,9,190,4.7368421052631575,190,156,34,34,verified_detection_lower_bound,"all obtained addresses; unreviewed remain unknown, not No",False
2021,7,191,3.6649214659685865,191,162,29,29,verified_detection_lower_bound,"all obtained addresses; unreviewed remain unknown, not No",False
2022,6,190,3.1578947368421053,190,138,52,51,verified_detection_lower_bound,"all obtained addresses; unreviewed remain unknown, not No",False
2023,43,189,22.75132275132275,189,127,62,62,verified_detection_lower_bound,"all obtained addresses; unreviewed remain unknown, not No",False
2024,58,190,30.526315789473685,190,106,84,84,verified_detection_lower_bound,"all obtained addresses; unreviewed remain unknown, not No",False
2025,74,189,39.15343915343915,189,97,92,91,verified_detection_lower_bound,"all obtained addresses; unreviewed remain unknown, not No",False
2026,131,191,68.58638743455498,191,45,146,145,verified_detection_lower_bound,"all obtained addresses; unreviewed remain unknown, not No",False
