passage_id,speech_id,cluster_id
verbatim_en_2017_SGP:10,2017_SGP,155
verbatim_en_2017_SGP:11,2017_SGP,155
verbatim_en_2017_SRB:10,2017_SRB,64
verbatim_en_2018_ARE:19,2018_ARE,167
verbatim_en_2018_BEL:17,2018_BEL,33
verbatim_en_2018_FRA:22,2018_FRA,42
verbatim_en_2018_GBR:11,2018_GBR,28
verbatim_en_2018_MEX:4,2018_MEX,116
verbatim_en_2018_MEX:5,2018_MEX,116
verbatim_en_2018_MLT:15,2018_MLT,26
verbatim_en_2018_NAM:15,2018_NAM,102
verbatim_en_2018_PAK:40,2018_PAK,34
verbatim_en_2018_SGP:3,2018_SGP,155
verbatim_en_2018_SRB:21,2018_SRB,64
verbatim_en_2018_SUR:20,2018_SUR,113
verbatim_en_2019_ARE:19,2019_ARE,167
verbatim_en_2019_BEL:12,2019_BEL,96
verbatim_en_2019_CZE:6,2019_CZE,59
verbatim_en_2019_ESP:44,2019_ESP,26
verbatim_en_2019_ESP:70,2019_ESP,10
verbatim_en_2019_GBR:4,2019_GBR,30
verbatim_en_2019_GBR:6,2019_GBR,30
verbatim_en_2019_GBR:7,2019_GBR,30
verbatim_en_2019_GBR:10,2019_GBR,30
verbatim_en_2019_IRL:48,2019_IRL,47
verbatim_en_2019_KAZ:5,2019_KAZ,35
verbatim_en_2019_LVA:9,2019_LVA,18
verbatim_en_2019_LVA:10,2019_LVA,18
verbatim_en_2019_MCO:13,2019_MCO,2
verbatim_en_2019_PRT:3,2019_PRT,156
verbatim_en_2019_RUS:21,2019_RUS,71
verbatim_en_2019_SVK:3,2019_SVK,73
verbatim_en_2019_SVN:19,2019_SVN,17
verbatim_en_2019_SVN:20,2019_SVN,17
verbatim_en_2019_SVN:21,2019_SVN,17
verbatim_en_2019_TUR:8,2019_TUR,37
verbatim_en_2019_URY:32,2019_URY,100
verbatim_en_2020_BRA:17,2020_BRA,43
verbatim_en_2020_CZE:14,2020_CZE,59
verbatim_en_2020_ESP:21,2020_ESP,97
verbatim_en_2020_FRA:34,2020_FRA,6
verbatim_en_2020_FRA:35,2020_FRA,6
verbatim_en_2020_FRA:43,2020_FRA,44
verbatim_en_2020_PRT:9,2020_PRT,157
verbatim_en_2020_ROU:27,2020_ROU,97
verbatim_en_2020_RUS:19,2020_RUS,39
verbatim_en_2020_RUS:22,2020_RUS,39
verbatim_en_2020_SGP:24,2020_SGP,97
verbatim_en_2020_SVN:12,2020_SVN,17
verbatim_en_2020_SVN:13,2020_SVN,17
verbatim_en_2021_AUT:19,2021_AUT,61
verbatim_en_2021_AUT:20,2021_AUT,61
verbatim_en_2021_COL:3,2021_COL,39
verbatim_en_2021_CZE:12,2021_CZE,59
verbatim_en_2021_GBR:32,2021_GBR,106
verbatim_en_2021_LVA:8,2021_LVA,18
verbatim_en_2021_LVA:9,2021_LVA,18
verbatim_en_2021_LVA:12,2021_LVA,18
verbatim_en_2021_LVA:13,2021_LVA,18
verbatim_en_2021_SVN:11,2021_SVN,17
verbatim_en_2021_USA:32,2021_USA,12
verbatim_en_2022_BHR:20,2022_BHR,168
verbatim_en_2022_GBR:5,2022_GBR,28
verbatim_en_2022_GBR:6,2022_GBR,28
verbatim_en_2022_LKA:26,2022_LKA,92
verbatim_en_2022_MCO:22,2022_MCO,5
verbatim_en_2022_PHL:30,2022_PHL,27
verbatim_en_2022_RWA:9,2022_RWA,98
verbatim_en_2023_ARG:2,2023_ARG,121
verbatim_en_2023_ATG:31,2023_ATG,130
verbatim_en_2023_AUT:4,2023_AUT,16
verbatim_en_2023_BGR:17,2023_BGR,94
verbatim_en_2023_BRB:6,2023_BRB,24
verbatim_en_2023_CAN:8,2023_CAN,173
verbatim_en_2023_CHL:23,2023_CHL,118
verbatim_en_2023_CHL:24,2023_CHL,118
verbatim_en_2023_CHL:25,2023_CHL,118
verbatim_en_2023_CHN:8,2023_CHN,84
verbatim_en_2023_CHN:9,2023_CHN,84
verbatim_en_2023_CMR:22,2023_CMR,141
verbatim_en_2023_CRI:6,2023_CRI,114
verbatim_en_2023_DEU:25,2023_DEU,63
verbatim_en_2023_ESP:40,2023_ESP,109
verbatim_en_2023_ETH:6,2023_ETH,138
verbatim_en_2023_GBR:4,2023_GBR,28
verbatim_en_2023_GBR:5,2023_GBR,29
verbatim_en_2023_GBR:6,2023_GBR,29
verbatim_en_2023_GBR:7,2023_GBR,29
verbatim_en_2023_GBR:8,2023_GBR,29
verbatim_en_2023_GBR:9,2023_GBR,29
verbatim_en_2023_GBR:10,2023_GBR,29
verbatim_en_2023_GBR:11,2023_GBR,29
verbatim_en_2023_GBR:12,2023_GBR,29
verbatim_en_2023_GBR:13,2023_GBR,29
verbatim_en_2023_GBR:14,2023_GBR,29
verbatim_en_2023_GBR:15,2023_GBR,29
verbatim_en_2023_GBR:16,2023_GBR,29
verbatim_en_2023_GBR:17,2023_GBR,29
verbatim_en_2023_GBR:18,2023_GBR,29
verbatim_en_2023_GBR:19,2023_GBR,29
verbatim_en_2023_GBR:20,2023_GBR,29
verbatim_en_2023_GBR:21,2023_GBR,29
verbatim_en_2023_GBR:22,2023_GBR,29
verbatim_en_2023_IDN:10,2023_IDN,87
verbatim_en_2023_IND:9,2023_IND,175
verbatim_en_2023_ISL:15,2023_ISL,50
verbatim_en_2023_ISR:27,2023_ISR,13
verbatim_en_2023_ISR:28,2023_ISR,29
verbatim_en_2023_ISR:29,2023_ISR,29
verbatim_en_2023_ISR:30,2023_ISR,13
verbatim_en_2023_ISR:31,2023_ISR,13
verbatim_en_2023_ISR:32,2023_ISR,13
verbatim_en_2023_ISR:33,2023_ISR,13
verbatim_en_2023_ITA:19,2023_ITA,25
verbatim_en_2023_ITA:20,2023_ITA,25
verbatim_en_2023_ITA:21,2023_ITA,56
verbatim_en_2023_ITA:22,2023_ITA,56
verbatim_en_2023_JPN:13,2023_JPN,89
verbatim_en_2023_KOR:10,2023_KOR,90
verbatim_en_2023_KOR:11,2023_KOR,90
verbatim_en_2023_LSO:19,2023_LSO,103
verbatim_en_2023_MAR:7,2023_MAR,142
verbatim_en_2023_MCO:21,2023_MCO,4
verbatim_en_2023_MCO:22,2023_MCO,4
verbatim_en_2023_MKD:22,2023_MKD,69
verbatim_en_2023_MLT:30,2023_MLT,26
verbatim_en_2023_MLT:31,2023_MLT,26
verbatim_en_2023_NAM:10,2023_NAM,102
verbatim_en_2023_NIC:27,2023_NIC,111
verbatim_en_2023_NPL:23,2023_NPL,48
verbatim_en_2023_NZL:14,2023_NZL,32
verbatim_en_2023_NZL:15,2023_NZL,32
verbatim_en_2023_QAT:5,2023_QAT,25
verbatim_en_2023_QAT:8,2023_QAT,31
verbatim_en_2023_QAT:9,2023_QAT,31
verbatim_en_2023_SGP:12,2023_SGP,29
verbatim_en_2023_SGP:13,2023_SGP,29
verbatim_en_2023_SGP:14,2023_SGP,29
verbatim_en_2023_SGP:15,2023_SGP,29
verbatim_en_2023_SGP:16,2023_SGP,20
verbatim_en_2023_SGP:17,2023_SGP,20
verbatim_en_2023_SGP:21,2023_SGP,155
verbatim_en_2023_SOM:7,2023_SOM,172
verbatim_en_2023_SRB:10,2023_SRB,66
verbatim_en_2023_SRB:42,2023_SRB,64
verbatim_en_2023_SVK:10,2023_SVK,96
verbatim_en_2023_SVN:11,2023_SVN,21
verbatim_en_2023_SVN:12,2023_SVN,21
verbatim_en_2023_SWE:13,2023_SWE,95
verbatim_en_2023_UKR:12,2023_UKR,70
verbatim_en_2023_URY:4,2023_URY,122
verbatim_en_2023_USA:13,2023_USA,12
verbatim_en_2023_USA:14,2023_USA,12
verbatim_en_2023_VCT:8,2023_VCT,35
verbatim_en_2023_VEN:18,2023_VEN,110
verbatim_en_2023_ZMB:7,2023_ZMB,104
verbatim_en_2023_ZMB:12,2023_ZMB,104
verbatim_en_2024_ARE:27,2024_ARE,167
verbatim_en_2024_BDI:29,2024_BDI,147
verbatim_en_2024_BGD:29,2024_BGD,107
verbatim_en_2024_BGD:30,2024_BGD,107
verbatim_en_2024_BHR:14,2024_BHR,168
verbatim_en_2024_BOL:6,2024_BOL,40
verbatim_en_2024_BRA:16,2024_BRA,45
verbatim_en_2024_CHL:24,2024_CHL,118
verbatim_en_2024_CHL:25,2024_CHL,118
verbatim_en_2024_CHL:26,2024_CHL,118
verbatim_en_2024_CHN:22,2024_CHN,84
verbatim_en_2024_CIV:7,2024_CIV,146
verbatim_en_2024_CMR:21,2024_CMR,9
verbatim_en_2024_COL:13,2024_COL,15
verbatim_en_2024_COM:10,2024_COM,126
verbatim_en_2024_CRI:13,2024_CRI,114
verbatim_en_2024_CZE:8,2024_CZE,59
verbatim_en_2024_DJI:10,2024_DJI,145
verbatim_en_2024_DZA:10,2024_DZA,170
verbatim_en_2024_EGY:21,2024_EGY,169
verbatim_en_2024_ESP:29,2024_ESP,109
verbatim_en_2024_ESP:30,2024_ESP,29
verbatim_en_2024_EST:1,2024_EST,14
verbatim_en_2024_EST:2,2024_EST,14
verbatim_en_2024_FIN:10,2024_FIN,96
verbatim_en_2024_FRA:33,2024_FRA,8
verbatim_en_2024_GBR:8,2024_GBR,38
verbatim_en_2024_GRC:2,2024_GRC,68
verbatim_en_2024_GRC:16,2024_GRC,16
verbatim_en_2024_GRC:17,2024_GRC,23
verbatim_en_2024_GRC:18,2024_GRC,23
verbatim_en_2024_GRC:19,2024_GRC,23
verbatim_en_2024_GRC:20,2024_GRC,23
verbatim_en_2024_GRC:21,2024_GRC,23
verbatim_en_2024_GRC:22,2024_GRC,23
verbatim_en_2024_HTI:19,2024_HTI,129
verbatim_en_2024_ISR:25,2024_ISR,13
verbatim_en_2024_ITA:2,2024_ITA,41
verbatim_en_2024_JPN:27,2024_JPN,89
verbatim_en_2024_KAZ:12,2024_KAZ,80
verbatim_en_2024_KEN:5,2024_KEN,35
verbatim_en_2024_KOR:14,2024_KOR,90
verbatim_en_2024_KWT:8,2024_KWT,160
verbatim_en_2024_LAO:16,2024_LAO,86
verbatim_en_2024_LKA:6,2024_LKA,36
verbatim_en_2024_LKA:14,2024_LKA,92
verbatim_en_2024_LVA:16,2024_LVA,72
verbatim_en_2024_MAR:2,2024_MAR,142
verbatim_en_2024_MCO:10,2024_MCO,2
verbatim_en_2024_MDV:6,2024_MDV,108
verbatim_en_2024_MDV:7,2024_MDV,108
verbatim_en_2024_MDV:8,2024_MDV,108
verbatim_en_2024_MNG:12,2024_MNG,77
verbatim_en_2024_MNG:13,2024_MNG,99
verbatim_en_2024_MUS:6,2024_MUS,127
verbatim_en_2024_MWI:11,2024_MWI,73
verbatim_en_2024_NGA:21,2024_NGA,101
verbatim_en_2024_NGA:22,2024_NGA,101
verbatim_en_2024_NOR:15,2024_NOR,161
verbatim_en_2024_PER:18,2024_PER,118
verbatim_en_2024_PHL:6,2024_PHL,160
verbatim_en_2024_PRT:12,2024_PRT,55
verbatim_en_2024_PRY:1,2024_PRY,121
verbatim_en_2024_PRY:22,2024_PRY,119
verbatim_en_2024_RUS:7,2024_RUS,161
verbatim_en_2024_SGP:18,2024_SGP,155
verbatim_en_2024_SGP:22,2024_SGP,20
verbatim_en_2024_SLE:12,2024_SLE,148
verbatim_en_2024_SMR:10,2024_SMR,46
verbatim_en_2024_SVN:15,2024_SVN,93
verbatim_en_2024_SVN:16,2024_SVN,93
verbatim_en_2024_SWE:15,2024_SWE,95
verbatim_en_2024_TJK:6,2024_TJK,79
verbatim_en_2024_TUR:46,2024_TUR,78
verbatim_en_2024_USA:8,2024_USA,74
verbatim_en_2024_USA:23,2024_USA,62
verbatim_en_2024_USA:24,2024_USA,29
verbatim_en_2024_USA:25,2024_USA,29
verbatim_en_2024_USA:26,2024_USA,29
verbatim_en_2024_UZB:7,2024_UZB,81
verbatim_en_2024_VNM:11,2024_VNM,99
verbatim_en_2024_ZMB:14,2024_ZMB,104
verbatim_en_2025_ALB:1,2025_ALB,67
verbatim_en_2025_ALB:4,2025_ALB,67
verbatim_en_2025_ARE:4,2025_ARE,167
verbatim_en_2025_BGD:6,2025_BGD,107
verbatim_en_2025_BGD:7,2025_BGD,107
verbatim_en_2025_BGD:11,2025_BGD,107
verbatim_en_2025_BGD:12,2025_BGD,107
verbatim_en_2025_BGR:5,2025_BGR,94
verbatim_en_2025_BHR:4,2025_BHR,168
verbatim_en_2025_BHR:5,2025_BHR,168
verbatim_en_2025_BLZ:4,2025_BLZ,134
verbatim_en_2025_BOL:2,2025_BOL,112
verbatim_en_2025_BRA:3,2025_BRA,53
verbatim_en_2025_BRB:4,2025_BRB,165
verbatim_en_2025_BRB:5,2025_BRB,165
verbatim_en_2025_BRB:6,2025_BRB,133
verbatim_en_2025_BRB:7,2025_BRB,133
verbatim_en_2025_CAF:8,2025_CAF,146
verbatim_en_2025_CAN:3,2025_CAN,173
verbatim_en_2025_CHN:5,2025_CHN,84
verbatim_en_2025_CIV:5,2025_CIV,146
verbatim_en_2025_CMR:5,2025_CMR,146
verbatim_en_2025_COG:3,2025_COG,146
verbatim_en_2025_CPV:1,2025_CPV,125
verbatim_en_2025_CRI:1,2025_CRI,114
verbatim_en_2025_CRI:4,2025_CRI,114
verbatim_en_2025_CRI:5,2025_CRI,114
verbatim_en_2025_CUB:4,2025_CUB,112
verbatim_en_2025_CYP:1,2025_CYP,136
verbatim_en_2025_DJI:2,2025_DJI,145
verbatim_en_2025_DMA:1,2025_DMA,139
verbatim_en_2025_ECU:4,2025_ECU,117
verbatim_en_2025_EGY:6,2025_EGY,169
verbatim_en_2025_ESP:5,2025_ESP,109
verbatim_en_2025_EST:5,2025_EST,76
verbatim_en_2025_EST:6,2025_EST,76
verbatim_en_2025_FRA:9,2025_FRA,8
verbatim_en_2025_FSM:5,2025_FSM,124
verbatim_en_2025_GBR:4,2025_GBR,28
verbatim_en_2025_GBR:5,2025_GBR,28
verbatim_en_2025_GBR:6,2025_GBR,28
verbatim_en_2025_GHA:4,2025_GHA,159
verbatim_en_2025_GHA:6,2025_GHA,51
verbatim_en_2025_GRC:2,2025_GRC,68
verbatim_en_2025_GRC:9,2025_GRC,23
verbatim_en_2025_GRC:10,2025_GRC,23
verbatim_en_2025_GRD:1,2025_GRD,128
verbatim_en_2025_GRD:3,2025_GRD,128
verbatim_en_2025_GUY:6,2025_GUY,135
verbatim_en_2025_HRV:5,2025_HRV,66
verbatim_en_2025_HTI:2,2025_HTI,129
verbatim_en_2025_IND:4,2025_IND,175
verbatim_en_2025_ISL:4,2025_ISL,49
verbatim_en_2025_ISR:13,2025_ISR,13
verbatim_en_2025_ITA:5,2025_ITA,56
verbatim_en_2025_KAZ:5,2025_KAZ,80
verbatim_en_2025_KAZ:6,2025_KAZ,80
verbatim_en_2025_KEN:6,2025_KEN,52
verbatim_en_2025_KOR:5,2025_KOR,90
verbatim_en_2025_LIE:3,2025_LIE,163
verbatim_en_2025_LKA:5,2025_LKA,92
verbatim_en_2025_LKA:6,2025_LKA,92
verbatim_en_2025_LVA:1,2025_LVA,72
verbatim_en_2025_LVA:3,2025_LVA,72
verbatim_en_2025_LVA:4,2025_LVA,72
verbatim_en_2025_MAR:5,2025_MAR,142
verbatim_en_2025_MKD:1,2025_MKD,71
verbatim_en_2025_MKD:5,2025_MKD,159
verbatim_en_2025_MLT:4,2025_MLT,159
verbatim_en_2025_MNE:4,2025_MNE,65
verbatim_en_2025_MNE:5,2025_MNE,65
verbatim_en_2025_MOZ:3,2025_MOZ,150
verbatim_en_2025_MRT:1,2025_MRT,140
verbatim_en_2025_MRT:2,2025_MRT,140
verbatim_en_2025_MUS:2,2025_MUS,127
verbatim_en_2025_MUS:5,2025_MUS,127
verbatim_en_2025_MWI:3,2025_MWI,152
verbatim_en_2025_MWI:4,2025_MWI,152
verbatim_en_2025_MWI:5,2025_MWI,152
verbatim_en_2025_NAM:3,2025_NAM,151
verbatim_en_2025_NGA:2,2025_NGA,159
verbatim_en_2025_NLD:2,2025_NLD,164
verbatim_en_2025_OMN:3,2025_OMN,168
verbatim_en_2025_PAK:11,2025_PAK,174
verbatim_en_2025_PHL:4,2025_PHL,82
verbatim_en_2025_PRT:4,2025_PRT,166
verbatim_en_2025_SAU:4,2025_SAU,168
verbatim_en_2025_SGP:6,2025_SGP,159
verbatim_en_2025_SLB:7,2025_SLB,124
verbatim_en_2025_SMR:7,2025_SMR,46
verbatim_en_2025_SVK:4,2025_SVK,58
verbatim_en_2025_SWE:5,2025_SWE,95
verbatim_en_2025_TJK:3,2025_TJK,79
verbatim_en_2025_TJK:4,2025_TJK,79
verbatim_en_2025_TLS:5,2025_TLS,125
verbatim_en_2025_TUR:11,2025_TUR,78
verbatim_en_2025_UKR:4,2025_UKR,70
verbatim_en_2025_USA:10,2025_USA,11
verbatim_en_2025_UZB:5,2025_UZB,81
verbatim_en_2025_VCT:1,2025_VCT,139
verbatim_en_2025_WSM:6,2025_WSM,124
verbatim_en_2025_ZWE:4,2025_ZWE,104
verbatim_en_2026_AGO:1,2026_AGO,140
verbatim_en_2026_AGO:6,2026_AGO,112
verbatim_en_2026_AGO:7,2026_AGO,146
verbatim_en_2026_ALB:1,2026_ALB,30
verbatim_en_2026_ALB:2,2026_ALB,30
verbatim_en_2026_ALB:3,2026_ALB,30
verbatim_en_2026_ALB:4,2026_ALB,30
verbatim_en_2026_ALB:5,2026_ALB,30
verbatim_en_2026_ALB:6,2026_ALB,30
verbatim_en_2026_ALB:7,2026_ALB,30
verbatim_en_2026_ALB:8,2026_ALB,30
verbatim_en_2026_AND:5,2026_AND,3
verbatim_en_2026_AND:6,2026_AND,3
verbatim_en_2026_ARE:4,2026_ARE,167
verbatim_en_2026_ARG:1,2026_ARG,121
verbatim_en_2026_ARG:5,2026_ARG,30
verbatim_en_2026_ARG:6,2026_ARG,30
verbatim_en_2026_ARG:7,2026_ARG,30
verbatim_en_2026_ARG:8,2026_ARG,30
verbatim_en_2026_ATG:2,2026_ATG,131
verbatim_en_2026_AUS:2,2026_AUS,162
verbatim_en_2026_AUS:3,2026_AUS,162
verbatim_en_2026_AUS:5,2026_AUS,162
verbatim_en_2026_AUT:1,2026_AUT,61
verbatim_en_2026_AUT:3,2026_AUT,61
verbatim_en_2026_AUT:4,2026_AUT,61
verbatim_en_2026_AUT:5,2026_AUT,61
verbatim_en_2026_BEL:6,2026_BEL,82
verbatim_en_2026_BEN:2,2026_BEN,146
verbatim_en_2026_BEN:5,2026_BEN,143
verbatim_en_2026_BGD:6,2026_BGD,107
verbatim_en_2026_BGR:4,2026_BGR,54
verbatim_en_2026_BHR:6,2026_BHR,168
verbatim_en_2026_BHS:5,2026_BHS,131
verbatim_en_2026_BLR:5,2026_BLR,71
verbatim_en_2026_BLZ:1,2026_BLZ,134
verbatim_en_2026_BLZ:2,2026_BLZ,134
verbatim_en_2026_BLZ:6,2026_BLZ,134
verbatim_en_2026_BRA:5,2026_BRA,43
verbatim_en_2026_BRB:1,2026_BRB,136
verbatim_en_2026_BRB:2,2026_BRB,133
verbatim_en_2026_BRB:6,2026_BRB,133
verbatim_en_2026_BTN:1,2026_BTN,105
verbatim_en_2026_BTN:3,2026_BTN,105
verbatim_en_2026_BTN:4,2026_BTN,105
verbatim_en_2026_BWA:5,2026_BWA,151
verbatim_en_2026_CAF:5,2026_CAF,146
verbatim_en_2026_CAN:9,2026_CAN,173
verbatim_en_2026_CHE:1,2026_CHE,136
verbatim_en_2026_CHE:3,2026_CHE,19
verbatim_en_2026_CHE:4,2026_CHE,19
verbatim_en_2026_CHL:7,2026_CHL,120
verbatim_en_2026_CHL:8,2026_CHL,120
verbatim_en_2026_CHN:2,2026_CHN,84
verbatim_en_2026_CIV:1,2026_CIV,140
verbatim_en_2026_CIV:5,2026_CIV,146
verbatim_en_2026_CMR:2,2026_CMR,146
verbatim_en_2026_COD:2,2026_COD,146
verbatim_en_2026_COD:6,2026_COD,141
verbatim_en_2026_COG:7,2026_COG,146
verbatim_en_2026_COL:4,2026_COL,115
verbatim_en_2026_COM:4,2026_COM,126
verbatim_en_2026_CRI:2,2026_CRI,114
verbatim_en_2026_CUB:7,2026_CUB,112
verbatim_en_2026_CYP:1,2026_CYP,136
verbatim_en_2026_CZE:3,2026_CZE,62
verbatim_en_2026_CZE:4,2026_CZE,60
verbatim_en_2026_DEU:1,2026_DEU,29
verbatim_en_2026_DEU:2,2026_DEU,29
verbatim_en_2026_DEU:3,2026_DEU,71
verbatim_en_2026_DEU:5,2026_DEU,63
verbatim_en_2026_DEU:6,2026_DEU,63
verbatim_en_2026_DJI:5,2026_DJI,145
verbatim_en_2026_DZA:8,2026_DZA,170
verbatim_en_2026_ECU:3,2026_ECU,117
verbatim_en_2026_EGY:6,2026_EGY,169
verbatim_en_2026_ESP:4,2026_ESP,158
verbatim_en_2026_EST:6,2026_EST,76
verbatim_en_2026_EST:7,2026_EST,76
verbatim_en_2026_EST:8,2026_EST,76
verbatim_en_2026_ETH:1,2026_ETH,138
verbatim_en_2026_ETH:2,2026_ETH,138
verbatim_en_2026_FIN:3,2026_FIN,75
verbatim_en_2026_FIN:8,2026_FIN,159
verbatim_en_2026_FRA:1,2026_FRA,8
verbatim_en_2026_FRA:10,2026_FRA,7
verbatim_en_2026_FRA:11,2026_FRA,7
verbatim_en_2026_FRA:12,2026_FRA,7
verbatim_en_2026_FRA:13,2026_FRA,8
verbatim_en_2026_FSM:1,2026_FSM,124
verbatim_en_2026_FSM:5,2026_FSM,124
verbatim_en_2026_GAB:3,2026_GAB,146
verbatim_en_2026_GBR:2,2026_GBR,28
verbatim_en_2026_GBR:4,2026_GBR,28
verbatim_en_2026_GBR:5,2026_GBR,28
verbatim_en_2026_GBR:6,2026_GBR,28
verbatim_en_2026_GMB:7,2026_GMB,149
verbatim_en_2026_GRC:7,2026_GRC,16
verbatim_en_2026_GRC:8,2026_GRC,29
verbatim_en_2026_GRC:9,2026_GRC,29
verbatim_en_2026_GRD:5,2026_GRD,128
verbatim_en_2026_GUY:4,2026_GUY,135
verbatim_en_2026_HRV:3,2026_HRV,66
verbatim_en_2026_HTI:3,2026_HTI,129
verbatim_en_2026_IND:2,2026_IND,175
verbatim_en_2026_IND:4,2026_IND,175
verbatim_en_2026_ISL:6,2026_ISL,49
verbatim_en_2026_ISR:10,2026_ISR,13
verbatim_en_2026_ITA:1,2026_ITA,56
verbatim_en_2026_ITA:5,2026_ITA,56
verbatim_en_2026_ITA:6,2026_ITA,56
verbatim_en_2026_JAM:1,2026_JAM,131
verbatim_en_2026_JAM:5,2026_JAM,130
verbatim_en_2026_JPN:7,2026_JPN,89
verbatim_en_2026_JPN:8,2026_JPN,89
verbatim_en_2026_KAZ:6,2026_KAZ,80
verbatim_en_2026_KHM:4,2026_KHM,88
verbatim_en_2026_KNA:5,2026_KNA,131
verbatim_en_2026_KNA:7,2026_KNA,132
verbatim_en_2026_KOR:2,2026_KOR,90
verbatim_en_2026_KOR:3,2026_KOR,90
verbatim_en_2026_KWT:1,2026_KWT,140
verbatim_en_2026_LAO:2,2026_LAO,86
verbatim_en_2026_LBN:2,2026_LBN,136
verbatim_en_2026_LBN:3,2026_LBN,137
verbatim_en_2026_LBR:3,2026_LBR,149
verbatim_en_2026_LCA:5,2026_LCA,132
verbatim_en_2026_LIE:1,2026_LIE,163
verbatim_en_2026_LIE:6,2026_LIE,163
verbatim_en_2026_LKA:6,2026_LKA,92
verbatim_en_2026_LSO:3,2026_LSO,103
verbatim_en_2026_LTU:3,2026_LTU,72
verbatim_en_2026_LTU:4,2026_LTU,72
verbatim_en_2026_LUX:3,2026_LUX,144
verbatim_en_2026_LVA:1,2026_LVA,72
verbatim_en_2026_MCO:5,2026_MCO,2
verbatim_en_2026_MDA:2,2026_MDA,70
verbatim_en_2026_MDV:4,2026_MDV,108
verbatim_en_2026_MKD:1,2026_MKD,66
verbatim_en_2026_MKD:7,2026_MKD,16
verbatim_en_2026_MLI:7,2026_MLI,153
verbatim_en_2026_MLT:5,2026_MLT,21
verbatim_en_2026_MLT:6,2026_MLT,22
verbatim_en_2026_MNE:4,2026_MNE,65
verbatim_en_2026_MNE:6,2026_MNE,65
verbatim_en_2026_MNE:7,2026_MNE,65
verbatim_en_2026_MOZ:7,2026_MOZ,150
verbatim_en_2026_MUS:3,2026_MUS,127
verbatim_en_2026_MUS:4,2026_MUS,127
verbatim_en_2026_MWI:5,2026_MWI,152
verbatim_en_2026_MWI:6,2026_MWI,152
verbatim_en_2026_MYS:3,2026_MYS,154
verbatim_en_2026_MYS:4,2026_MYS,154
verbatim_en_2026_NAM:4,2026_NAM,151
verbatim_en_2026_NGA:3,2026_NGA,101
verbatim_en_2026_NLD:3,2026_NLD,164
verbatim_en_2026_NOR:6,2026_NOR,159
verbatim_en_2026_PAK:5,2026_PAK,174
verbatim_en_2026_PHL:2,2026_PHL,83
verbatim_en_2026_PHL:3,2026_PHL,82
verbatim_en_2026_POL:10,2026_POL,57
verbatim_en_2026_POL:11,2026_POL,57
verbatim_en_2026_PRK:5,2026_PRK,91
verbatim_en_2026_PRT:2,2026_PRT,156
verbatim_en_2026_PRY:4,2026_PRY,123
verbatim_en_2026_PRY:6,2026_PRY,120
verbatim_en_2026_PRY:7,2026_PRY,29
verbatim_en_2026_PRY:8,2026_PRY,121
verbatim_en_2026_ROU:2,2026_ROU,70
verbatim_en_2026_RUS:6,2026_RUS,71
verbatim_en_2026_SAU:5,2026_SAU,168
verbatim_en_2026_SEN:3,2026_SEN,146
verbatim_en_2026_SGP:4,2026_SGP,20
verbatim_en_2026_SGP:5,2026_SGP,20
verbatim_en_2026_SGP:6,2026_SGP,20
verbatim_en_2026_SGP:7,2026_SGP,155
verbatim_en_2026_SLB:4,2026_SLB,124
verbatim_en_2026_SLE:5,2026_SLE,148
verbatim_en_2026_SLV:6,2026_SLV,115
verbatim_en_2026_SMR:6,2026_SMR,46
verbatim_en_2026_SMR:7,2026_SMR,46
verbatim_en_2026_SRB:8,2026_SRB,66
verbatim_en_2026_SRB:9,2026_SRB,66
verbatim_en_2026_STP:4,2026_STP,125
verbatim_en_2026_SUR:4,2026_SUR,135
verbatim_en_2026_SUR:5,2026_SUR,135
verbatim_en_2026_SVK:2,2026_SVK,58
verbatim_en_2026_SVK:3,2026_SVK,58
verbatim_en_2026_SWZ:4,2026_SWZ,103
verbatim_en_2026_SYC:3,2026_SYC,124
verbatim_en_2026_TGO:5,2026_TGO,1
verbatim_en_2026_TGO:6,2026_TGO,1
verbatim_en_2026_TJK:3,2026_TJK,79
verbatim_en_2026_TJK:4,2026_TJK,79
verbatim_en_2026_TKM:2,2026_TKM,79
verbatim_en_2026_TKM:3,2026_TKM,79
verbatim_en_2026_TLS:7,2026_TLS,158
verbatim_en_2026_TON:6,2026_TON,124
verbatim_en_2026_TTO:3,2026_TTO,131
verbatim_en_2026_TTO:4,2026_TTO,131
verbatim_en_2026_TTO:5,2026_TTO,131
verbatim_en_2026_TUN:8,2026_TUN,171
verbatim_en_2026_TUR:11,2026_TUR,78
verbatim_en_2026_TUV:2,2026_TUV,124
verbatim_en_2026_TZA:1,2026_TZA,140
verbatim_en_2026_UKR:8,2026_UKR,70
verbatim_en_2026_UKR:9,2026_UKR,70
verbatim_en_2026_USA:16,2026_USA,11
verbatim_en_2026_USA:17,2026_USA,11
verbatim_en_2026_UZB:3,2026_UZB,81
verbatim_en_2026_UZB:4,2026_UZB,81
verbatim_en_2026_VCT:7,2026_VCT,132
verbatim_en_2026_VEN:1,2026_VEN,110
verbatim_en_2026_VEN:2,2026_VEN,110
verbatim_en_2026_VNM:3,2026_VNM,85
verbatim_en_2026_VNM:4,2026_VNM,85
verbatim_en_2026_VUT:6,2026_VUT,124
verbatim_en_2026_VUT:7,2026_VUT,124
verbatim_en_2026_WSM:3,2026_WSM,124
verbatim_en_2026_ZAF:5,2026_ZAF,151
verbatim_en_2026_ZWE:4,2026_ZWE,104
