year,mechanism,stance,n,countries,partial
2018,Other model,mention,1,"[""MEX""]",False
2018,Other model,support,1,"[""MEX""]",False
2020,Other model,mention,1,"[""SVN""]",False
2020,Other model,support,1,"[""SVN""]",False
2022,New body/verification regime,mention,1,"[""LKA""]",False
2023,New body/verification regime,mention,2,"[""ESP"", ""KOR""]",False
2023,New body/verification regime,support,2,"[""ESP"", ""KOR""]",False
2023,New body/verification regime,request,1,"[""KOR""]",False
2023,New body/verification regime,commitment,1,"[""ESP""]",False
2023,Other model,mention,8,"[""BGR"", ""BRB"", ""GBR"", ""JPN"", ""SGP"", ""SRB"", ""SVN"", ""SWE""]",False
2023,Other model,welcome,1,"[""SVN""]",False
2023,Other model,support,7,"[""BGR"", ""BRB"", ""GBR"", ""JPN"", ""SGP"", ""SRB"", ""SWE""]",False
2023,Other model,commitment,2,"[""GBR"", ""SWE""]",False
2024,Dialogue,mention,1,"[""SGP""]",False
2024,Dialogue,support,1,"[""SGP""]",False
2024,New body/verification regime,mention,1,"[""COL""]",False
2024,Other model,mention,14,"[""BHR"", ""CHN"", ""COM"", ""GBR"", ""GRC"", ""JPN"", ""MNG"", ""PHL"", ""PRT"", ""SLE"", ""SWE"", ""USA"", ""UZB"", ""VNM""]",False
2024,Other model,welcome,6,"[""GRC"", ""MNG"", ""SLE"", ""SWE"", ""USA"", ""VNM""]",False
2024,Other model,support,13,"[""BHR"", ""CHN"", ""COM"", ""GBR"", ""GRC"", ""JPN"", ""PHL"", ""PRT"", ""SLE"", ""SWE"", ""USA"", ""UZB"", ""VNM""]",False
2024,Other model,request,1,"[""PHL""]",False
2024,Other model,commitment,1,"[""CHN""]",False
2025,Dialogue,mention,2,"[""GRC"", ""SMR""]",False
2025,Dialogue,welcome,1,"[""GRC""]",False
2025,Dialogue,support,2,"[""GRC"", ""SMR""]",False
2025,Panel,mention,3,"[""GBR"", ""GRC"", ""SMR""]",False
2025,Panel,welcome,2,"[""GBR"", ""GRC""]",False
2025,Panel,support,3,"[""GBR"", ""GRC"", ""SMR""]",False
2025,Other model,mention,8,"[""BHR"", ""BRA"", ""CAF"", ""CIV"", ""DJI"", ""SLB"", ""SVK"", ""VCT""]",False
2025,Other model,welcome,2,"[""CIV"", ""DJI""]",False
2025,Other model,support,6,"[""BHR"", ""BRA"", ""CAF"", ""SLB"", ""SVK"", ""VCT""]",False
2025,Other model,commitment,2,"[""BRA"", ""SVK""]",False
2026,Dialogue,mention,10,"[""CHL"", ""EGY"", ""EST"", ""KAZ"", ""LTU"", ""MCO"", ""MUS"", ""SGP"", ""SLV"", ""TKM""]",False
2026,Dialogue,support,8,"[""EGY"", ""EST"", ""KAZ"", ""LTU"", ""MUS"", ""SGP"", ""SLV"", ""TKM""]",False
2026,Dialogue,request,1,"[""CHL""]",False
2026,Dialogue,commitment,3,"[""EST"", ""SLV"", ""TKM""]",False
2026,Panel,mention,6,"[""BRA"", ""BRB"", ""CZE"", ""DEU"", ""MUS"", ""SGP""]",False
2026,Panel,welcome,1,"[""MUS""]",False
2026,Panel,support,4,"[""BRA"", ""BRB"", ""DEU"", ""SGP""]",False
2026,Panel,concern,1,"[""BRA""]",False
2026,Panel,commitment,1,"[""BRB""]",False
2026,Fund,mention,1,"[""COD""]",False
2026,Fund,support,1,"[""COD""]",False
2026,FSB-like,mention,1,"[""GBR""]",False
2026,FSB-like,support,1,"[""GBR""]",False
2026,FSB-like,commitment,1,"[""GBR""]",False
2026,New body/verification regime,mention,2,"[""DEU"", ""RUS""]",False
2026,New body/verification regime,support,2,"[""DEU"", ""RUS""]",False
2026,Other model,mention,16,"[""AGO"", ""ALB"", ""BWA"", ""CAF"", ""FRA"", ""IND"", ""JPN"", ""LTU"", ""MCO"", ""MLT"", ""MWI"", ""SAU"", ""SGP"", ""SRB"", ""TKM"", ""TUR""]",False
2026,Other model,welcome,1,"[""AGO""]",False
2026,Other model,support,15,"[""AGO"", ""BWA"", ""CAF"", ""FRA"", ""IND"", ""JPN"", ""LTU"", ""MCO"", ""MLT"", ""MWI"", ""SAU"", ""SGP"", ""SRB"", ""TKM"", ""TUR""]",False
2026,Other model,request,7,"[""BWA"", ""CAF"", ""MCO"", ""MWI"", ""SGP"", ""TKM"", ""TUR""]",False
2026,Other model,commitment,3,"[""LTU"", ""SAU"", ""SGP""]",False
