year_from,year_to,code,N,n_from,n_to,countries,partial
2017,2018,AI_GLOBAL_GOVERNANCE,2,0,0,"[""SGP"", ""SRB""]",False
2017,2018,AI_INCLUSIVE_GOVERNANCE,2,0,0,"[""SGP"", ""SRB""]",False
2017,2018,AI_GOVERNANCE_SKEPTICISM,2,0,0,"[""SGP"", ""SRB""]",False
2017,2018,AI_UN_ROLE,2,1,0,"[""SGP"", ""SRB""]",False
2017,2018,AI_MILITARY_WEAPONS,2,0,0,"[""SGP"", ""SRB""]",False
2017,2018,AI_PEACE_APPLICATIONS,2,0,0,"[""SGP"", ""SRB""]",False
2017,2018,AI_SAFETY_EXISTENTIAL,2,0,0,"[""SGP"", ""SRB""]",False
2017,2018,AI_HUMAN_CONTROL,2,0,0,"[""SGP"", ""SRB""]",False
2017,2018,AI_HUMAN_RIGHTS_ETHICS,2,0,0,"[""SGP"", ""SRB""]",False
2017,2018,AI_BIAS_CULTURAL_DIVERSITY,2,0,0,"[""SGP"", ""SRB""]",False
2017,2018,AI_DISINFORMATION,2,0,0,"[""SGP"", ""SRB""]",False
2017,2018,AI_CYBER_SECURITY,2,0,0,"[""SGP"", ""SRB""]",False
2017,2018,AI_DIGITAL_DIVIDE,1,0,0,"[""SGP""]",False
2017,2018,AI_CAPACITY_BUILDING,2,0,0,"[""SGP"", ""SRB""]",False
2017,2018,AI_DEVELOPMENT_SDGS,2,0,0,"[""SGP"", ""SRB""]",False
2017,2018,AI_RESOURCE_FOOTPRINT,2,0,0,"[""SGP"", ""SRB""]",False
2017,2018,AI_ECONOMY_LABOR,2,1,0,"[""SGP"", ""SRB""]",False
2017,2018,AI_YOUTH_EDUCATION,1,0,0,"[""SGP""]",False
2017,2018,AI_CHILD_PROTECTION,2,0,0,"[""SGP"", ""SRB""]",False
2017,2018,AI_NATIONAL_STRATEGY,1,0,0,"[""SGP""]",False
2017,2018,AI_SOVEREIGNTY_CONCENTRATION,2,0,0,"[""SGP"", ""SRB""]",False
2017,2018,AI_GEOPOLITICAL_RIVALRY,2,0,0,"[""SGP"", ""SRB""]",False
2017,2018,AI_OPPORTUNITY_RISK_DUALITY,2,0,0,"[""SGP"", ""SRB""]",False
2017,2018,AI_TRANSFORMATIVE_ERA,1,0,0,"[""SRB""]",False
2017,2018,AI_TECH_LIST_MENTION,2,0,1,"[""SGP"", ""SRB""]",False
2017,2018,AI_THREAT_LIST_MENTION,1,0,0,"[""SRB""]",False
2018,2019,AI_GLOBAL_GOVERNANCE,1,0,0,"[""ARE""]",False
2018,2019,AI_INCLUSIVE_GOVERNANCE,2,0,0,"[""ARE"", ""BEL""]",False
2018,2019,AI_GOVERNANCE_SKEPTICISM,2,0,0,"[""ARE"", ""BEL""]",False
2018,2019,AI_UN_ROLE,2,0,0,"[""ARE"", ""BEL""]",False
2018,2019,AI_MILITARY_WEAPONS,2,0,0,"[""ARE"", ""BEL""]",False
2018,2019,AI_PEACE_APPLICATIONS,2,0,0,"[""ARE"", ""BEL""]",False
2018,2019,AI_SAFETY_EXISTENTIAL,2,0,0,"[""ARE"", ""BEL""]",False
2018,2019,AI_HUMAN_CONTROL,3,0,1,"[""ARE"", ""BEL"", ""GBR""]",False
2018,2019,AI_HUMAN_RIGHTS_ETHICS,3,0,2,"[""ARE"", ""BEL"", ""GBR""]",False
2018,2019,AI_BIAS_CULTURAL_DIVERSITY,2,0,0,"[""ARE"", ""BEL""]",False
2018,2019,AI_DISINFORMATION,2,0,0,"[""ARE"", ""BEL""]",False
2018,2019,AI_CYBER_SECURITY,2,0,0,"[""ARE"", ""BEL""]",False
2018,2019,AI_DIGITAL_DIVIDE,1,0,0,"[""ARE""]",False
2018,2019,AI_CAPACITY_BUILDING,2,0,0,"[""ARE"", ""BEL""]",False
2018,2019,AI_DEVELOPMENT_SDGS,1,0,0,"[""ARE""]",False
2018,2019,AI_RESOURCE_FOOTPRINT,2,0,0,"[""ARE"", ""BEL""]",False
2018,2019,AI_ECONOMY_LABOR,2,0,0,"[""ARE"", ""BEL""]",False
2018,2019,AI_YOUTH_EDUCATION,2,0,0,"[""ARE"", ""BEL""]",False
2018,2019,AI_CHILD_PROTECTION,2,0,0,"[""ARE"", ""BEL""]",False
2018,2019,AI_NATIONAL_STRATEGY,1,0,0,"[""BEL""]",False
2018,2019,AI_SOVEREIGNTY_CONCENTRATION,2,0,0,"[""ARE"", ""BEL""]",False
2018,2019,AI_GEOPOLITICAL_RIVALRY,2,0,0,"[""ARE"", ""BEL""]",False
2018,2019,AI_OPPORTUNITY_RISK_DUALITY,3,1,1,"[""ARE"", ""BEL"", ""GBR""]",False
2018,2019,AI_TRANSFORMATIVE_ERA,1,0,0,"[""ARE""]",False
2018,2019,AI_TECH_LIST_MENTION,2,1,1,"[""ARE"", ""BEL""]",False
2018,2019,AI_THREAT_LIST_MENTION,2,0,0,"[""ARE"", ""BEL""]",False
2019,2020,AI_GLOBAL_GOVERNANCE,3,2,2,"[""CZE"", ""PRT"", ""RUS""]",False
2019,2020,AI_INCLUSIVE_GOVERNANCE,4,0,0,"[""CZE"", ""PRT"", ""RUS"", ""SVN""]",False
2019,2020,AI_GOVERNANCE_SKEPTICISM,4,0,0,"[""CZE"", ""PRT"", ""RUS"", ""SVN""]",False
2019,2020,AI_UN_ROLE,3,2,2,"[""CZE"", ""PRT"", ""SVN""]",False
2019,2020,AI_MILITARY_WEAPONS,3,0,0,"[""CZE"", ""PRT"", ""SVN""]",False
2019,2020,AI_PEACE_APPLICATIONS,4,0,0,"[""CZE"", ""PRT"", ""RUS"", ""SVN""]",False
2019,2020,AI_SAFETY_EXISTENTIAL,4,0,0,"[""CZE"", ""PRT"", ""RUS"", ""SVN""]",False
2019,2020,AI_HUMAN_CONTROL,3,0,0,"[""CZE"", ""PRT"", ""RUS""]",False
2019,2020,AI_HUMAN_RIGHTS_ETHICS,2,0,1,"[""CZE"", ""PRT""]",False
2019,2020,AI_BIAS_CULTURAL_DIVERSITY,4,0,0,"[""CZE"", ""PRT"", ""RUS"", ""SVN""]",False
2019,2020,AI_DISINFORMATION,4,0,0,"[""CZE"", ""PRT"", ""RUS"", ""SVN""]",False
2019,2020,AI_CYBER_SECURITY,3,0,0,"[""CZE"", ""PRT"", ""SVN""]",False
2019,2020,AI_DIGITAL_DIVIDE,5,1,0,"[""CZE"", ""ESP"", ""PRT"", ""RUS"", ""SVN""]",False
2019,2020,AI_CAPACITY_BUILDING,4,0,0,"[""CZE"", ""PRT"", ""RUS"", ""SVN""]",False
2019,2020,AI_DEVELOPMENT_SDGS,4,1,2,"[""ESP"", ""PRT"", ""RUS"", ""SVN""]",False
2019,2020,AI_RESOURCE_FOOTPRINT,4,0,0,"[""CZE"", ""PRT"", ""RUS"", ""SVN""]",False
2019,2020,AI_ECONOMY_LABOR,2,1,0,"[""RUS"", ""SVN""]",False
2019,2020,AI_YOUTH_EDUCATION,4,0,0,"[""CZE"", ""PRT"", ""RUS"", ""SVN""]",False
2019,2020,AI_CHILD_PROTECTION,4,0,0,"[""CZE"", ""PRT"", ""RUS"", ""SVN""]",False
2019,2020,AI_NATIONAL_STRATEGY,4,2,1,"[""CZE"", ""PRT"", ""RUS"", ""SVN""]",False
2019,2020,AI_SOVEREIGNTY_CONCENTRATION,4,0,0,"[""CZE"", ""PRT"", ""RUS"", ""SVN""]",False
2019,2020,AI_GEOPOLITICAL_RIVALRY,3,0,0,"[""PRT"", ""RUS"", ""SVN""]",False
2019,2020,AI_OPPORTUNITY_RISK_DUALITY,2,1,0,"[""CZE"", ""SVN""]",False
2019,2020,AI_TRANSFORMATIVE_ERA,3,1,1,"[""CZE"", ""RUS"", ""SVN""]",False
2019,2020,AI_TECH_LIST_MENTION,4,0,0,"[""CZE"", ""PRT"", ""RUS"", ""SVN""]",False
2019,2020,AI_THREAT_LIST_MENTION,4,0,0,"[""CZE"", ""PRT"", ""RUS"", ""SVN""]",False
2020,2021,AI_GLOBAL_GOVERNANCE,1,0,0,"[""SVN""]",False
2020,2021,AI_INCLUSIVE_GOVERNANCE,2,0,0,"[""CZE"", ""SVN""]",False
2020,2021,AI_GOVERNANCE_SKEPTICISM,2,0,0,"[""CZE"", ""SVN""]",False
2020,2021,AI_UN_ROLE,2,1,1,"[""CZE"", ""SVN""]",False
2020,2021,AI_MILITARY_WEAPONS,2,0,0,"[""CZE"", ""SVN""]",False
2020,2021,AI_PEACE_APPLICATIONS,2,0,0,"[""CZE"", ""SVN""]",False
2020,2021,AI_SAFETY_EXISTENTIAL,2,0,0,"[""CZE"", ""SVN""]",False
2020,2021,AI_HUMAN_CONTROL,2,0,0,"[""CZE"", ""SVN""]",False
2020,2021,AI_HUMAN_RIGHTS_ETHICS,1,1,1,"[""CZE""]",False
2020,2021,AI_BIAS_CULTURAL_DIVERSITY,2,0,0,"[""CZE"", ""SVN""]",False
2020,2021,AI_DISINFORMATION,1,0,0,"[""SVN""]",False
2020,2021,AI_CYBER_SECURITY,2,0,0,"[""CZE"", ""SVN""]",False
2020,2021,AI_DIGITAL_DIVIDE,2,0,0,"[""CZE"", ""SVN""]",False
2020,2021,AI_CAPACITY_BUILDING,2,0,0,"[""CZE"", ""SVN""]",False
2020,2021,AI_DEVELOPMENT_SDGS,0,0,0,[],False
2020,2021,AI_RESOURCE_FOOTPRINT,2,0,0,"[""CZE"", ""SVN""]",False
2020,2021,AI_ECONOMY_LABOR,2,0,0,"[""CZE"", ""SVN""]",False
2020,2021,AI_YOUTH_EDUCATION,2,0,0,"[""CZE"", ""SVN""]",False
2020,2021,AI_CHILD_PROTECTION,2,0,0,"[""CZE"", ""SVN""]",False
2020,2021,AI_NATIONAL_STRATEGY,2,1,1,"[""CZE"", ""SVN""]",False
2020,2021,AI_SOVEREIGNTY_CONCENTRATION,2,0,0,"[""CZE"", ""SVN""]",False
2020,2021,AI_GEOPOLITICAL_RIVALRY,1,0,0,"[""SVN""]",False
2020,2021,AI_OPPORTUNITY_RISK_DUALITY,1,0,0,"[""SVN""]",False
2020,2021,AI_TRANSFORMATIVE_ERA,2,1,0,"[""CZE"", ""SVN""]",False
2020,2021,AI_TECH_LIST_MENTION,2,0,0,"[""CZE"", ""SVN""]",False
2020,2021,AI_THREAT_LIST_MENTION,2,0,0,"[""CZE"", ""SVN""]",False
2021,2022,AI_GLOBAL_GOVERNANCE,1,0,0,"[""GBR""]",False
2021,2022,AI_INCLUSIVE_GOVERNANCE,1,0,0,"[""GBR""]",False
2021,2022,AI_GOVERNANCE_SKEPTICISM,1,0,0,"[""GBR""]",False
2021,2022,AI_UN_ROLE,1,0,0,"[""GBR""]",False
2021,2022,AI_MILITARY_WEAPONS,1,0,0,"[""GBR""]",False
2021,2022,AI_PEACE_APPLICATIONS,1,0,0,"[""GBR""]",False
2021,2022,AI_SAFETY_EXISTENTIAL,1,0,0,"[""GBR""]",False
2021,2022,AI_HUMAN_CONTROL,0,0,0,[],False
2021,2022,AI_HUMAN_RIGHTS_ETHICS,0,0,0,[],False
2021,2022,AI_BIAS_CULTURAL_DIVERSITY,1,0,0,"[""GBR""]",False
2021,2022,AI_DISINFORMATION,1,0,0,"[""GBR""]",False
2021,2022,AI_CYBER_SECURITY,1,0,0,"[""GBR""]",False
2021,2022,AI_DIGITAL_DIVIDE,1,0,0,"[""GBR""]",False
2021,2022,AI_CAPACITY_BUILDING,1,0,0,"[""GBR""]",False
2021,2022,AI_DEVELOPMENT_SDGS,1,1,0,"[""GBR""]",False
2021,2022,AI_RESOURCE_FOOTPRINT,1,0,0,"[""GBR""]",False
2021,2022,AI_ECONOMY_LABOR,1,0,0,"[""GBR""]",False
2021,2022,AI_YOUTH_EDUCATION,1,0,0,"[""GBR""]",False
2021,2022,AI_CHILD_PROTECTION,1,0,0,"[""GBR""]",False
2021,2022,AI_NATIONAL_STRATEGY,1,0,0,"[""GBR""]",False
2021,2022,AI_SOVEREIGNTY_CONCENTRATION,1,0,0,"[""GBR""]",False
2021,2022,AI_GEOPOLITICAL_RIVALRY,1,0,0,"[""GBR""]",False
2021,2022,AI_OPPORTUNITY_RISK_DUALITY,1,0,0,"[""GBR""]",False
2021,2022,AI_TRANSFORMATIVE_ERA,1,0,0,"[""GBR""]",False
2021,2022,AI_TECH_LIST_MENTION,1,0,0,"[""GBR""]",False
2021,2022,AI_THREAT_LIST_MENTION,1,0,0,"[""GBR""]",False
2022,2023,AI_GLOBAL_GOVERNANCE,1,0,1,"[""GBR""]",False
2022,2023,AI_INCLUSIVE_GOVERNANCE,2,0,0,"[""GBR"", ""MCO""]",False
2022,2023,AI_GOVERNANCE_SKEPTICISM,1,0,0,"[""MCO""]",False
2022,2023,AI_UN_ROLE,2,0,2,"[""GBR"", ""MCO""]",False
2022,2023,AI_MILITARY_WEAPONS,2,0,1,"[""GBR"", ""MCO""]",False
2022,2023,AI_PEACE_APPLICATIONS,2,0,0,"[""GBR"", ""MCO""]",False
2022,2023,AI_SAFETY_EXISTENTIAL,1,0,1,"[""GBR""]",False
2022,2023,AI_HUMAN_CONTROL,0,0,0,[],False
2022,2023,AI_HUMAN_RIGHTS_ETHICS,1,1,1,"[""MCO""]",False
2022,2023,AI_BIAS_CULTURAL_DIVERSITY,2,0,0,"[""GBR"", ""MCO""]",False
2022,2023,AI_DISINFORMATION,1,0,1,"[""GBR""]",False
2022,2023,AI_CYBER_SECURITY,2,0,2,"[""GBR"", ""MCO""]",False
2022,2023,AI_DIGITAL_DIVIDE,2,0,1,"[""GBR"", ""MCO""]",False
2022,2023,AI_CAPACITY_BUILDING,1,0,0,"[""MCO""]",False
2022,2023,AI_DEVELOPMENT_SDGS,2,0,2,"[""GBR"", ""MCO""]",False
2022,2023,AI_RESOURCE_FOOTPRINT,2,0,0,"[""GBR"", ""MCO""]",False
2022,2023,AI_ECONOMY_LABOR,1,0,0,"[""MCO""]",False
2022,2023,AI_YOUTH_EDUCATION,2,0,0,"[""GBR"", ""MCO""]",False
2022,2023,AI_CHILD_PROTECTION,2,0,0,"[""GBR"", ""MCO""]",False
2022,2023,AI_NATIONAL_STRATEGY,2,0,1,"[""GBR"", ""MCO""]",False
2022,2023,AI_SOVEREIGNTY_CONCENTRATION,2,0,1,"[""GBR"", ""MCO""]",False
2022,2023,AI_GEOPOLITICAL_RIVALRY,2,0,1,"[""GBR"", ""MCO""]",False
2022,2023,AI_OPPORTUNITY_RISK_DUALITY,2,0,2,"[""GBR"", ""MCO""]",False
2022,2023,AI_TRANSFORMATIVE_ERA,2,0,1,"[""GBR"", ""MCO""]",False
2022,2023,AI_TECH_LIST_MENTION,2,0,0,"[""GBR"", ""MCO""]",False
2022,2023,AI_THREAT_LIST_MENTION,1,0,0,"[""GBR""]",False
2023,2024,AI_GLOBAL_GOVERNANCE,16,13,10,"[""CHN"", ""CMR"", ""CRI"", ""ESP"", ""GBR"", ""ISR"", ""ITA"", ""JPN"", ""KOR"", ""MAR"", ""MCO"", ""SGP"", ""SVN"", ""SWE"", ""USA"", ""ZMB""]",False
2023,2024,AI_INCLUSIVE_GOVERNANCE,15,0,0,"[""CHL"", ""CMR"", ""CRI"", ""GBR"", ""ISR"", ""ITA"", ""JPN"", ""KOR"", ""MAR"", ""MCO"", ""SGP"", ""SVN"", ""SWE"", ""USA"", ""ZMB""]",False
2023,2024,AI_GOVERNANCE_SKEPTICISM,16,0,0,"[""CHL"", ""CHN"", ""CMR"", ""CRI"", ""ESP"", ""ISR"", ""ITA"", ""JPN"", ""KOR"", ""MAR"", ""MCO"", ""SGP"", ""SVN"", ""SWE"", ""USA"", ""ZMB""]",False
2023,2024,AI_UN_ROLE,14,8,7,"[""CHL"", ""CHN"", ""CMR"", ""CRI"", ""ESP"", ""ISR"", ""JPN"", ""KOR"", ""MAR"", ""MCO"", ""SGP"", ""SWE"", ""USA"", ""ZMB""]",False
2023,2024,AI_MILITARY_WEAPONS,16,4,5,"[""CHL"", ""CHN"", ""CMR"", ""CRI"", ""ESP"", ""GBR"", ""ISR"", ""ITA"", ""JPN"", ""KOR"", ""MAR"", ""MCO"", ""SGP"", ""SVN"", ""USA"", ""ZMB""]",False
2023,2024,AI_PEACE_APPLICATIONS,17,1,0,"[""CHL"", ""CHN"", ""CMR"", ""CRI"", ""ESP"", ""GBR"", ""ISR"", ""ITA"", ""JPN"", ""KOR"", ""MAR"", ""MCO"", ""SGP"", ""SVN"", ""SWE"", ""USA"", ""ZMB""]",False
2023,2024,AI_SAFETY_EXISTENTIAL,12,3,1,"[""CHN"", ""CMR"", ""CRI"", ""ESP"", ""GBR"", ""ISR"", ""ITA"", ""MAR"", ""SVN"", ""SWE"", ""USA"", ""ZMB""]",False
2023,2024,AI_HUMAN_CONTROL,12,1,0,"[""CHN"", ""CMR"", ""ESP"", ""JPN"", ""KOR"", ""MAR"", ""MCO"", ""SGP"", ""SVN"", ""SWE"", ""USA"", ""ZMB""]",False
2023,2024,AI_HUMAN_RIGHTS_ETHICS,13,8,6,"[""CHL"", ""CMR"", ""CRI"", ""ESP"", ""ISR"", ""ITA"", ""JPN"", ""KOR"", ""MAR"", ""MCO"", ""SGP"", ""SVN"", ""ZMB""]",False
2023,2024,AI_BIAS_CULTURAL_DIVERSITY,17,0,1,"[""CHL"", ""CHN"", ""CMR"", ""CRI"", ""ESP"", ""GBR"", ""ISR"", ""ITA"", ""JPN"", ""KOR"", ""MAR"", ""MCO"", ""SGP"", ""SVN"", ""SWE"", ""USA"", ""ZMB""]",False
2023,2024,AI_DISINFORMATION,15,3,1,"[""CHN"", ""CMR"", ""CRI"", ""ESP"", ""GBR"", ""ISR"", ""ITA"", ""JPN"", ""KOR"", ""MAR"", ""MCO"", ""SVN"", ""SWE"", ""USA"", ""ZMB""]",False
2023,2024,AI_CYBER_SECURITY,15,2,0,"[""CHL"", ""CHN"", ""CMR"", ""ESP"", ""GBR"", ""ISR"", ""ITA"", ""JPN"", ""KOR"", ""MAR"", ""SGP"", ""SVN"", ""SWE"", ""USA"", ""ZMB""]",False
2023,2024,AI_DIGITAL_DIVIDE,12,3,2,"[""CMR"", ""CRI"", ""ESP"", ""GBR"", ""ISR"", ""JPN"", ""KOR"", ""MCO"", ""SGP"", ""SVN"", ""USA"", ""ZMB""]",False
2023,2024,AI_CAPACITY_BUILDING,13,0,3,"[""CHL"", ""CHN"", ""CMR"", ""CRI"", ""ESP"", ""ISR"", ""ITA"", ""KOR"", ""MCO"", ""SGP"", ""SVN"", ""SWE"", ""USA""]",False
2023,2024,AI_DEVELOPMENT_SDGS,15,6,3,"[""CHN"", ""CMR"", ""CRI"", ""ESP"", ""GBR"", ""ISR"", ""ITA"", ""JPN"", ""KOR"", ""MAR"", ""MCO"", ""SGP"", ""SVN"", ""SWE"", ""ZMB""]",False
2023,2024,AI_RESOURCE_FOOTPRINT,17,0,0,"[""CHL"", ""CHN"", ""CMR"", ""CRI"", ""ESP"", ""GBR"", ""ISR"", ""ITA"", ""JPN"", ""KOR"", ""MAR"", ""MCO"", ""SGP"", ""SVN"", ""SWE"", ""USA"", ""ZMB""]",False
2023,2024,AI_ECONOMY_LABOR,13,2,1,"[""CHN"", ""CMR"", ""CRI"", ""ESP"", ""ISR"", ""ITA"", ""JPN"", ""KOR"", ""MAR"", ""MCO"", ""SVN"", ""SWE"", ""ZMB""]",False
2023,2024,AI_YOUTH_EDUCATION,16,0,0,"[""CHL"", ""CHN"", ""CMR"", ""CRI"", ""ESP"", ""GBR"", ""ITA"", ""JPN"", ""KOR"", ""MAR"", ""MCO"", ""SGP"", ""SVN"", ""SWE"", ""USA"", ""ZMB""]",False
2023,2024,AI_CHILD_PROTECTION,17,1,0,"[""CHL"", ""CHN"", ""CMR"", ""CRI"", ""ESP"", ""GBR"", ""ISR"", ""ITA"", ""JPN"", ""KOR"", ""MAR"", ""MCO"", ""SGP"", ""SVN"", ""SWE"", ""USA"", ""ZMB""]",False
2023,2024,AI_NATIONAL_STRATEGY,8,3,2,"[""CMR"", ""CRI"", ""GBR"", ""ISR"", ""KOR"", ""MAR"", ""SVN"", ""ZMB""]",False
2023,2024,AI_SOVEREIGNTY_CONCENTRATION,13,2,2,"[""CHL"", ""CMR"", ""CRI"", ""GBR"", ""ITA"", ""JPN"", ""KOR"", ""MAR"", ""MCO"", ""SGP"", ""SWE"", ""USA"", ""ZMB""]",False
2023,2024,AI_GEOPOLITICAL_RIVALRY,16,1,1,"[""CHL"", ""CHN"", ""CMR"", ""CRI"", ""ESP"", ""GBR"", ""ITA"", ""JPN"", ""KOR"", ""MAR"", ""MCO"", ""SGP"", ""SVN"", ""SWE"", ""USA"", ""ZMB""]",False
2023,2024,AI_OPPORTUNITY_RISK_DUALITY,12,8,4,"[""CRI"", ""GBR"", ""ISR"", ""ITA"", ""KOR"", ""MAR"", ""MCO"", ""SGP"", ""SVN"", ""SWE"", ""USA"", ""ZMB""]",False
2023,2024,AI_TRANSFORMATIVE_ERA,15,6,5,"[""CHL"", ""CHN"", ""CMR"", ""CRI"", ""ESP"", ""GBR"", ""ISR"", ""ITA"", ""JPN"", ""KOR"", ""MAR"", ""SGP"", ""SVN"", ""SWE"", ""USA""]",False
2023,2024,AI_TECH_LIST_MENTION,16,1,2,"[""CHL"", ""CHN"", ""CMR"", ""CRI"", ""ESP"", ""GBR"", ""ISR"", ""ITA"", ""JPN"", ""KOR"", ""MCO"", ""SGP"", ""SVN"", ""SWE"", ""USA"", ""ZMB""]",False
2023,2024,AI_THREAT_LIST_MENTION,16,0,1,"[""CHL"", ""CHN"", ""CMR"", ""CRI"", ""ESP"", ""GBR"", ""ISR"", ""ITA"", ""JPN"", ""KOR"", ""MAR"", ""SGP"", ""SVN"", ""SWE"", ""USA"", ""ZMB""]",False
2024,2025,AI_GLOBAL_GOVERNANCE,24,14,9,"[""ARE"", ""BHR"", ""BOL"", ""BRA"", ""CHN"", ""CIV"", ""CMR"", ""DJI"", ""EGY"", ""ESP"", ""EST"", ""GRC"", ""HTI"", ""ISR"", ""ITA"", ""KAZ"", ""KEN"", ""KOR"", ""MAR"", ""MUS"", ""NGA"", ""SGP"", ""TUR"", ""USA""]",False
2024,2025,AI_INCLUSIVE_GOVERNANCE,30,1,0,"[""ARE"", ""BGD"", ""BHR"", ""BOL"", ""BRA"", ""CHN"", ""CIV"", ""CMR"", ""CRI"", ""DJI"", ""EGY"", ""EST"", ""GBR"", ""HTI"", ""ISR"", ""ITA"", ""KAZ"", ""KEN"", ""KOR"", ""LKA"", ""LVA"", ""MAR"", ""PHL"", ""PRT"", ""SMR"", ""SWE"", ""TJK"", ""TUR"", ""USA"", ""UZB""]",False
2024,2025,AI_GOVERNANCE_SKEPTICISM,35,0,0,"[""ARE"", ""BGD"", ""BHR"", ""BOL"", ""BRA"", ""CHN"", ""CIV"", ""CMR"", ""CRI"", ""DJI"", ""ESP"", ""EST"", ""FRA"", ""GBR"", ""GRC"", ""HTI"", ""ISR"", ""ITA"", ""KAZ"", ""KEN"", ""KOR"", ""LKA"", ""MAR"", ""MUS"", ""MWI"", ""NGA"", ""PHL"", ""PRT"", ""SGP"", ""SMR"", ""SWE"", ""TJK"", ""TUR"", ""USA"", ""UZB""]",False
2024,2025,AI_UN_ROLE,30,14,11,"[""ARE"", ""BGD"", ""BHR"", ""BOL"", ""BRA"", ""CHN"", ""CIV"", ""CMR"", ""CRI"", ""DJI"", ""EGY"", ""ESP"", ""EST"", ""FRA"", ""GRC"", ""HTI"", ""ISR"", ""ITA"", ""KAZ"", ""KEN"", ""KOR"", ""MAR"", ""MUS"", ""MWI"", ""PHL"", ""SGP"", ""SMR"", ""SWE"", ""TJK"", ""UZB""]",False
2024,2025,AI_MILITARY_WEAPONS,35,7,2,"[""ARE"", ""BGD"", ""BHR"", ""BOL"", ""BRA"", ""CHN"", ""CIV"", ""CMR"", ""CRI"", ""DJI"", ""EGY"", ""ESP"", ""EST"", ""GBR"", ""GRC"", ""HTI"", ""ISR"", ""ITA"", ""KAZ"", ""KEN"", ""LKA"", ""LVA"", ""MAR"", ""MUS"", ""MWI"", ""NGA"", ""PHL"", ""PRT"", ""SGP"", ""SMR"", ""SWE"", ""TJK"", ""TUR"", ""USA"", ""UZB""]",False
2024,2025,AI_PEACE_APPLICATIONS,34,2,3,"[""ARE"", ""BGD"", ""BHR"", ""BOL"", ""BRA"", ""CHN"", ""CIV"", ""CMR"", ""CRI"", ""DJI"", ""EGY"", ""ESP"", ""EST"", ""FRA"", ""GBR"", ""GRC"", ""ISR"", ""ITA"", ""KEN"", ""KOR"", ""LKA"", ""LVA"", ""MAR"", ""MUS"", ""MWI"", ""NGA"", ""PHL"", ""PRT"", ""SGP"", ""SMR"", ""SWE"", ""TJK"", ""USA"", ""UZB""]",False
2024,2025,AI_SAFETY_EXISTENTIAL,32,2,0,"[""ARE"", ""BGD"", ""BHR"", ""BRA"", ""CHN"", ""CIV"", ""CMR"", ""CRI"", ""DJI"", ""EGY"", ""ESP"", ""EST"", ""FRA"", ""GRC"", ""HTI"", ""ISR"", ""ITA"", ""KAZ"", ""KEN"", ""LKA"", ""MAR"", ""MUS"", ""MWI"", ""NGA"", ""PHL"", ""PRT"", ""SMR"", ""SWE"", ""TJK"", ""TUR"", ""USA"", ""UZB""]",False
2024,2025,AI_HUMAN_CONTROL,34,0,0,"[""ARE"", ""BHR"", ""BOL"", ""BRA"", ""CHN"", ""CIV"", ""CMR"", ""DJI"", ""EGY"", ""ESP"", ""EST"", ""FRA"", ""GBR"", ""GRC"", ""HTI"", ""ISR"", ""KAZ"", ""KEN"", ""KOR"", ""LKA"", ""LVA"", ""MAR"", ""MUS"", ""MWI"", ""NGA"", ""PHL"", ""PRT"", ""SGP"", ""SMR"", ""SWE"", ""TJK"", ""TUR"", ""USA"", ""UZB""]",False
2024,2025,AI_HUMAN_RIGHTS_ETHICS,29,10,3,"[""BGD"", ""BHR"", ""BOL"", ""BRA"", ""CIV"", ""CMR"", ""CRI"", ""DJI"", ""EGY"", ""ESP"", ""FRA"", ""GBR"", ""ISR"", ""ITA"", ""KAZ"", ""KEN"", ""KOR"", ""LKA"", ""LVA"", ""MAR"", ""NGA"", ""PHL"", ""PRT"", ""SGP"", ""SWE"", ""TJK"", ""TUR"", ""USA"", ""UZB""]",False
2024,2025,AI_BIAS_CULTURAL_DIVERSITY,37,1,1,"[""ARE"", ""BGD"", ""BHR"", ""BOL"", ""BRA"", ""CHN"", ""CIV"", ""CMR"", ""CRI"", ""DJI"", ""EGY"", ""ESP"", ""EST"", ""FRA"", ""GBR"", ""GRC"", ""HTI"", ""ISR"", ""ITA"", ""KAZ"", ""KEN"", ""KOR"", ""LKA"", ""LVA"", ""MAR"", ""MUS"", ""MWI"", ""NGA"", ""PHL"", ""PRT"", ""SGP"", ""SMR"", ""SWE"", ""TJK"", ""TUR"", ""USA"", ""UZB""]",False
2024,2025,AI_DISINFORMATION,34,3,4,"[""ARE"", ""BGD"", ""BHR"", ""BOL"", ""CHN"", ""CIV"", ""CMR"", ""CRI"", ""DJI"", ""EGY"", ""ESP"", ""EST"", ""FRA"", ""GBR"", ""GRC"", ""ISR"", ""ITA"", ""KAZ"", ""KEN"", ""KOR"", ""LKA"", ""MAR"", ""MUS"", ""MWI"", ""NGA"", ""PHL"", ""PRT"", ""SGP"", ""SMR"", ""SWE"", ""TJK"", ""TUR"", ""USA"", ""UZB""]",False
2024,2025,AI_CYBER_SECURITY,33,1,3,"[""ARE"", ""BGD"", ""BHR"", ""BOL"", ""BRA"", ""CHN"", ""CIV"", ""CMR"", ""CRI"", ""DJI"", ""EGY"", ""ESP"", ""EST"", ""FRA"", ""GBR"", ""GRC"", ""HTI"", ""ISR"", ""ITA"", ""KAZ"", ""LKA"", ""LVA"", ""MAR"", ""MUS"", ""MWI"", ""NGA"", ""PHL"", ""PRT"", ""SGP"", ""SMR"", ""SWE"", ""USA"", ""UZB""]",False
2024,2025,AI_DIGITAL_DIVIDE,28,8,14,"[""BGD"", ""BHR"", ""BOL"", ""BRA"", ""CMR"", ""CRI"", ""DJI"", ""EGY"", ""EST"", ""FRA"", ""GBR"", ""GRC"", ""ISR"", ""ITA"", ""KAZ"", ""KEN"", ""KOR"", ""LKA"", ""LVA"", ""MUS"", ""MWI"", ""NGA"", ""PHL"", ""SGP"", ""TJK"", ""TUR"", ""USA"", ""UZB""]",False
2024,2025,AI_CAPACITY_BUILDING,27,2,6,"[""ARE"", ""BOL"", ""BRA"", ""CHN"", ""CIV"", ""CRI"", ""DJI"", ""ESP"", ""FRA"", ""GBR"", ""GRC"", ""ITA"", ""KAZ"", ""KEN"", ""KOR"", ""LVA"", ""MAR"", ""MWI"", ""NGA"", ""PHL"", ""PRT"", ""SGP"", ""SMR"", ""SWE"", ""TJK"", ""USA"", ""UZB""]",False
2024,2025,AI_DEVELOPMENT_SDGS,23,3,10,"[""ARE"", ""BOL"", ""BRA"", ""CRI"", ""EGY"", ""ESP"", ""FRA"", ""GBR"", ""ISR"", ""KAZ"", ""KOR"", ""LKA"", ""LVA"", ""MAR"", ""MUS"", ""MWI"", ""NGA"", ""PHL"", ""PRT"", ""SGP"", ""SMR"", ""TJK"", ""TUR""]",False
2024,2025,AI_RESOURCE_FOOTPRINT,34,0,0,"[""ARE"", ""BGD"", ""BHR"", ""CHN"", ""CIV"", ""CMR"", ""CRI"", ""DJI"", ""EGY"", ""ESP"", ""EST"", ""FRA"", ""GRC"", ""HTI"", ""ISR"", ""ITA"", ""KAZ"", ""KEN"", ""KOR"", ""LKA"", ""LVA"", ""MAR"", ""MUS"", ""MWI"", ""NGA"", ""PHL"", ""PRT"", ""SGP"", ""SMR"", ""SWE"", ""TJK"", ""TUR"", ""USA"", ""UZB""]",False
2024,2025,AI_ECONOMY_LABOR,31,2,5,"[""ARE"", ""BGD"", ""BHR"", ""BRA"", ""CHN"", ""CIV"", ""CMR"", ""DJI"", ""EGY"", ""ESP"", ""EST"", ""FRA"", ""GBR"", ""HTI"", ""ISR"", ""ITA"", ""KAZ"", ""KEN"", ""KOR"", ""LKA"", ""MAR"", ""MUS"", ""MWI"", ""NGA"", ""PHL"", ""PRT"", ""SGP"", ""SMR"", ""TJK"", ""TUR"", ""UZB""]",False
2024,2025,AI_YOUTH_EDUCATION,34,1,3,"[""ARE"", ""BGD"", ""BHR"", ""BOL"", ""BRA"", ""CHN"", ""CIV"", ""CMR"", ""CRI"", ""DJI"", ""EGY"", ""ESP"", ""EST"", ""FRA"", ""GRC"", ""HTI"", ""ISR"", ""ITA"", ""KEN"", ""KOR"", ""LKA"", ""MAR"", ""MUS"", ""MWI"", ""NGA"", ""PHL"", ""PRT"", ""SGP"", ""SMR"", ""SWE"", ""TJK"", ""TUR"", ""USA"", ""UZB""]",False
2024,2025,AI_CHILD_PROTECTION,35,1,1,"[""ARE"", ""BGD"", ""BHR"", ""BOL"", ""CHN"", ""CIV"", ""CMR"", ""CRI"", ""DJI"", ""EGY"", ""ESP"", ""EST"", ""FRA"", ""GBR"", ""GRC"", ""HTI"", ""ISR"", ""ITA"", ""KAZ"", ""KEN"", ""KOR"", ""LKA"", ""LVA"", ""MAR"", ""MUS"", ""MWI"", ""NGA"", ""PHL"", ""PRT"", ""SGP"", ""SMR"", ""SWE"", ""TJK"", ""USA"", ""UZB""]",False
2024,2025,AI_NATIONAL_STRATEGY,23,1,5,"[""BHR"", ""BOL"", ""CIV"", ""CMR"", ""DJI"", ""EGY"", ""ESP"", ""EST"", ""FRA"", ""GBR"", ""HTI"", ""ISR"", ""KAZ"", ""LVA"", ""MAR"", ""MUS"", ""MWI"", ""NGA"", ""PHL"", ""PRT"", ""SMR"", ""USA"", ""UZB""]",False
2024,2025,AI_SOVEREIGNTY_CONCENTRATION,32,4,1,"[""ARE"", ""BGD"", ""BHR"", ""BRA"", ""CHN"", ""CIV"", ""CMR"", ""CRI"", ""DJI"", ""EGY"", ""EST"", ""FRA"", ""GRC"", ""HTI"", ""ISR"", ""ITA"", ""KAZ"", ""KEN"", ""KOR"", ""LVA"", ""MAR"", ""MUS"", ""MWI"", ""NGA"", ""PHL"", ""PRT"", ""SGP"", ""SMR"", ""SWE"", ""TJK"", ""USA"", ""UZB""]",False
2024,2025,AI_GEOPOLITICAL_RIVALRY,35,1,0,"[""ARE"", ""BGD"", ""BHR"", ""BOL"", ""BRA"", ""CHN"", ""CIV"", ""CMR"", ""CRI"", ""DJI"", ""EGY"", ""ESP"", ""EST"", ""FRA"", ""GBR"", ""GRC"", ""HTI"", ""ISR"", ""ITA"", ""KEN"", ""KOR"", ""LKA"", ""LVA"", ""MAR"", ""MUS"", ""NGA"", ""PHL"", ""PRT"", ""SGP"", ""SMR"", ""SWE"", ""TJK"", ""TUR"", ""USA"", ""UZB""]",False
2024,2025,AI_OPPORTUNITY_RISK_DUALITY,30,8,13,"[""ARE"", ""BOL"", ""BRA"", ""CMR"", ""CRI"", ""DJI"", ""EGY"", ""EST"", ""FRA"", ""GBR"", ""GRC"", ""ISR"", ""ITA"", ""KAZ"", ""KEN"", ""KOR"", ""LVA"", ""MAR"", ""MUS"", ""MWI"", ""NGA"", ""PHL"", ""PRT"", ""SGP"", ""SMR"", ""SWE"", ""TJK"", ""TUR"", ""USA"", ""UZB""]",False
2024,2025,AI_TRANSFORMATIVE_ERA,29,7,6,"[""ARE"", ""BHR"", ""BOL"", ""BRA"", ""CHN"", ""CIV"", ""CRI"", ""EGY"", ""ESP"", ""EST"", ""FRA"", ""GBR"", ""HTI"", ""ISR"", ""ITA"", ""KAZ"", ""KEN"", ""LKA"", ""LVA"", ""MAR"", ""NGA"", ""PRT"", ""SGP"", ""SMR"", ""SWE"", ""TJK"", ""TUR"", ""USA"", ""UZB""]",False
2024,2025,AI_TECH_LIST_MENTION,34,2,2,"[""ARE"", ""BHR"", ""BOL"", ""BRA"", ""CHN"", ""CIV"", ""CMR"", ""CRI"", ""DJI"", ""EGY"", ""ESP"", ""EST"", ""FRA"", ""GBR"", ""GRC"", ""HTI"", ""ISR"", ""ITA"", ""KAZ"", ""KOR"", ""LKA"", ""LVA"", ""MUS"", ""MWI"", ""NGA"", ""PHL"", ""PRT"", ""SGP"", ""SMR"", ""SWE"", ""TJK"", ""TUR"", ""USA"", ""UZB""]",False
2024,2025,AI_THREAT_LIST_MENTION,32,4,4,"[""ARE"", ""BGD"", ""BHR"", ""BOL"", ""BRA"", ""CHN"", ""CMR"", ""CRI"", ""DJI"", ""EGY"", ""ESP"", ""EST"", ""FRA"", ""GBR"", ""GRC"", ""HTI"", ""ISR"", ""ITA"", ""KOR"", ""LKA"", ""LVA"", ""MAR"", ""NGA"", ""PHL"", ""PRT"", ""SGP"", ""SMR"", ""SWE"", ""TJK"", ""TUR"", ""USA"", ""UZB""]",False
2025,2026,AI_GLOBAL_GOVERNANCE,41,18,23,"[""ARE"", ""BHR"", ""BLZ"", ""BRA"", ""BRB"", ""CHN"", ""CIV"", ""CMR"", ""COG"", ""CUB"", ""CYP"", ""DJI"", ""ECU"", ""EGY"", ""EST"", ""FSM"", ""GUY"", ""ISL"", ""ISR"", ""ITA"", ""KAZ"", ""KOR"", ""LIE"", ""MKD"", ""MLT"", ""MUS"", ""MWI"", ""NAM"", ""NGA"", ""NLD"", ""PAK"", ""PRT"", ""SAU"", ""SGP"", ""SLB"", ""TLS"", ""TUR"", ""UKR"", ""USA"", ""WSM"", ""ZWE""]",False
2025,2026,AI_INCLUSIVE_GOVERNANCE,53,1,5,"[""ARE"", ""BGD"", ""BHR"", ""BRA"", ""BRB"", ""CAF"", ""CAN"", ""CHN"", ""CIV"", ""CMR"", ""COG"", ""CRI"", ""CYP"", ""DJI"", ""ECU"", ""EGY"", ""ESP"", ""EST"", ""FSM"", ""GBR"", ""GRC"", ""GRD"", ""GUY"", ""HRV"", ""HTI"", ""ISL"", ""ISR"", ""KAZ"", ""KOR"", ""LIE"", ""LKA"", ""LVA"", ""MKD"", ""MLT"", ""MNE"", ""MOZ"", ""NAM"", ""NLD"", ""PAK"", ""PHL"", ""PRT"", ""SAU"", ""SLB"", ""SMR"", ""SVK"", ""TJK"", ""TLS"", ""TUR"", ""UKR"", ""USA"", ""UZB"", ""WSM"", ""ZWE""]",False
2025,2026,AI_GOVERNANCE_SKEPTICISM,62,0,3,"[""ALB"", ""ARE"", ""BGD"", ""BGR"", ""BHR"", ""BLZ"", ""BRA"", ""BRB"", ""CAF"", ""CAN"", ""CHN"", ""CIV"", ""CMR"", ""COG"", ""CRI"", ""CUB"", ""CYP"", ""DJI"", ""ECU"", ""EGY"", ""ESP"", ""EST"", ""FRA"", ""FSM"", ""GBR"", ""GRC"", ""GRD"", ""GUY"", ""HRV"", ""HTI"", ""IND"", ""ISL"", ""ISR"", ""KAZ"", ""KOR"", ""LIE"", ""LKA"", ""MKD"", ""MLT"", ""MNE"", ""MOZ"", ""MUS"", ""MWI"", ""NAM"", ""NGA"", ""NLD"", ""PAK"", ""PHL"", ""PRT"", ""SAU"", ""SGP"", ""SLB"", ""SMR"", ""SVK"", ""TJK"", ""TLS"", ""TUR"", ""UKR"", ""USA"", ""UZB"", ""WSM"", ""ZWE""]",False
2025,2026,AI_UN_ROLE,55,21,20,"[""ALB"", ""ARE"", ""BGD"", ""BGR"", ""BLZ"", ""BRA"", ""BRB"", ""CAF"", ""CAN"", ""CHN"", ""CIV"", ""CMR"", ""COG"", ""CRI"", ""CUB"", ""CYP"", ""DJI"", ""ECU"", ""EGY"", ""ESP"", ""EST"", ""FSM"", ""GBR"", ""GRC"", ""GRD"", ""GUY"", ""HRV"", ""HTI"", ""IND"", ""ISL"", ""ISR"", ""ITA"", ""KAZ"", ""KOR"", ""MKD"", ""MLT"", ""MUS"", ""MWI"", ""NAM"", ""NLD"", ""PAK"", ""PHL"", ""PRT"", ""SAU"", ""SGP"", ""SLB"", ""SMR"", ""SVK"", ""TJK"", ""TLS"", ""TUR"", ""UKR"", ""UZB"", ""WSM"", ""ZWE""]",False
2025,2026,AI_MILITARY_WEAPONS,55,6,9,"[""ARE"", ""BGD"", ""BGR"", ""BLZ"", ""BRA"", ""BRB"", ""CAF"", ""CAN"", ""CHN"", ""CIV"", ""CMR"", ""COG"", ""CRI"", ""CUB"", ""CYP"", ""DJI"", ""ECU"", ""EGY"", ""ESP"", ""EST"", ""FSM"", ""GRC"", ""GRD"", ""GUY"", ""HTI"", ""IND"", ""ISL"", ""ISR"", ""ITA"", ""KAZ"", ""LIE"", ""LVA"", ""MKD"", ""MLT"", ""MNE"", ""MOZ"", ""MUS"", ""MWI"", ""NAM"", ""NLD"", ""PAK"", ""PHL"", ""PRT"", ""SAU"", ""SGP"", ""SMR"", ""SVK"", ""TJK"", ""TLS"", ""TUR"", ""UKR"", ""USA"", ""UZB"", ""WSM"", ""ZWE""]",False
2025,2026,AI_PEACE_APPLICATIONS,57,3,1,"[""ALB"", ""ARE"", ""BGD"", ""BGR"", ""BLZ"", ""BRA"", ""BRB"", ""CAF"", ""CAN"", ""CHN"", ""CIV"", ""CMR"", ""COG"", ""CRI"", ""CUB"", ""CYP"", ""DJI"", ""ECU"", ""EGY"", ""ESP"", ""EST"", ""FRA"", ""FSM"", ""GBR"", ""GRC"", ""GRD"", ""GUY"", ""IND"", ""ISL"", ""ISR"", ""ITA"", ""KAZ"", ""KOR"", ""LIE"", ""LVA"", ""MKD"", ""MLT"", ""MNE"", ""MOZ"", ""MUS"", ""MWI"", ""NAM"", ""NGA"", ""NLD"", ""PAK"", ""PHL"", ""PRT"", ""SAU"", ""SGP"", ""SLB"", ""SVK"", ""TJK"", ""TLS"", ""USA"", ""UZB"", ""WSM"", ""ZWE""]",False
2025,2026,AI_SAFETY_EXISTENTIAL,54,1,4,"[""ARE"", ""BGD"", ""BGR"", ""BHR"", ""BLZ"", ""BRA"", ""CAF"", ""CAN"", ""CHN"", ""CIV"", ""CMR"", ""COG"", ""CRI"", ""CUB"", ""CYP"", ""DJI"", ""ECU"", ""EGY"", ""ESP"", ""EST"", ""FRA"", ""FSM"", ""GRC"", ""GRD"", ""GUY"", ""HRV"", ""HTI"", ""IND"", ""ISL"", ""ISR"", ""ITA"", ""KOR"", ""LIE"", ""LKA"", ""MNE"", ""MOZ"", ""MUS"", ""MWI"", ""NAM"", ""NGA"", ""NLD"", ""PAK"", ""PRT"", ""SAU"", ""SGP"", ""SLB"", ""SMR"", ""SVK"", ""TJK"", ""TLS"", ""UKR"", ""UZB"", ""WSM"", ""ZWE""]",False
2025,2026,AI_HUMAN_CONTROL,51,0,7,"[""ARE"", ""BGD"", ""BHR"", ""BLZ"", ""BRA"", ""BRB"", ""CAF"", ""CAN"", ""CHN"", ""CIV"", ""CMR"", ""COG"", ""CRI"", ""CUB"", ""CYP"", ""DJI"", ""ECU"", ""ESP"", ""FSM"", ""GRD"", ""GUY"", ""HRV"", ""HTI"", ""IND"", ""ISL"", ""ISR"", ""ITA"", ""KAZ"", ""KOR"", ""LKA"", ""LVA"", ""MKD"", ""MLT"", ""MOZ"", ""MUS"", ""NGA"", ""NLD"", ""PAK"", ""PHL"", ""PRT"", ""SAU"", ""SGP"", ""SLB"", ""SMR"", ""SVK"", ""TJK"", ""TLS"", ""UKR"", ""USA"", ""WSM"", ""ZWE""]",False
2025,2026,AI_HUMAN_RIGHTS_ETHICS,40,6,16,"[""ALB"", ""BGD"", ""BHR"", ""BLZ"", ""BRA"", ""CIV"", ""CMR"", ""CRI"", ""CUB"", ""CYP"", ""DJI"", ""ECU"", ""EGY"", ""ESP"", ""EST"", ""FSM"", ""GRD"", ""HRV"", ""ISR"", ""KAZ"", ""KOR"", ""LIE"", ""LKA"", ""LVA"", ""MKD"", ""NAM"", ""NGA"", ""NLD"", ""PAK"", ""PHL"", ""SAU"", ""SGP"", ""SVK"", ""TLS"", ""TUR"", ""UKR"", ""USA"", ""UZB"", ""WSM"", ""ZWE""]",False
2025,2026,AI_BIAS_CULTURAL_DIVERSITY,61,2,3,"[""ARE"", ""BGD"", ""BGR"", ""BHR"", ""BLZ"", ""BRA"", ""BRB"", ""CAF"", ""CAN"", ""CHN"", ""CIV"", ""CMR"", ""COG"", ""CRI"", ""CYP"", ""DJI"", ""ECU"", ""EGY"", ""ESP"", ""EST"", ""FRA"", ""FSM"", ""GBR"", ""GRC"", ""GRD"", ""GUY"", ""HRV"", ""HTI"", ""IND"", ""ISL"", ""ISR"", ""ITA"", ""KAZ"", ""KOR"", ""LIE"", ""LKA"", ""LVA"", ""MKD"", ""MLT"", ""MNE"", ""MOZ"", ""MUS"", ""MWI"", ""NAM"", ""NGA"", ""NLD"", ""PAK"", ""PHL"", ""PRT"", ""SAU"", ""SGP"", ""SLB"", ""SMR"", ""SVK"", ""TJK"", ""TLS"", ""TUR"", ""UKR"", ""USA"", ""WSM"", ""ZWE""]",False
2025,2026,AI_DISINFORMATION,56,5,5,"[""ALB"", ""ARE"", ""BGD"", ""BGR"", ""BHR"", ""BLZ"", ""BRA"", ""BRB"", ""CAF"", ""CAN"", ""CHN"", ""CIV"", ""CMR"", ""COG"", ""CRI"", ""CYP"", ""DJI"", ""ECU"", ""EGY"", ""ESP"", ""EST"", ""FRA"", ""FSM"", ""GRC"", ""GRD"", ""GUY"", ""HRV"", ""HTI"", ""IND"", ""ISL"", ""ISR"", ""ITA"", ""KAZ"", ""KOR"", ""LIE"", ""LKA"", ""MKD"", ""MNE"", ""MUS"", ""MWI"", ""NAM"", ""NGA"", ""NLD"", ""PAK"", ""PHL"", ""PRT"", ""SAU"", ""SGP"", ""SMR"", ""SVK"", ""TJK"", ""TLS"", ""UKR"", ""USA"", ""WSM"", ""ZWE""]",False
2025,2026,AI_CYBER_SECURITY,49,3,3,"[""ARE"", ""BGD"", ""BGR"", ""BHR"", ""BRA"", ""BRB"", ""CAF"", ""CAN"", ""CHN"", ""CIV"", ""CMR"", ""COG"", ""CRI"", ""CUB"", ""CYP"", ""DJI"", ""ECU"", ""EGY"", ""ESP"", ""EST"", ""FRA"", ""GBR"", ""GRC"", ""GRD"", ""GUY"", ""HRV"", ""HTI"", ""IND"", ""ISL"", ""ISR"", ""ITA"", ""LIE"", ""LKA"", ""MNE"", ""MOZ"", ""MUS"", ""MWI"", ""NAM"", ""NGA"", ""NLD"", ""PAK"", ""PHL"", ""PRT"", ""SAU"", ""SMR"", ""TUR"", ""USA"", ""UZB"", ""WSM""]",False
2025,2026,AI_DIGITAL_DIVIDE,48,16,19,"[""ALB"", ""ARE"", ""BGD"", ""BHR"", ""BLZ"", ""BRA"", ""BRB"", ""CAN"", ""COG"", ""CRI"", ""CYP"", ""DJI"", ""ECU"", ""EGY"", ""EST"", ""FSM"", ""GBR"", ""GRC"", ""HRV"", ""HTI"", ""ISL"", ""ISR"", ""ITA"", ""KAZ"", ""KOR"", ""LIE"", ""LKA"", ""LVA"", ""MKD"", ""MLT"", ""MNE"", ""MUS"", ""MWI"", ""NAM"", ""NGA"", ""NLD"", ""PAK"", ""PHL"", ""SAU"", ""SGP"", ""SLB"", ""SVK"", ""TJK"", ""TUR"", ""UKR"", ""USA"", ""UZB"", ""WSM""]",False
2025,2026,AI_CAPACITY_BUILDING,51,8,10,"[""ALB"", ""ARE"", ""BGD"", ""BGR"", ""BRA"", ""BRB"", ""CAF"", ""CAN"", ""CHN"", ""CIV"", ""COG"", ""CRI"", ""CUB"", ""CYP"", ""DJI"", ""ECU"", ""ESP"", ""FSM"", ""GBR"", ""GRC"", ""GRD"", ""GUY"", ""HRV"", ""HTI"", ""IND"", ""ISL"", ""ITA"", ""LIE"", ""LVA"", ""MKD"", ""MLT"", ""MNE"", ""MOZ"", ""MWI"", ""NAM"", ""NLD"", ""PAK"", ""PHL"", ""PRT"", ""SAU"", ""SGP"", ""SLB"", ""SMR"", ""SVK"", ""TJK"", ""TLS"", ""UKR"", ""USA"", ""UZB"", ""WSM"", ""ZWE""]",False
2025,2026,AI_DEVELOPMENT_SDGS,45,13,12,"[""ALB"", ""ARE"", ""BGD"", ""BGR"", ""BLZ"", ""BRA"", ""BRB"", ""CAF"", ""CAN"", ""CRI"", ""CUB"", ""CYP"", ""DJI"", ""ECU"", ""ESP"", ""FRA"", ""GBR"", ""GRD"", ""ISL"", ""ISR"", ""KAZ"", ""KOR"", ""LIE"", ""LKA"", ""LVA"", ""MKD"", ""MLT"", ""MNE"", ""MOZ"", ""MWI"", ""NGA"", ""NLD"", ""PAK"", ""PHL"", ""PRT"", ""SGP"", ""SLB"", ""SMR"", ""SVK"", ""TJK"", ""TUR"", ""UKR"", ""USA"", ""UZB"", ""WSM""]",False
2025,2026,AI_RESOURCE_FOOTPRINT,60,1,0,"[""ALB"", ""ARE"", ""BGD"", ""BGR"", ""BHR"", ""BLZ"", ""BRB"", ""CAF"", ""CAN"", ""CHN"", ""CIV"", ""CMR"", ""COG"", ""CRI"", ""CUB"", ""CYP"", ""DJI"", ""ECU"", ""EGY"", ""ESP"", ""EST"", ""FRA"", ""FSM"", ""GRC"", ""GRD"", ""GUY"", ""HRV"", ""HTI"", ""IND"", ""ISL"", ""ISR"", ""ITA"", ""KAZ"", ""KOR"", ""LKA"", ""LVA"", ""MKD"", ""MLT"", ""MNE"", ""MUS"", ""MWI"", ""NAM"", ""NGA"", ""NLD"", ""PAK"", ""PHL"", ""PRT"", ""SAU"", ""SGP"", ""SLB"", ""SMR"", ""SVK"", ""TJK"", ""TLS"", ""TUR"", ""UKR"", ""USA"", ""UZB"", ""WSM"", ""ZWE""]",False
2025,2026,AI_ECONOMY_LABOR,54,5,9,"[""ALB"", ""ARE"", ""BGD"", ""BGR"", ""BHR"", ""BLZ"", ""BRA"", ""CAF"", ""CAN"", ""CHN"", ""CIV"", ""CMR"", ""COG"", ""CUB"", ""CYP"", ""DJI"", ""EGY"", ""ESP"", ""EST"", ""FRA"", ""GBR"", ""GRC"", ""HRV"", ""HTI"", ""IND"", ""ISR"", ""ITA"", ""KAZ"", ""KOR"", ""LIE"", ""LKA"", ""MKD"", ""MLT"", ""MNE"", ""MUS"", ""MWI"", ""NAM"", ""NGA"", ""NLD"", ""PAK"", ""PHL"", ""PRT"", ""SAU"", ""SGP"", ""SLB"", ""SMR"", ""SVK"", ""TLS"", ""TUR"", ""UKR"", ""USA"", ""UZB"", ""WSM"", ""ZWE""]",False
2025,2026,AI_YOUTH_EDUCATION,53,4,5,"[""ARE"", ""BGR"", ""BHR"", ""BLZ"", ""BRA"", ""BRB"", ""CAF"", ""CAN"", ""CHN"", ""CIV"", ""CMR"", ""COG"", ""CRI"", ""CUB"", ""CYP"", ""DJI"", ""EGY"", ""ESP"", ""EST"", ""FRA"", ""FSM"", ""GRC"", ""GRD"", ""GUY"", ""HRV"", ""HTI"", ""IND"", ""ISL"", ""ISR"", ""ITA"", ""KOR"", ""LIE"", ""LKA"", ""MKD"", ""MLT"", ""MUS"", ""MWI"", ""NAM"", ""NLD"", ""PAK"", ""PHL"", ""PRT"", ""SAU"", ""SGP"", ""SMR"", ""SVK"", ""TJK"", ""TUR"", ""UKR"", ""USA"", ""UZB"", ""WSM"", ""ZWE""]",False
2025,2026,AI_CHILD_PROTECTION,58,0,1,"[""ALB"", ""ARE"", ""BGD"", ""BGR"", ""BHR"", ""BLZ"", ""BRB"", ""CAF"", ""CAN"", ""CHN"", ""CIV"", ""CMR"", ""COG"", ""CRI"", ""CUB"", ""DJI"", ""ECU"", ""EGY"", ""FRA"", ""FSM"", ""GBR"", ""GRD"", ""GUY"", ""HRV"", ""HTI"", ""IND"", ""ISL"", ""ISR"", ""ITA"", ""KAZ"", ""KOR"", ""LIE"", ""LKA"", ""LVA"", ""MKD"", ""MLT"", ""MNE"", ""MOZ"", ""MUS"", ""MWI"", ""NAM"", ""NGA"", ""NLD"", ""PAK"", ""PHL"", ""PRT"", ""SAU"", ""SGP"", ""SLB"", ""SMR"", ""SVK"", ""TJK"", ""TLS"", ""UKR"", ""USA"", ""UZB"", ""WSM"", ""ZWE""]",False
2025,2026,AI_NATIONAL_STRATEGY,50,7,16,"[""BGR"", ""BLZ"", ""BRB"", ""CAF"", ""CHN"", ""CIV"", ""CMR"", ""COG"", ""CUB"", ""CYP"", ""DJI"", ""ECU"", ""EGY"", ""ESP"", ""EST"", ""FRA"", ""FSM"", ""GBR"", ""GRC"", ""GUY"", ""HRV"", ""HTI"", ""IND"", ""ISL"", ""ISR"", ""ITA"", ""KAZ"", ""LIE"", ""LKA"", ""LVA"", ""MKD"", ""MLT"", ""MNE"", ""MOZ"", ""MUS"", ""MWI"", ""NAM"", ""NGA"", ""PHL"", ""PRT"", ""SAU"", ""SGP"", ""SLB"", ""SMR"", ""TJK"", ""UKR"", ""USA"", ""UZB"", ""WSM"", ""ZWE""]",False
2025,2026,AI_SOVEREIGNTY_CONCENTRATION,55,2,12,"[""ALB"", ""ARE"", ""BGD"", ""BGR"", ""BHR"", ""BLZ"", ""BRA"", ""BRB"", ""CAF"", ""CAN"", ""CHN"", ""CIV"", ""CMR"", ""COG"", ""CRI"", ""CUB"", ""CYP"", ""DJI"", ""ECU"", ""EGY"", ""ESP"", ""EST"", ""FRA"", ""FSM"", ""GRC"", ""GRD"", ""GUY"", ""HRV"", ""HTI"", ""IND"", ""ISL"", ""ISR"", ""ITA"", ""KAZ"", ""KOR"", ""LVA"", ""MKD"", ""MLT"", ""MNE"", ""MOZ"", ""MUS"", ""MWI"", ""NAM"", ""NGA"", ""PAK"", ""PHL"", ""PRT"", ""SAU"", ""SMR"", ""TJK"", ""TLS"", ""USA"", ""UZB"", ""WSM"", ""ZWE""]",False
2025,2026,AI_GEOPOLITICAL_RIVALRY,58,1,5,"[""ARE"", ""BGD"", ""BGR"", ""BHR"", ""BRB"", ""CAF"", ""CAN"", ""CHN"", ""CIV"", ""CMR"", ""COG"", ""CRI"", ""CUB"", ""CYP"", ""DJI"", ""ECU"", ""EGY"", ""ESP"", ""EST"", ""FRA"", ""FSM"", ""GBR"", ""GRD"", ""GUY"", ""HRV"", ""HTI"", ""IND"", ""ISL"", ""ISR"", ""ITA"", ""KOR"", ""LIE"", ""LKA"", ""LVA"", ""MLT"", ""MNE"", ""MOZ"", ""MUS"", ""MWI"", ""NAM"", ""NGA"", ""NLD"", ""PAK"", ""PHL"", ""PRT"", ""SAU"", ""SGP"", ""SLB"", ""SMR"", ""SVK"", ""TJK"", ""TLS"", ""TUR"", ""UKR"", ""USA"", ""UZB"", ""WSM"", ""ZWE""]",False
2025,2026,AI_OPPORTUNITY_RISK_DUALITY,48,16,21,"[""ARE"", ""BGD"", ""BGR"", ""BRA"", ""CAF"", ""CAN"", ""CHN"", ""CMR"", ""COG"", ""CRI"", ""CUB"", ""CYP"", ""DJI"", ""ECU"", ""EGY"", ""EST"", ""FRA"", ""FSM"", ""GBR"", ""GRC"", ""HTI"", ""ISL"", ""ISR"", ""ITA"", ""KAZ"", ""KOR"", ""LIE"", ""LVA"", ""MKD"", ""MOZ"", ""MWI"", ""NGA"", ""NLD"", ""PAK"", ""PHL"", ""PRT"", ""SAU"", ""SGP"", ""SLB"", ""SMR"", ""SVK"", ""TJK"", ""TLS"", ""TUR"", ""UKR"", ""UZB"", ""WSM"", ""ZWE""]",False
2025,2026,AI_TRANSFORMATIVE_ERA,43,6,11,"[""ALB"", ""ARE"", ""BGR"", ""BRB"", ""CAN"", ""CHN"", ""CIV"", ""COG"", ""CRI"", ""CUB"", ""DJI"", ""EGY"", ""ESP"", ""FRA"", ""FSM"", ""GBR"", ""GRD"", ""HRV"", ""HTI"", ""IND"", ""ISL"", ""ISR"", ""ITA"", ""KAZ"", ""LIE"", ""LKA"", ""LVA"", ""MKD"", ""MOZ"", ""NAM"", ""NGA"", ""NLD"", ""PAK"", ""PRT"", ""SAU"", ""SGP"", ""SLB"", ""TJK"", ""TUR"", ""USA"", ""UZB"", ""WSM"", ""ZWE""]",False
2025,2026,AI_TECH_LIST_MENTION,62,6,3,"[""ALB"", ""BGR"", ""BHR"", ""BLZ"", ""BRA"", ""BRB"", ""CAF"", ""CAN"", ""CHN"", ""CIV"", ""CMR"", ""COG"", ""CRI"", ""CUB"", ""CYP"", ""DJI"", ""ECU"", ""EGY"", ""ESP"", ""EST"", ""FRA"", ""FSM"", ""GBR"", ""GRC"", ""GRD"", ""GUY"", ""HRV"", ""HTI"", ""IND"", ""ISL"", ""ISR"", ""ITA"", ""KAZ"", ""KOR"", ""LIE"", ""LKA"", ""LVA"", ""MKD"", ""MLT"", ""MNE"", ""MOZ"", ""MUS"", ""MWI"", ""NAM"", ""NGA"", ""NLD"", ""PAK"", ""PHL"", ""PRT"", ""SAU"", ""SGP"", ""SLB"", ""SMR"", ""SVK"", ""TJK"", ""TLS"", ""TUR"", ""UKR"", ""USA"", ""UZB"", ""WSM"", ""ZWE""]",False
2025,2026,AI_THREAT_LIST_MENTION,55,7,0,"[""ALB"", ""ARE"", ""BGD"", ""BGR"", ""BHR"", ""BRA"", ""BRB"", ""CAF"", ""CAN"", ""CHN"", ""CMR"", ""COG"", ""CRI"", ""CUB"", ""DJI"", ""EGY"", ""ESP"", ""EST"", ""FSM"", ""GBR"", ""GRC"", ""GRD"", ""GUY"", ""HRV"", ""HTI"", ""IND"", ""ISL"", ""ISR"", ""KAZ"", ""KOR"", ""LKA"", ""LVA"", ""MKD"", ""MLT"", ""MOZ"", ""NAM"", ""NGA"", ""NLD"", ""PAK"", ""PHL"", ""PRT"", ""SAU"", ""SGP"", ""SLB"", ""SMR"", ""SVK"", ""TJK"", ""TLS"", ""TUR"", ""UKR"", ""USA"", ""UZB"", ""VCT"", ""WSM"", ""ZWE""]",False
