year,region,n,N,pct,obtained,uncertain,resolved_N,fully_reviewed,measure,denominator,partial
2017,African States,0,54,0.0,54,52,2,2,verified_detection_lower_bound,"all obtained addresses; unreviewed remain unknown, not No",False
2017,Asia-Pacific States,1,54,1.8518518518518519,54,50,4,4,verified_detection_lower_bound,"all obtained addresses; unreviewed remain unknown, not No",False
2017,Eastern European States,1,23,4.3478260869565215,23,19,4,4,verified_detection_lower_bound,"all obtained addresses; unreviewed remain unknown, not No",False
2017,Latin American and Caribbean States,0,33,0.0,33,30,3,3,verified_detection_lower_bound,"all obtained addresses; unreviewed remain unknown, not No",False
2017,Not a formal member of any regional group,0,1,0.0,1,0,1,1,verified_detection_lower_bound,"all obtained addresses; unreviewed remain unknown, not No",False
2017,Western European and other States,0,28,0.0,28,2,26,26,verified_detection_lower_bound,"all obtained addresses; unreviewed remain unknown, not No",False
2018,African States,1,54,1.8518518518518519,54,51,3,3,verified_detection_lower_bound,"all obtained addresses; unreviewed remain unknown, not No",False
2018,Asia-Pacific States,3,54,5.555555555555555,54,48,6,6,verified_detection_lower_bound,"all obtained addresses; unreviewed remain unknown, not No",False
2018,Eastern European States,1,23,4.3478260869565215,23,18,5,5,verified_detection_lower_bound,"all obtained addresses; unreviewed remain unknown, not No",False
2018,Latin American and Caribbean States,2,33,6.0606060606060606,33,29,4,4,verified_detection_lower_bound,"all obtained addresses; unreviewed remain unknown, not No",False
2018,Not a formal member of any regional group,0,1,0.0,1,0,1,1,verified_detection_lower_bound,"all obtained addresses; unreviewed remain unknown, not No",False
2018,Western European and other States,4,28,14.285714285714286,28,21,7,7,verified_detection_lower_bound,"all obtained addresses; unreviewed remain unknown, not No",False
2019,African States,0,54,0.0,54,52,2,2,verified_detection_lower_bound,"all obtained addresses; unreviewed remain unknown, not No",False
2019,Asia-Pacific States,2,53,3.7735849056603774,53,47,6,6,verified_detection_lower_bound,"all obtained addresses; unreviewed remain unknown, not No",False
2019,Eastern European States,5,23,21.73913043478261,23,15,8,8,verified_detection_lower_bound,"all obtained addresses; unreviewed remain unknown, not No",False
2019,Latin American and Caribbean States,1,33,3.0303030303030303,33,29,4,4,verified_detection_lower_bound,"all obtained addresses; unreviewed remain unknown, not No",False
2019,Not a formal member of any regional group,0,1,0.0,1,0,1,1,verified_detection_lower_bound,"all obtained addresses; unreviewed remain unknown, not No",False
2019,Western European and other States,7,28,25.0,28,16,12,10,verified_detection_lower_bound,"all obtained addresses; unreviewed remain unknown, not No",False
2020,African States,0,52,0.0,52,49,3,3,verified_detection_lower_bound,"all obtained addresses; unreviewed remain unknown, not No",False
2020,Asia-Pacific States,1,53,1.8867924528301887,53,48,5,5,verified_detection_lower_bound,"all obtained addresses; unreviewed remain unknown, not No",False
2020,Eastern European States,4,23,17.391304347826086,23,12,11,11,verified_detection_lower_bound,"all obtained addresses; unreviewed remain unknown, not No",False
2020,Latin American and Caribbean States,1,33,3.0303030303030303,33,28,5,5,verified_detection_lower_bound,"all obtained addresses; unreviewed remain unknown, not No",False
2020,Not a formal member of any regional group,0,1,0.0,1,0,1,1,verified_detection_lower_bound,"all obtained addresses; unreviewed remain unknown, not No",False
2020,Western European and other States,3,28,10.714285714285714,28,19,9,9,verified_detection_lower_bound,"all obtained addresses; unreviewed remain unknown, not No",False
2021,African States,0,54,0.0,54,51,3,3,verified_detection_lower_bound,"all obtained addresses; unreviewed remain unknown, not No",False
2021,Asia-Pacific States,0,52,0.0,52,47,5,5,verified_detection_lower_bound,"all obtained addresses; unreviewed remain unknown, not No",False
2021,Eastern European States,3,23,13.043478260869565,23,15,8,8,verified_detection_lower_bound,"all obtained addresses; unreviewed remain unknown, not No",False
2021,Latin American and Caribbean States,1,33,3.0303030303030303,33,27,6,6,verified_detection_lower_bound,"all obtained addresses; unreviewed remain unknown, not No",False
2021,Not a formal member of any regional group,1,1,100.0,1,0,1,1,verified_detection_lower_bound,"all obtained addresses; unreviewed remain unknown, not No",False
2021,Western European and other States,2,28,7.142857142857143,28,22,6,6,verified_detection_lower_bound,"all obtained addresses; unreviewed remain unknown, not No",False
2022,African States,1,53,1.8867924528301887,53,47,6,6,verified_detection_lower_bound,"all obtained addresses; unreviewed remain unknown, not No",False
2022,Asia-Pacific States,3,52,5.769230769230769,52,42,10,9,verified_detection_lower_bound,"all obtained addresses; unreviewed remain unknown, not No",False
2022,Eastern European States,0,23,0.0,23,18,5,5,verified_detection_lower_bound,"all obtained addresses; unreviewed remain unknown, not No",False
2022,Latin American and Caribbean States,0,33,0.0,33,30,3,3,verified_detection_lower_bound,"all obtained addresses; unreviewed remain unknown, not No",False
2022,Not a formal member of any regional group,0,1,0.0,1,0,1,1,verified_detection_lower_bound,"all obtained addresses; unreviewed remain unknown, not No",False
2022,Western European and other States,2,28,7.142857142857143,28,1,27,27,verified_detection_lower_bound,"all obtained addresses; unreviewed remain unknown, not No",False
2023,African States,7,52,13.461538461538462,52,42,10,10,verified_detection_lower_bound,"all obtained addresses; unreviewed remain unknown, not No",False
2023,Asia-Pacific States,8,52,15.384615384615385,52,36,16,16,verified_detection_lower_bound,"all obtained addresses; unreviewed remain unknown, not No",False
2023,Eastern European States,6,23,26.08695652173913,23,15,8,8,verified_detection_lower_bound,"all obtained addresses; unreviewed remain unknown, not No",False
2023,Latin American and Caribbean States,9,33,27.272727272727273,33,21,12,12,verified_detection_lower_bound,"all obtained addresses; unreviewed remain unknown, not No",False
2023,Not a formal member of any regional group,1,1,100.0,1,0,1,1,verified_detection_lower_bound,"all obtained addresses; unreviewed remain unknown, not No",False
2023,Western European and other States,12,28,42.857142857142854,28,13,15,15,verified_detection_lower_bound,"all obtained addresses; unreviewed remain unknown, not No",False
2024,African States,14,54,25.925925925925927,54,34,20,20,verified_detection_lower_bound,"all obtained addresses; unreviewed remain unknown, not No",False
2024,Asia-Pacific States,17,51,33.333333333333336,51,26,25,25,verified_detection_lower_bound,"all obtained addresses; unreviewed remain unknown, not No",False
2024,Eastern European States,5,23,21.73913043478261,23,15,8,8,verified_detection_lower_bound,"all obtained addresses; unreviewed remain unknown, not No",False
2024,Latin American and Caribbean States,8,33,24.242424242424242,33,21,12,12,verified_detection_lower_bound,"all obtained addresses; unreviewed remain unknown, not No",False
2024,Not a formal member of any regional group,1,1,100.0,1,0,1,1,verified_detection_lower_bound,"all obtained addresses; unreviewed remain unknown, not No",False
2024,Western European and other States,13,28,46.42857142857143,28,10,18,18,verified_detection_lower_bound,"all obtained addresses; unreviewed remain unknown, not No",False
2025,African States,17,53,32.075471698113205,53,31,22,22,verified_detection_lower_bound,"all obtained addresses; unreviewed remain unknown, not No",False
2025,Asia-Pacific States,20,52,38.46153846153846,52,28,24,24,verified_detection_lower_bound,"all obtained addresses; unreviewed remain unknown, not No",False
2025,Eastern European States,9,23,39.130434782608695,23,11,12,12,verified_detection_lower_bound,"all obtained addresses; unreviewed remain unknown, not No",False
2025,Latin American and Caribbean States,12,32,37.5,32,18,14,13,verified_detection_lower_bound,"all obtained addresses; unreviewed remain unknown, not No",False
2025,Not a formal member of any regional group,1,1,100.0,1,0,1,1,verified_detection_lower_bound,"all obtained addresses; unreviewed remain unknown, not No",False
2025,Western European and other States,15,28,53.57142857142857,28,9,19,19,verified_detection_lower_bound,"all obtained addresses; unreviewed remain unknown, not No",False
2026,African States,33,54,61.111111111111114,54,18,36,36,verified_detection_lower_bound,"all obtained addresses; unreviewed remain unknown, not No",False
2026,Asia-Pacific States,33,52,63.46153846153846,52,16,36,36,verified_detection_lower_bound,"all obtained addresses; unreviewed remain unknown, not No",False
2026,Eastern European States,17,23,73.91304347826087,23,4,19,19,verified_detection_lower_bound,"all obtained addresses; unreviewed remain unknown, not No",False
2026,Latin American and Caribbean States,23,33,69.6969696969697,33,7,26,26,verified_detection_lower_bound,"all obtained addresses; unreviewed remain unknown, not No",False
2026,Not a formal member of any regional group,1,1,100.0,1,0,1,1,verified_detection_lower_bound,"all obtained addresses; unreviewed remain unknown, not No",False
2026,Western European and other States,24,28,85.71428571428571,28,0,28,27,verified_detection_lower_bound,"all obtained addresses; unreviewed remain unknown, not No",False
