year,code,theme,n,N,denominator,unknown,pct,below_threshold,partial,countries
2017,AI_GLOBAL_GOVERNANCE,International AI rules and governance,0,2,AI-positive country-years with a resolved value for this code,0,,True,False,[]
2017,AI_INCLUSIVE_GOVERNANCE,Equal voice in AI rule-making,0,2,AI-positive country-years with a resolved value for this code,0,,True,False,[]
2017,AI_GOVERNANCE_SKEPTICISM,Scepticism of AI regulation and risk narratives,0,2,AI-positive country-years with a resolved value for this code,0,,True,False,[]
2017,AI_UN_ROLE,UN bodies and processes on AI,1,2,AI-positive country-years with a resolved value for this code,0,,True,False,"[""SGP""]"
2017,AI_MILITARY_WEAPONS,Military AI and autonomous weapons,0,2,AI-positive country-years with a resolved value for this code,0,,True,False,[]
2017,AI_PEACE_APPLICATIONS,AI as a tool for peace,0,2,AI-positive country-years with a resolved value for this code,0,,True,False,[]
2017,AI_SAFETY_EXISTENTIAL,Frontier AI safety and loss of control,0,2,AI-positive country-years with a resolved value for this code,0,,True,False,[]
2017,AI_HUMAN_CONTROL,"Human agency, control and accountability",0,2,AI-positive country-years with a resolved value for this code,0,,True,False,[]
2017,AI_HUMAN_RIGHTS_ETHICS,"Human rights, ethics and democracy",0,2,AI-positive country-years with a resolved value for this code,0,,True,False,[]
2017,AI_BIAS_CULTURAL_DIVERSITY,"Bias, stereotypes and cultural diversity",0,2,AI-positive country-years with a resolved value for this code,0,,True,False,[]
2017,AI_DISINFORMATION,Disinformation and information integrity,0,2,AI-positive country-years with a resolved value for this code,0,,True,False,[]
2017,AI_CYBER_SECURITY,"Cyber threats, crime and terrorist misuse",0,2,AI-positive country-years with a resolved value for this code,0,,True,False,[]
2017,AI_DIGITAL_DIVIDE,AI divide and equitable access,0,1,AI-positive country-years with a resolved value for this code,1,,True,False,[]
2017,AI_CAPACITY_BUILDING,Capacity building and AI cooperation,0,2,AI-positive country-years with a resolved value for this code,0,,True,False,[]
2017,AI_DEVELOPMENT_SDGS,AI for development and the SDGs,0,2,AI-positive country-years with a resolved value for this code,0,,True,False,[]
2017,AI_RESOURCE_FOOTPRINT,"Energy, minerals and environmental footprint",0,2,AI-positive country-years with a resolved value for this code,0,,True,False,[]
2017,AI_ECONOMY_LABOR,"Jobs, labour and economic transformation",1,2,AI-positive country-years with a resolved value for this code,0,,True,False,"[""SGP""]"
2017,AI_YOUTH_EDUCATION,"Youth, education and skills",0,1,AI-positive country-years with a resolved value for this code,1,,True,False,[]
2017,AI_CHILD_PROTECTION,Protecting children from AI harms,0,2,AI-positive country-years with a resolved value for this code,0,,True,False,[]
2017,AI_NATIONAL_STRATEGY,National AI strategy and achievements,1,2,AI-positive country-years with a resolved value for this code,0,,True,False,"[""SRB""]"
2017,AI_SOVEREIGNTY_CONCENTRATION,"Power concentration, dependence and sovereignty",0,2,AI-positive country-years with a resolved value for this code,0,,True,False,[]
2017,AI_GEOPOLITICAL_RIVALRY,Geopolitical competition and AI race,0,2,AI-positive country-years with a resolved value for this code,0,,True,False,[]
2017,AI_OPPORTUNITY_RISK_DUALITY,AI as both promise and peril,0,2,AI-positive country-years with a resolved value for this code,0,,True,False,[]
2017,AI_TRANSFORMATIVE_ERA,AI as epochal transformation,0,2,AI-positive country-years with a resolved value for this code,0,,True,False,[]
2017,AI_TECH_LIST_MENTION,AI listed among technologies,0,2,AI-positive country-years with a resolved value for this code,0,,True,False,[]
2017,AI_THREAT_LIST_MENTION,AI listed among threats or crises,0,1,AI-positive country-years with a resolved value for this code,1,,True,False,[]
2018,AI_GLOBAL_GOVERNANCE,International AI rules and governance,2,11,AI-positive country-years with a resolved value for this code,0,,True,False,"[""FRA"", ""PAK""]"
2018,AI_INCLUSIVE_GOVERNANCE,Equal voice in AI rule-making,0,11,AI-positive country-years with a resolved value for this code,0,,True,False,[]
2018,AI_GOVERNANCE_SKEPTICISM,Scepticism of AI regulation and risk narratives,0,11,AI-positive country-years with a resolved value for this code,0,,True,False,[]
2018,AI_UN_ROLE,UN bodies and processes on AI,1,11,AI-positive country-years with a resolved value for this code,0,,True,False,"[""MEX""]"
2018,AI_MILITARY_WEAPONS,Military AI and autonomous weapons,2,11,AI-positive country-years with a resolved value for this code,0,,True,False,"[""PAK"", ""SUR""]"
2018,AI_PEACE_APPLICATIONS,AI as a tool for peace,0,11,AI-positive country-years with a resolved value for this code,0,,True,False,[]
2018,AI_SAFETY_EXISTENTIAL,Frontier AI safety and loss of control,0,11,AI-positive country-years with a resolved value for this code,0,,True,False,[]
2018,AI_HUMAN_CONTROL,"Human agency, control and accountability",0,11,AI-positive country-years with a resolved value for this code,0,,True,False,[]
2018,AI_HUMAN_RIGHTS_ETHICS,"Human rights, ethics and democracy",1,11,AI-positive country-years with a resolved value for this code,0,,True,False,"[""FRA""]"
2018,AI_BIAS_CULTURAL_DIVERSITY,"Bias, stereotypes and cultural diversity",0,11,AI-positive country-years with a resolved value for this code,0,,True,False,[]
2018,AI_DISINFORMATION,Disinformation and information integrity,0,11,AI-positive country-years with a resolved value for this code,0,,True,False,[]
2018,AI_CYBER_SECURITY,"Cyber threats, crime and terrorist misuse",0,11,AI-positive country-years with a resolved value for this code,0,,True,False,[]
2018,AI_DIGITAL_DIVIDE,AI divide and equitable access,1,9,AI-positive country-years with a resolved value for this code,2,,True,False,"[""PAK""]"
2018,AI_CAPACITY_BUILDING,Capacity building and AI cooperation,0,11,AI-positive country-years with a resolved value for this code,0,,True,False,[]
2018,AI_DEVELOPMENT_SDGS,AI for development and the SDGs,0,9,AI-positive country-years with a resolved value for this code,2,,True,False,[]
2018,AI_RESOURCE_FOOTPRINT,"Energy, minerals and environmental footprint",0,11,AI-positive country-years with a resolved value for this code,0,,True,False,[]
2018,AI_ECONOMY_LABOR,"Jobs, labour and economic transformation",1,10,AI-positive country-years with a resolved value for this code,1,,True,False,"[""NAM""]"
2018,AI_YOUTH_EDUCATION,"Youth, education and skills",1,10,AI-positive country-years with a resolved value for this code,1,,True,False,"[""NAM""]"
2018,AI_CHILD_PROTECTION,Protecting children from AI harms,0,11,AI-positive country-years with a resolved value for this code,0,,True,False,[]
2018,AI_NATIONAL_STRATEGY,National AI strategy and achievements,2,10,AI-positive country-years with a resolved value for this code,1,,True,False,"[""ARE"", ""GBR""]"
2018,AI_SOVEREIGNTY_CONCENTRATION,"Power concentration, dependence and sovereignty",0,11,AI-positive country-years with a resolved value for this code,0,,True,False,[]
2018,AI_GEOPOLITICAL_RIVALRY,Geopolitical competition and AI race,0,10,AI-positive country-years with a resolved value for this code,1,,True,False,[]
2018,AI_OPPORTUNITY_RISK_DUALITY,AI as both promise and peril,2,10,AI-positive country-years with a resolved value for this code,1,,True,False,"[""BEL"", ""NAM""]"
2018,AI_TRANSFORMATIVE_ERA,AI as epochal transformation,0,7,AI-positive country-years with a resolved value for this code,4,,True,False,[]
2018,AI_TECH_LIST_MENTION,AI listed among technologies,3,10,AI-positive country-years with a resolved value for this code,1,,True,False,"[""ARE"", ""MLT"", ""SRB""]"
2018,AI_THREAT_LIST_MENTION,AI listed among threats or crises,1,11,AI-positive country-years with a resolved value for this code,0,,True,False,"[""SGP""]"
2019,AI_GLOBAL_GOVERNANCE,International AI rules and governance,3,8,AI-positive country-years with a resolved value for this code,7,,True,False,"[""PRT"", ""RUS"", ""SVK""]"
2019,AI_INCLUSIVE_GOVERNANCE,Equal voice in AI rule-making,0,13,AI-positive country-years with a resolved value for this code,2,,True,False,[]
2019,AI_GOVERNANCE_SKEPTICISM,Scepticism of AI regulation and risk narratives,0,13,AI-positive country-years with a resolved value for this code,2,,True,False,[]
2019,AI_UN_ROLE,UN bodies and processes on AI,2,11,AI-positive country-years with a resolved value for this code,4,,True,False,"[""PRT"", ""SVN""]"
2019,AI_MILITARY_WEAPONS,Military AI and autonomous weapons,1,13,AI-positive country-years with a resolved value for this code,2,,True,False,"[""IRL""]"
2019,AI_PEACE_APPLICATIONS,AI as a tool for peace,0,13,AI-positive country-years with a resolved value for this code,2,,True,False,[]
2019,AI_SAFETY_EXISTENTIAL,Frontier AI safety and loss of control,0,13,AI-positive country-years with a resolved value for this code,2,,True,False,[]
2019,AI_HUMAN_CONTROL,"Human agency, control and accountability",2,13,AI-positive country-years with a resolved value for this code,2,,True,False,"[""GBR"", ""LVA""]"
2019,AI_HUMAN_RIGHTS_ETHICS,"Human rights, ethics and democracy",4,14,AI-positive country-years with a resolved value for this code,1,,True,False,"[""BEL"", ""GBR"", ""LVA"", ""SVN""]"
2019,AI_BIAS_CULTURAL_DIVERSITY,"Bias, stereotypes and cultural diversity",0,13,AI-positive country-years with a resolved value for this code,2,,True,False,[]
2019,AI_DISINFORMATION,Disinformation and information integrity,0,13,AI-positive country-years with a resolved value for this code,2,,True,False,[]
2019,AI_CYBER_SECURITY,"Cyber threats, crime and terrorist misuse",0,12,AI-positive country-years with a resolved value for this code,3,,True,False,[]
2019,AI_DIGITAL_DIVIDE,AI divide and equitable access,1,12,AI-positive country-years with a resolved value for this code,3,,True,False,"[""ESP""]"
2019,AI_CAPACITY_BUILDING,Capacity building and AI cooperation,0,13,AI-positive country-years with a resolved value for this code,2,,True,False,[]
2019,AI_DEVELOPMENT_SDGS,AI for development and the SDGs,1,13,AI-positive country-years with a resolved value for this code,2,,True,False,"[""ESP""]"
2019,AI_RESOURCE_FOOTPRINT,"Energy, minerals and environmental footprint",0,13,AI-positive country-years with a resolved value for this code,2,,True,False,[]
2019,AI_ECONOMY_LABOR,"Jobs, labour and economic transformation",1,11,AI-positive country-years with a resolved value for this code,4,,True,False,"[""SVN""]"
2019,AI_YOUTH_EDUCATION,"Youth, education and skills",1,13,AI-positive country-years with a resolved value for this code,2,,True,False,"[""URY""]"
2019,AI_CHILD_PROTECTION,Protecting children from AI harms,0,13,AI-positive country-years with a resolved value for this code,2,,True,False,[]
2019,AI_NATIONAL_STRATEGY,National AI strategy and achievements,2,12,AI-positive country-years with a resolved value for this code,3,,True,False,"[""CZE"", ""SVN""]"
2019,AI_SOVEREIGNTY_CONCENTRATION,"Power concentration, dependence and sovereignty",0,13,AI-positive country-years with a resolved value for this code,2,,True,False,[]
2019,AI_GEOPOLITICAL_RIVALRY,Geopolitical competition and AI race,1,13,AI-positive country-years with a resolved value for this code,2,,True,False,"[""KAZ""]"
2019,AI_OPPORTUNITY_RISK_DUALITY,AI as both promise and peril,3,13,AI-positive country-years with a resolved value for this code,2,,True,False,"[""GBR"", ""MCO"", ""SVN""]"
2019,AI_TRANSFORMATIVE_ERA,AI as epochal transformation,3,13,AI-positive country-years with a resolved value for this code,2,,True,False,"[""MCO"", ""SVN"", ""URY""]"
2019,AI_TECH_LIST_MENTION,AI listed among technologies,1,12,AI-positive country-years with a resolved value for this code,3,,True,False,"[""ARE""]"
2019,AI_THREAT_LIST_MENTION,AI listed among threats or crises,0,12,AI-positive country-years with a resolved value for this code,3,,True,False,[]
2020,AI_GLOBAL_GOVERNANCE,International AI rules and governance,3,8,AI-positive country-years with a resolved value for this code,1,,True,False,"[""FRA"", ""PRT"", ""RUS""]"
2020,AI_INCLUSIVE_GOVERNANCE,Equal voice in AI rule-making,0,9,AI-positive country-years with a resolved value for this code,0,,True,False,[]
2020,AI_GOVERNANCE_SKEPTICISM,Scepticism of AI regulation and risk narratives,0,9,AI-positive country-years with a resolved value for this code,0,,True,False,[]
2020,AI_UN_ROLE,UN bodies and processes on AI,2,8,AI-positive country-years with a resolved value for this code,1,,True,False,"[""PRT"", ""SVN""]"
2020,AI_MILITARY_WEAPONS,Military AI and autonomous weapons,0,8,AI-positive country-years with a resolved value for this code,1,,True,False,[]
2020,AI_PEACE_APPLICATIONS,AI as a tool for peace,0,9,AI-positive country-years with a resolved value for this code,0,,True,False,[]
2020,AI_SAFETY_EXISTENTIAL,Frontier AI safety and loss of control,0,9,AI-positive country-years with a resolved value for this code,0,,True,False,[]
2020,AI_HUMAN_CONTROL,"Human agency, control and accountability",0,9,AI-positive country-years with a resolved value for this code,0,,True,False,[]
2020,AI_HUMAN_RIGHTS_ETHICS,"Human rights, ethics and democracy",2,6,AI-positive country-years with a resolved value for this code,3,,True,False,"[""CZE"", ""ROU""]"
2020,AI_BIAS_CULTURAL_DIVERSITY,"Bias, stereotypes and cultural diversity",0,9,AI-positive country-years with a resolved value for this code,0,,True,False,[]
2020,AI_DISINFORMATION,Disinformation and information integrity,0,9,AI-positive country-years with a resolved value for this code,0,,True,False,[]
2020,AI_CYBER_SECURITY,"Cyber threats, crime and terrorist misuse",0,9,AI-positive country-years with a resolved value for this code,0,,True,False,[]
2020,AI_DIGITAL_DIVIDE,AI divide and equitable access,0,8,AI-positive country-years with a resolved value for this code,1,,True,False,[]
2020,AI_CAPACITY_BUILDING,Capacity building and AI cooperation,0,9,AI-positive country-years with a resolved value for this code,0,,True,False,[]
2020,AI_DEVELOPMENT_SDGS,AI for development and the SDGs,2,7,AI-positive country-years with a resolved value for this code,2,,True,False,"[""ESP"", ""RUS""]"
2020,AI_RESOURCE_FOOTPRINT,"Energy, minerals and environmental footprint",0,9,AI-positive country-years with a resolved value for this code,0,,True,False,[]
2020,AI_ECONOMY_LABOR,"Jobs, labour and economic transformation",0,8,AI-positive country-years with a resolved value for this code,1,,True,False,[]
2020,AI_YOUTH_EDUCATION,"Youth, education and skills",0,9,AI-positive country-years with a resolved value for this code,0,,True,False,[]
2020,AI_CHILD_PROTECTION,Protecting children from AI harms,0,9,AI-positive country-years with a resolved value for this code,0,,True,False,[]
2020,AI_NATIONAL_STRATEGY,National AI strategy and achievements,1,8,AI-positive country-years with a resolved value for this code,1,,True,False,"[""SVN""]"
2020,AI_SOVEREIGNTY_CONCENTRATION,"Power concentration, dependence and sovereignty",1,8,AI-positive country-years with a resolved value for this code,1,,True,False,"[""FRA""]"
2020,AI_GEOPOLITICAL_RIVALRY,Geopolitical competition and AI race,0,7,AI-positive country-years with a resolved value for this code,2,,True,False,[]
2020,AI_OPPORTUNITY_RISK_DUALITY,AI as both promise and peril,0,6,AI-positive country-years with a resolved value for this code,3,,True,False,[]
2020,AI_TRANSFORMATIVE_ERA,AI as epochal transformation,1,7,AI-positive country-years with a resolved value for this code,2,,True,False,"[""SVN""]"
2020,AI_TECH_LIST_MENTION,AI listed among technologies,2,9,AI-positive country-years with a resolved value for this code,0,,True,False,"[""BRA"", ""SGP""]"
2020,AI_THREAT_LIST_MENTION,AI listed among threats or crises,0,9,AI-positive country-years with a resolved value for this code,0,,True,False,[]
2021,AI_GLOBAL_GOVERNANCE,International AI rules and governance,1,4,AI-positive country-years with a resolved value for this code,3,,True,False,"[""LVA""]"
2021,AI_INCLUSIVE_GOVERNANCE,Equal voice in AI rule-making,0,7,AI-positive country-years with a resolved value for this code,0,,True,False,[]
2021,AI_GOVERNANCE_SKEPTICISM,Scepticism of AI regulation and risk narratives,0,7,AI-positive country-years with a resolved value for this code,0,,True,False,[]
2021,AI_UN_ROLE,UN bodies and processes on AI,1,7,AI-positive country-years with a resolved value for this code,0,,True,False,"[""SVN""]"
2021,AI_MILITARY_WEAPONS,Military AI and autonomous weapons,1,7,AI-positive country-years with a resolved value for this code,0,,True,False,"[""AUT""]"
2021,AI_PEACE_APPLICATIONS,AI as a tool for peace,0,7,AI-positive country-years with a resolved value for this code,0,,True,False,[]
2021,AI_SAFETY_EXISTENTIAL,Frontier AI safety and loss of control,0,7,AI-positive country-years with a resolved value for this code,0,,True,False,[]
2021,AI_HUMAN_CONTROL,"Human agency, control and accountability",1,6,AI-positive country-years with a resolved value for this code,1,,True,False,"[""LVA""]"
2021,AI_HUMAN_RIGHTS_ETHICS,"Human rights, ethics and democracy",4,7,AI-positive country-years with a resolved value for this code,0,,True,False,"[""AUT"", ""CZE"", ""LVA"", ""USA""]"
2021,AI_BIAS_CULTURAL_DIVERSITY,"Bias, stereotypes and cultural diversity",1,6,AI-positive country-years with a resolved value for this code,1,,True,False,"[""LVA""]"
2021,AI_DISINFORMATION,Disinformation and information integrity,1,6,AI-positive country-years with a resolved value for this code,1,,True,False,"[""LVA""]"
2021,AI_CYBER_SECURITY,"Cyber threats, crime and terrorist misuse",0,6,AI-positive country-years with a resolved value for this code,1,,True,False,[]
2021,AI_DIGITAL_DIVIDE,AI divide and equitable access,0,5,AI-positive country-years with a resolved value for this code,2,,True,False,[]
2021,AI_CAPACITY_BUILDING,Capacity building and AI cooperation,0,7,AI-positive country-years with a resolved value for this code,0,,True,False,[]
2021,AI_DEVELOPMENT_SDGS,AI for development and the SDGs,1,5,AI-positive country-years with a resolved value for this code,2,,True,False,"[""GBR""]"
2021,AI_RESOURCE_FOOTPRINT,"Energy, minerals and environmental footprint",0,7,AI-positive country-years with a resolved value for this code,0,,True,False,[]
2021,AI_ECONOMY_LABOR,"Jobs, labour and economic transformation",0,7,AI-positive country-years with a resolved value for this code,0,,True,False,[]
2021,AI_YOUTH_EDUCATION,"Youth, education and skills",0,7,AI-positive country-years with a resolved value for this code,0,,True,False,[]
2021,AI_CHILD_PROTECTION,Protecting children from AI harms,0,7,AI-positive country-years with a resolved value for this code,0,,True,False,[]
2021,AI_NATIONAL_STRATEGY,National AI strategy and achievements,2,7,AI-positive country-years with a resolved value for this code,0,,True,False,"[""LVA"", ""SVN""]"
2021,AI_SOVEREIGNTY_CONCENTRATION,"Power concentration, dependence and sovereignty",0,7,AI-positive country-years with a resolved value for this code,0,,True,False,[]
2021,AI_GEOPOLITICAL_RIVALRY,Geopolitical competition and AI race,0,5,AI-positive country-years with a resolved value for this code,2,,True,False,[]
2021,AI_OPPORTUNITY_RISK_DUALITY,AI as both promise and peril,2,6,AI-positive country-years with a resolved value for this code,1,,True,False,"[""LVA"", ""USA""]"
2021,AI_TRANSFORMATIVE_ERA,AI as epochal transformation,1,6,AI-positive country-years with a resolved value for this code,1,,True,False,"[""AUT""]"
2021,AI_TECH_LIST_MENTION,AI listed among technologies,1,6,AI-positive country-years with a resolved value for this code,1,,True,False,"[""COL""]"
2021,AI_THREAT_LIST_MENTION,AI listed among threats or crises,0,7,AI-positive country-years with a resolved value for this code,0,,True,False,[]
2022,AI_GLOBAL_GOVERNANCE,International AI rules and governance,1,4,AI-positive country-years with a resolved value for this code,2,,True,False,"[""LKA""]"
2022,AI_INCLUSIVE_GOVERNANCE,Equal voice in AI rule-making,0,5,AI-positive country-years with a resolved value for this code,1,,True,False,[]
2022,AI_GOVERNANCE_SKEPTICISM,Scepticism of AI regulation and risk narratives,0,5,AI-positive country-years with a resolved value for this code,1,,True,False,[]
2022,AI_UN_ROLE,UN bodies and processes on AI,0,5,AI-positive country-years with a resolved value for this code,1,,True,False,[]
2022,AI_MILITARY_WEAPONS,Military AI and autonomous weapons,1,6,AI-positive country-years with a resolved value for this code,0,,True,False,"[""PHL""]"
2022,AI_PEACE_APPLICATIONS,AI as a tool for peace,0,5,AI-positive country-years with a resolved value for this code,1,,True,False,[]
2022,AI_SAFETY_EXISTENTIAL,Frontier AI safety and loss of control,0,5,AI-positive country-years with a resolved value for this code,1,,True,False,[]
2022,AI_HUMAN_CONTROL,"Human agency, control and accountability",0,3,AI-positive country-years with a resolved value for this code,3,,True,False,[]
2022,AI_HUMAN_RIGHTS_ETHICS,"Human rights, ethics and democracy",1,4,AI-positive country-years with a resolved value for this code,2,,True,False,"[""MCO""]"
2022,AI_BIAS_CULTURAL_DIVERSITY,"Bias, stereotypes and cultural diversity",0,5,AI-positive country-years with a resolved value for this code,1,,True,False,[]
2022,AI_DISINFORMATION,Disinformation and information integrity,1,4,AI-positive country-years with a resolved value for this code,2,,True,False,"[""LKA""]"
2022,AI_CYBER_SECURITY,"Cyber threats, crime and terrorist misuse",1,5,AI-positive country-years with a resolved value for this code,1,,True,False,"[""LKA""]"
2022,AI_DIGITAL_DIVIDE,AI divide and equitable access,1,5,AI-positive country-years with a resolved value for this code,1,,True,False,"[""RWA""]"
2022,AI_CAPACITY_BUILDING,Capacity building and AI cooperation,0,4,AI-positive country-years with a resolved value for this code,2,,True,False,[]
2022,AI_DEVELOPMENT_SDGS,AI for development and the SDGs,0,5,AI-positive country-years with a resolved value for this code,1,,True,False,[]
2022,AI_RESOURCE_FOOTPRINT,"Energy, minerals and environmental footprint",0,5,AI-positive country-years with a resolved value for this code,1,,True,False,[]
2022,AI_ECONOMY_LABOR,"Jobs, labour and economic transformation",0,5,AI-positive country-years with a resolved value for this code,1,,True,False,[]
2022,AI_YOUTH_EDUCATION,"Youth, education and skills",0,5,AI-positive country-years with a resolved value for this code,1,,True,False,[]
2022,AI_CHILD_PROTECTION,Protecting children from AI harms,0,5,AI-positive country-years with a resolved value for this code,1,,True,False,[]
2022,AI_NATIONAL_STRATEGY,National AI strategy and achievements,0,3,AI-positive country-years with a resolved value for this code,3,,True,False,[]
2022,AI_SOVEREIGNTY_CONCENTRATION,"Power concentration, dependence and sovereignty",0,5,AI-positive country-years with a resolved value for this code,1,,True,False,[]
2022,AI_GEOPOLITICAL_RIVALRY,Geopolitical competition and AI race,0,5,AI-positive country-years with a resolved value for this code,1,,True,False,[]
2022,AI_OPPORTUNITY_RISK_DUALITY,AI as both promise and peril,0,5,AI-positive country-years with a resolved value for this code,1,,True,False,[]
2022,AI_TRANSFORMATIVE_ERA,AI as epochal transformation,0,5,AI-positive country-years with a resolved value for this code,1,,True,False,[]
2022,AI_TECH_LIST_MENTION,AI listed among technologies,1,5,AI-positive country-years with a resolved value for this code,1,,True,False,"[""BHR""]"
2022,AI_THREAT_LIST_MENTION,AI listed among threats or crises,0,5,AI-positive country-years with a resolved value for this code,1,,True,False,[]
2023,AI_GLOBAL_GOVERNANCE,International AI rules and governance,19,33,AI-positive country-years with a resolved value for this code,10,57.57575757575758,False,False,"[""BRB"", ""CHL"", ""CHN"", ""CRI"", ""ESP"", ""GBR"", ""ISL"", ""ISR"", ""ITA"", ""JPN"", ""KOR"", ""MCO"", ""MLT"", ""NPL"", ""SGP"", ""SVN"", ""SWE"", ""USA"", ""VEN""]"
2023,AI_INCLUSIVE_GOVERNANCE,Equal voice in AI rule-making,0,41,AI-positive country-years with a resolved value for this code,2,0.0,False,False,[]
2023,AI_GOVERNANCE_SKEPTICISM,Scepticism of AI regulation and risk narratives,0,42,AI-positive country-years with a resolved value for this code,1,0.0,False,False,[]
2023,AI_UN_ROLE,UN bodies and processes on AI,15,41,AI-positive country-years with a resolved value for this code,2,36.58536585365854,False,False,"[""ATG"", ""BGR"", ""BRB"", ""CHN"", ""CRI"", ""DEU"", ""ESP"", ""GBR"", ""KOR"", ""MCO"", ""SGP"", ""SVN"", ""SWE"", ""USA"", ""VEN""]"
2023,AI_MILITARY_WEAPONS,Military AI and autonomous weapons,8,41,AI-positive country-years with a resolved value for this code,2,19.51219512195122,False,False,"[""ATG"", ""CRI"", ""DEU"", ""ISR"", ""MCO"", ""NZL"", ""SGP"", ""UKR""]"
2023,AI_PEACE_APPLICATIONS,AI as a tool for peace,1,43,AI-positive country-years with a resolved value for this code,0,2.3255813953488373,False,False,"[""ISR""]"
2023,AI_SAFETY_EXISTENTIAL,Frontier AI safety and loss of control,3,38,AI-positive country-years with a resolved value for this code,5,7.894736842105263,False,False,"[""GBR"", ""ISR"", ""USA""]"
2023,AI_HUMAN_CONTROL,"Human agency, control and accountability",1,39,AI-positive country-years with a resolved value for this code,4,2.5641025641025643,False,False,"[""USA""]"
2023,AI_HUMAN_RIGHTS_ETHICS,"Human rights, ethics and democracy",14,38,AI-positive country-years with a resolved value for this code,5,36.8421052631579,False,False,"[""BGR"", ""BRB"", ""CHL"", ""ESP"", ""ISL"", ""ISR"", ""ITA"", ""JPN"", ""KOR"", ""LSO"", ""MCO"", ""SVK"", ""SVN"", ""VEN""]"
2023,AI_BIAS_CULTURAL_DIVERSITY,"Bias, stereotypes and cultural diversity",1,42,AI-positive country-years with a resolved value for this code,1,2.380952380952381,False,False,"[""DEU""]"
2023,AI_DISINFORMATION,Disinformation and information integrity,4,39,AI-positive country-years with a resolved value for this code,4,10.256410256410257,False,False,"[""GBR"", ""ISL"", ""ISR"", ""KOR""]"
2023,AI_CYBER_SECURITY,"Cyber threats, crime and terrorist misuse",4,39,AI-positive country-years with a resolved value for this code,4,10.256410256410257,False,False,"[""ATG"", ""GBR"", ""ISR"", ""MCO""]"
2023,AI_DIGITAL_DIVIDE,AI divide and equitable access,7,38,AI-positive country-years with a resolved value for this code,5,18.42105263157895,False,False,"[""DEU"", ""GBR"", ""IDN"", ""KOR"", ""NAM"", ""NIC"", ""SGP""]"
2023,AI_CAPACITY_BUILDING,Capacity building and AI cooperation,1,38,AI-positive country-years with a resolved value for this code,5,2.6315789473684212,False,False,"[""NAM""]"
2023,AI_DEVELOPMENT_SDGS,AI for development and the SDGs,7,36,AI-positive country-years with a resolved value for this code,7,19.444444444444443,False,False,"[""GBR"", ""ISR"", ""MAR"", ""MCO"", ""MLT"", ""SWE"", ""ZMB""]"
2023,AI_RESOURCE_FOOTPRINT,"Energy, minerals and environmental footprint",0,43,AI-positive country-years with a resolved value for this code,0,0.0,False,False,[]
2023,AI_ECONOMY_LABOR,"Jobs, labour and economic transformation",4,40,AI-positive country-years with a resolved value for this code,3,10.0,False,False,"[""ARG"", ""ISR"", ""ITA"", ""MLT""]"
2023,AI_YOUTH_EDUCATION,"Youth, education and skills",0,40,AI-positive country-years with a resolved value for this code,3,0.0,False,False,[]
2023,AI_CHILD_PROTECTION,Protecting children from AI harms,1,43,AI-positive country-years with a resolved value for this code,0,2.3255813953488373,False,False,"[""CHL""]"
2023,AI_NATIONAL_STRATEGY,National AI strategy and achievements,6,37,AI-positive country-years with a resolved value for this code,6,16.216216216216218,False,False,"[""CHL"", ""GBR"", ""ISR"", ""KOR"", ""MLT"", ""SRB""]"
2023,AI_SOVEREIGNTY_CONCENTRATION,"Power concentration, dependence and sovereignty",4,38,AI-positive country-years with a resolved value for this code,5,10.526315789473685,False,False,"[""GBR"", ""ITA"", ""NIC"", ""VEN""]"
2023,AI_GEOPOLITICAL_RIVALRY,Geopolitical competition and AI race,1,42,AI-positive country-years with a resolved value for this code,1,2.380952380952381,False,False,"[""GBR""]"
2023,AI_OPPORTUNITY_RISK_DUALITY,AI as both promise and peril,17,37,AI-positive country-years with a resolved value for this code,6,45.945945945945944,False,False,"[""CHL"", ""DEU"", ""ESP"", ""GBR"", ""ISL"", ""ISR"", ""ITA"", ""LSO"", ""MCO"", ""MLT"", ""NAM"", ""NPL"", ""SGP"", ""SVK"", ""SVN"", ""SWE"", ""USA""]"
2023,AI_TRANSFORMATIVE_ERA,AI as epochal transformation,8,39,AI-positive country-years with a resolved value for this code,4,20.512820512820515,False,False,"[""ARG"", ""CHL"", ""CMR"", ""GBR"", ""ISR"", ""NAM"", ""SGP"", ""SWE""]"
2023,AI_TECH_LIST_MENTION,AI listed among technologies,1,37,AI-positive country-years with a resolved value for this code,6,2.7027027027027026,False,False,"[""ZMB""]"
2023,AI_THREAT_LIST_MENTION,AI listed among threats or crises,4,39,AI-positive country-years with a resolved value for this code,4,10.256410256410257,False,False,"[""AUT"", ""CAN"", ""SOM"", ""VCT""]"
2024,AI_GLOBAL_GOVERNANCE,International AI rules and governance,26,49,AI-positive country-years with a resolved value for this code,9,53.06122448979592,False,False,"[""BHR"", ""BOL"", ""BRA"", ""CHN"", ""CIV"", ""COL"", ""COM"", ""CRI"", ""DJI"", ""ESP"", ""FRA"", ""GRC"", ""ITA"", ""JPN"", ""KAZ"", ""KOR"", ""MCO"", ""MNG"", ""MUS"", ""PER"", ""PHL"", ""SGP"", ""SWE"", ""USA"", ""UZB"", ""VNM""]"
2024,AI_INCLUSIVE_GOVERNANCE,Equal voice in AI rule-making,3,55,AI-positive country-years with a resolved value for this code,3,5.454545454545454,False,False,"[""BRA"", ""MWI"", ""RUS""]"
2024,AI_GOVERNANCE_SKEPTICISM,Scepticism of AI regulation and risk narratives,0,57,AI-positive country-years with a resolved value for this code,1,0.0,False,False,[]
2024,AI_UN_ROLE,UN bodies and processes on AI,22,52,AI-positive country-years with a resolved value for this code,6,42.30769230769231,False,False,"[""CHN"", ""CIV"", ""CRI"", ""DJI"", ""EGY"", ""ESP"", ""FRA"", ""GRC"", ""JPN"", ""KAZ"", ""MNG"", ""NOR"", ""PER"", ""PHL"", ""RUS"", ""SGP"", ""SLE"", ""SWE"", ""TJK"", ""USA"", ""UZB"", ""VNM""]"
2024,AI_MILITARY_WEAPONS,Military AI and autonomous weapons,9,57,AI-positive country-years with a resolved value for this code,1,15.789473684210526,False,False,"[""CRI"", ""GBR"", ""KAZ"", ""KEN"", ""KOR"", ""LKA"", ""MCO"", ""SMR"", ""USA""]"
2024,AI_PEACE_APPLICATIONS,AI as a tool for peace,2,56,AI-positive country-years with a resolved value for this code,2,3.5714285714285716,False,False,"[""BHR"", ""BRA""]"
2024,AI_SAFETY_EXISTENTIAL,Frontier AI safety and loss of control,2,53,AI-positive country-years with a resolved value for this code,5,3.7735849056603774,False,False,"[""BGD"", ""USA""]"
2024,AI_HUMAN_CONTROL,"Human agency, control and accountability",0,54,AI-positive country-years with a resolved value for this code,4,0.0,False,False,[]
2024,AI_HUMAN_RIGHTS_ETHICS,"Human rights, ethics and democracy",15,55,AI-positive country-years with a resolved value for this code,3,27.272727272727273,False,False,"[""BOL"", ""BRA"", ""CHL"", ""CZE"", ""ESP"", ""FRA"", ""ITA"", ""KAZ"", ""KOR"", ""MCO"", ""PER"", ""PHL"", ""PRY"", ""SGP"", ""USA""]"
2024,AI_BIAS_CULTURAL_DIVERSITY,"Bias, stereotypes and cultural diversity",2,57,AI-positive country-years with a resolved value for this code,1,3.508771929824561,False,False,"[""BRA"", ""CHL""]"
2024,AI_DISINFORMATION,Disinformation and information integrity,5,54,AI-positive country-years with a resolved value for this code,4,9.25925925925926,False,False,"[""GRC"", ""KAZ"", ""KWT"", ""PER"", ""USA""]"
2024,AI_CYBER_SECURITY,"Cyber threats, crime and terrorist misuse",2,55,AI-positive country-years with a resolved value for this code,3,3.6363636363636362,False,False,"[""KAZ"", ""KWT""]"
2024,AI_DIGITAL_DIVIDE,AI divide and equitable access,12,49,AI-positive country-years with a resolved value for this code,9,24.489795918367346,False,False,"[""BDI"", ""BGD"", ""BOL"", ""CHL"", ""CIV"", ""FRA"", ""KAZ"", ""LKA"", ""NGA"", ""TUR"", ""USA"", ""ZMB""]"
2024,AI_CAPACITY_BUILDING,Capacity building and AI cooperation,5,54,AI-positive country-years with a resolved value for this code,4,9.25925925925926,False,False,"[""CHN"", ""LKA"", ""SGP"", ""SVN"", ""ZMB""]"
2024,AI_DEVELOPMENT_SDGS,AI for development and the SDGs,10,51,AI-positive country-years with a resolved value for this code,7,19.607843137254903,False,False,"[""ARE"", ""COM"", ""GRC"", ""LKA"", ""MCO"", ""MDV"", ""SLE"", ""SVN"", ""TJK"", ""ZMB""]"
2024,AI_RESOURCE_FOOTPRINT,"Energy, minerals and environmental footprint",0,58,AI-positive country-years with a resolved value for this code,0,0.0,False,False,[]
2024,AI_ECONOMY_LABOR,"Jobs, labour and economic transformation",3,54,AI-positive country-years with a resolved value for this code,4,5.555555555555555,False,False,"[""BGD"", ""ITA"", ""MDV""]"
2024,AI_YOUTH_EDUCATION,"Youth, education and skills",2,57,AI-positive country-years with a resolved value for this code,1,3.508771929824561,False,False,"[""BGD"", ""MDV""]"
2024,AI_CHILD_PROTECTION,Protecting children from AI harms,1,57,AI-positive country-years with a resolved value for this code,1,1.7543859649122806,False,False,"[""GRC""]"
2024,AI_NATIONAL_STRATEGY,National AI strategy and achievements,5,47,AI-positive country-years with a resolved value for this code,11,10.638297872340425,False,False,"[""ARE"", ""FRA"", ""KOR"", ""MDV"", ""SVN""]"
2024,AI_SOVEREIGNTY_CONCENTRATION,"Power concentration, dependence and sovereignty",7,57,AI-positive country-years with a resolved value for this code,1,12.280701754385966,False,False,"[""BOL"", ""BRA"", ""CHL"", ""COL"", ""FRA"", ""GRC"", ""ITA""]"
2024,AI_GEOPOLITICAL_RIVALRY,Geopolitical competition and AI race,1,56,AI-positive country-years with a resolved value for this code,2,1.7857142857142858,False,False,"[""USA""]"
2024,AI_OPPORTUNITY_RISK_DUALITY,AI as both promise and peril,13,51,AI-positive country-years with a resolved value for this code,7,25.49019607843137,False,False,"[""CIV"", ""FIN"", ""GRC"", ""JPN"", ""KOR"", ""LVA"", ""MCO"", ""PRT"", ""SGP"", ""TUR"", ""USA"", ""UZB"", ""VNM""]"
2024,AI_TRANSFORMATIVE_ERA,AI as epochal transformation,8,48,AI-positive country-years with a resolved value for this code,10,16.666666666666668,False,False,"[""BOL"", ""CIV"", ""ESP"", ""GRC"", ""ITA"", ""MAR"", ""SGP"", ""USA""]"
2024,AI_TECH_LIST_MENTION,AI listed among technologies,3,54,AI-positive country-years with a resolved value for this code,4,5.555555555555555,False,False,"[""CMR"", ""DZA"", ""ISR""]"
2024,AI_THREAT_LIST_MENTION,AI listed among threats or crises,5,56,AI-positive country-years with a resolved value for this code,2,8.928571428571429,False,False,"[""EGY"", ""GRC"", ""HTI"", ""PRY"", ""USA""]"
2025,AI_GLOBAL_GOVERNANCE,International AI rules and governance,24,59,AI-positive country-years with a resolved value for this code,15,40.67796610169491,False,False,"[""BGR"", ""BHR"", ""BRA"", ""BRB"", ""CAF"", ""CHN"", ""CIV"", ""CUB"", ""ECU"", ""FSM"", ""GRC"", ""GUY"", ""HRV"", ""KAZ"", ""KOR"", ""LIE"", ""MOZ"", ""MUS"", ""MWI"", ""NAM"", ""SGP"", ""SLB"", ""SVK"", ""TLS""]"
2025,AI_INCLUSIVE_GOVERNANCE,Equal voice in AI rule-making,1,67,AI-positive country-years with a resolved value for this code,7,1.492537313432836,False,False,"[""MOZ""]"
2025,AI_GOVERNANCE_SKEPTICISM,Scepticism of AI regulation and risk narratives,0,72,AI-positive country-years with a resolved value for this code,2,0.0,False,False,[]
2025,AI_UN_ROLE,UN bodies and processes on AI,22,67,AI-positive country-years with a resolved value for this code,7,32.83582089552239,False,False,"[""BRA"", ""BRB"", ""CIV"", ""CPV"", ""CRI"", ""CUB"", ""DJI"", ""FSM"", ""GBR"", ""GRC"", ""GUY"", ""KAZ"", ""KOR"", ""MKD"", ""MLT"", ""MUS"", ""NLD"", ""SGP"", ""SMR"", ""TJK"", ""TUR"", ""ZWE""]"
2025,AI_MILITARY_WEAPONS,Military AI and autonomous weapons,6,70,AI-positive country-years with a resolved value for this code,4,8.571428571428571,False,False,"[""CRI"", ""FSM"", ""MOZ"", ""SAU"", ""SMR"", ""UKR""]"
2025,AI_PEACE_APPLICATIONS,AI as a tool for peace,3,70,AI-positive country-years with a resolved value for this code,4,4.285714285714286,False,False,"[""PRT"", ""SGP"", ""USA""]"
2025,AI_SAFETY_EXISTENTIAL,Frontier AI safety and loss of control,1,69,AI-positive country-years with a resolved value for this code,5,1.4492753623188406,False,False,"[""MOZ""]"
2025,AI_HUMAN_CONTROL,"Human agency, control and accountability",1,72,AI-positive country-years with a resolved value for this code,2,1.3888888888888888,False,False,"[""NAM""]"
2025,AI_HUMAN_RIGHTS_ETHICS,"Human rights, ethics and democracy",8,58,AI-positive country-years with a resolved value for this code,16,13.793103448275861,False,False,"[""ALB"", ""CAF"", ""ECU"", ""EST"", ""GBR"", ""KAZ"", ""KOR"", ""NAM""]"
2025,AI_BIAS_CULTURAL_DIVERSITY,"Bias, stereotypes and cultural diversity",2,72,AI-positive country-years with a resolved value for this code,2,2.7777777777777777,False,False,"[""BGD"", ""BRB""]"
2025,AI_DISINFORMATION,Disinformation and information integrity,7,70,AI-positive country-years with a resolved value for this code,4,10.0,False,False,"[""BGD"", ""BRB"", ""CRI"", ""GBR"", ""GHA"", ""GRC"", ""ISL""]"
2025,AI_CYBER_SECURITY,"Cyber threats, crime and terrorist misuse",3,66,AI-positive country-years with a resolved value for this code,8,4.545454545454546,False,False,"[""CRI"", ""GBR"", ""MUS""]"
2025,AI_DIGITAL_DIVIDE,AI divide and equitable access,21,62,AI-positive country-years with a resolved value for this code,12,33.87096774193548,False,False,"[""BGD"", ""BRB"", ""CPV"", ""CRI"", ""DJI"", ""DMA"", ""ECU"", ""EGY"", ""GBR"", ""GUY"", ""KAZ"", ""KOR"", ""LKA"", ""MOZ"", ""MRT"", ""MUS"", ""MWI"", ""NGA"", ""PHL"", ""TUR"", ""UZB""]"
2025,AI_CAPACITY_BUILDING,Capacity building and AI cooperation,8,65,AI-positive country-years with a resolved value for this code,9,12.307692307692308,False,False,"[""ARE"", ""GBR"", ""ITA"", ""MOZ"", ""SMR"", ""TJK"", ""TLS"", ""UZB""]"
2025,AI_DEVELOPMENT_SDGS,AI for development and the SDGs,16,60,AI-positive country-years with a resolved value for this code,14,26.666666666666668,False,False,"[""ARE"", ""BGR"", ""CRI"", ""ESP"", ""GBR"", ""IND"", ""KOR"", ""LKA"", ""LVA"", ""MAR"", ""MWI"", ""SLB"", ""TJK"", ""UZB"", ""WSM"", ""ZWE""]"
2025,AI_RESOURCE_FOOTPRINT,"Energy, minerals and environmental footprint",1,70,AI-positive country-years with a resolved value for this code,4,1.4285714285714286,False,False,"[""GUY""]"
2025,AI_ECONOMY_LABOR,"Jobs, labour and economic transformation",7,67,AI-positive country-years with a resolved value for this code,7,10.447761194029852,False,False,"[""BOL"", ""GBR"", ""GRC"", ""KAZ"", ""KOR"", ""MAR"", ""MWI""]"
2025,AI_YOUTH_EDUCATION,"Youth, education and skills",5,69,AI-positive country-years with a resolved value for this code,5,7.246376811594203,False,False,"[""BGD"", ""EST"", ""GRC"", ""GRD"", ""SVK""]"
2025,AI_CHILD_PROTECTION,Protecting children from AI harms,1,70,AI-positive country-years with a resolved value for this code,4,1.4285714285714286,False,False,"[""GRC""]"
2025,AI_NATIONAL_STRATEGY,National AI strategy and achievements,10,59,AI-positive country-years with a resolved value for this code,15,16.949152542372882,False,False,"[""BHR"", ""EST"", ""GBR"", ""GRC"", ""GUY"", ""IND"", ""KAZ"", ""MAR"", ""SVK"", ""TJK""]"
2025,AI_SOVEREIGNTY_CONCENTRATION,"Power concentration, dependence and sovereignty",2,68,AI-positive country-years with a resolved value for this code,6,2.9411764705882355,False,False,"[""CUB"", ""GRC""]"
2025,AI_GEOPOLITICAL_RIVALRY,Geopolitical competition and AI race,1,72,AI-positive country-years with a resolved value for this code,2,1.3888888888888888,False,False,"[""UKR""]"
2025,AI_OPPORTUNITY_RISK_DUALITY,AI as both promise and peril,21,67,AI-positive country-years with a resolved value for this code,7,31.34328358208955,False,False,"[""CHN"", ""CRI"", ""CUB"", ""ECU"", ""FSM"", ""GBR"", ""GRC"", ""HRV"", ""KAZ"", ""KOR"", ""LVA"", ""MAR"", ""MKD"", ""MOZ"", ""MUS"", ""MWI"", ""PHL"", ""SGP"", ""SWE"", ""USA"", ""ZWE""]"
2025,AI_TRANSFORMATIVE_ERA,AI as epochal transformation,8,65,AI-positive country-years with a resolved value for this code,9,12.307692307692308,False,False,"[""CRI"", ""ESP"", ""GBR"", ""KAZ"", ""MAR"", ""MKD"", ""SVK"", ""TUR""]"
2025,AI_TECH_LIST_MENTION,AI listed among technologies,7,71,AI-positive country-years with a resolved value for this code,3,9.859154929577464,False,False,"[""BLZ"", ""CAN"", ""COG"", ""ISR"", ""MWI"", ""OMN"", ""PAK""]"
2025,AI_THREAT_LIST_MENTION,AI listed among threats or crises,10,69,AI-positive country-years with a resolved value for this code,5,14.492753623188406,False,False,"[""ALB"", ""BRB"", ""CRI"", ""CYP"", ""FRA"", ""GHA"", ""GRC"", ""LVA"", ""MKD"", ""VCT""]"
2026,AI_GLOBAL_GOVERNANCE,International AI rules and governance,65,105,AI-positive country-years with a resolved value for this code,26,61.904761904761905,False,False,"[""AGO"", ""ALB"", ""AND"", ""ATG"", ""AUS"", ""BEL"", ""BEN"", ""BGD"", ""BHR"", ""BLZ"", ""BRA"", ""BRB"", ""BWA"", ""CHE"", ""CHL"", ""CIV"", ""COD"", ""COG"", ""CUB"", ""CZE"", ""DEU"", ""DZA"", ""ECU"", ""EGY"", ""FIN"", ""FRA"", ""FSM"", ""GBR"", ""GMB"", ""ISL"", ""ITA"", ""JAM"", ""JPN"", ""KAZ"", ""LBN"", ""LBR"", ""LCA"", ""LIE"", ""LKA"", ""LTU"", ""MCO"", ""MDV"", ""MLT"", ""MNE"", ""MUS"", ""MWI"", ""NLD"", ""NOR"", ""PHL"", ""POL"", ""PRT"", ""RUS"", ""SAU"", ""SGP"", ""SLB"", ""SMR"", ""SRB"", ""STP"", ""SWZ"", ""SYC"", ""TKM"", ""TUN"", ""TUR"", ""UZB"", ""VNM""]"
2026,AI_INCLUSIVE_GOVERNANCE,Equal voice in AI rule-making,23,121,AI-positive country-years with a resolved value for this code,10,19.00826446280992,False,False,"[""AGO"", ""BHS"", ""BRB"", ""BWA"", ""CAF"", ""CHE"", ""COD"", ""DEU"", ""GMB"", ""KNA"", ""LCA"", ""MDV"", ""MYS"", ""NLD"", ""RUS"", ""SGP"", ""SLB"", ""SLE"", ""TLS"", ""TON"", ""TTO"", ""VUT"", ""ZAF""]"
2026,AI_GOVERNANCE_SKEPTICISM,Scepticism of AI regulation and risk narratives,4,129,AI-positive country-years with a resolved value for this code,2,3.10077519379845,False,False,"[""ALB"", ""ARG"", ""NGA"", ""USA""]"
2026,AI_UN_ROLE,UN bodies and processes on AI,45,120,AI-positive country-years with a resolved value for this code,11,37.5,False,False,"[""AGO"", ""BGD"", ""BLR"", ""BLZ"", ""BRA"", ""BRB"", ""BWA"", ""CAF"", ""CHL"", ""CIV"", ""COD"", ""CZE"", ""DEU"", ""EGY"", ""EST"", ""FIN"", ""ITA"", ""JAM"", ""KAZ"", ""KNA"", ""KWT"", ""LAO"", ""LBR"", ""LIE"", ""LSO"", ""LTU"", ""MCO"", ""MLT"", ""MUS"", ""MWI"", ""MYS"", ""NAM"", ""NLD"", ""NOR"", ""POL"", ""RUS"", ""SAU"", ""SGP"", ""SLV"", ""SVK"", ""SYC"", ""TJK"", ""TKM"", ""TTO"", ""TUR""]"
2026,AI_MILITARY_WEAPONS,Military AI and autonomous weapons,13,119,AI-positive country-years with a resolved value for this code,12,10.92436974789916,False,False,"[""AUT"", ""BGR"", ""FRA"", ""ITA"", ""KAZ"", ""LBR"", ""LIE"", ""SGP"", ""SMR"", ""SVK"", ""TTO"", ""UKR"", ""ZWE""]"
2026,AI_PEACE_APPLICATIONS,AI as a tool for peace,3,126,AI-positive country-years with a resolved value for this code,5,2.380952380952381,False,False,"[""SVK"", ""TKM"", ""TTO""]"
2026,AI_SAFETY_EXISTENTIAL,Frontier AI safety and loss of control,12,118,AI-positive country-years with a resolved value for this code,13,10.169491525423728,False,False,"[""AUS"", ""CIV"", ""DEU"", ""FIN"", ""GBR"", ""GRC"", ""JPN"", ""LIE"", ""LTU"", ""POL"", ""SGP"", ""TTO""]"
2026,AI_HUMAN_CONTROL,"Human agency, control and accountability",16,111,AI-positive country-years with a resolved value for this code,20,14.414414414414415,False,False,"[""ALB"", ""AUT"", ""BRB"", ""CZE"", ""FIN"", ""GRD"", ""HTI"", ""ITA"", ""KAZ"", ""LTU"", ""NOR"", ""POL"", ""PRY"", ""SGP"", ""SVK"", ""SWZ""]"
2026,AI_HUMAN_RIGHTS_ETHICS,"Human rights, ethics and democracy",37,109,AI-positive country-years with a resolved value for this code,22,33.944954128440365,False,False,"[""ALB"", ""AND"", ""BRA"", ""BRB"", ""CHL"", ""CHN"", ""CIV"", ""DEU"", ""EGY"", ""FSM"", ""GRD"", ""HRV"", ""HTI"", ""JAM"", ""KAZ"", ""KOR"", ""LBN"", ""LBR"", ""LCA"", ""LIE"", ""LKA"", ""LTU"", ""MCO"", ""MNE"", ""MWI"", ""NAM"", ""PHL"", ""POL"", ""PRY"", ""SAU"", ""SEN"", ""SMR"", ""SRB"", ""STP"", ""SYC"", ""UZB"", ""ZWE""]"
2026,AI_BIAS_CULTURAL_DIVERSITY,"Bias, stereotypes and cultural diversity",5,126,AI-positive country-years with a resolved value for this code,5,3.9682539682539684,False,False,"[""AND"", ""BHS"", ""BRB"", ""EGY"", ""IND""]"
2026,AI_DISINFORMATION,Disinformation and information integrity,8,120,AI-positive country-years with a resolved value for this code,11,6.666666666666667,False,False,"[""ALB"", ""BRB"", ""DEU"", ""FSM"", ""ISL"", ""ITA"", ""LTU"", ""TTO""]"
2026,AI_CYBER_SECURITY,"Cyber threats, crime and terrorist misuse",10,115,AI-positive country-years with a resolved value for this code,16,8.695652173913043,False,False,"[""AUS"", ""CRI"", ""DEU"", ""FRA"", ""FSM"", ""GBR"", ""KHM"", ""LTU"", ""SYC"", ""TTO""]"
2026,AI_DIGITAL_DIVIDE,AI divide and equitable access,50,114,AI-positive country-years with a resolved value for this code,17,43.85964912280702,False,False,"[""AGO"", ""AND"", ""ATG"", ""BEN"", ""BGD"", ""BLZ"", ""BRB"", ""BWA"", ""CHE"", ""CHN"", ""CIV"", ""COD"", ""DJI"", ""DZA"", ""ECU"", ""EGY"", ""EST"", ""ETH"", ""FSM"", ""GMB"", ""GRD"", ""HTI"", ""ITA"", ""JAM"", ""KAZ"", ""KNA"", ""KOR"", ""LAO"", ""LBN"", ""LBR"", ""LCA"", ""LKA"", ""LSO"", ""MDV"", ""MUS"", ""MWI"", ""MYS"", ""PHL"", ""SLB"", ""SLE"", ""SRB"", ""STP"", ""SVK"", ""SWZ"", ""SYC"", ""TJK"", ""TUN"", ""VCT"", ""VEN"", ""VUT""]"
2026,AI_CAPACITY_BUILDING,Capacity building and AI cooperation,27,119,AI-positive country-years with a resolved value for this code,12,22.689075630252102,False,False,"[""AGO"", ""BGD"", ""CAF"", ""COD"", ""DEU"", ""DJI"", ""DZA"", ""EGY"", ""EST"", ""FSM"", ""GMB"", ""IND"", ""JAM"", ""JPN"", ""KNA"", ""LBR"", ""LCA"", ""LKA"", ""LSO"", ""MOZ"", ""MWI"", ""PHL"", ""SAU"", ""SGP"", ""STP"", ""TUN"", ""VUT""]"
2026,AI_DEVELOPMENT_SDGS,AI for development and the SDGs,32,112,AI-positive country-years with a resolved value for this code,19,28.571428571428573,False,False,"[""AGO"", ""AND"", ""AUS"", ""BEN"", ""BLZ"", ""BRB"", ""CHE"", ""DEU"", ""DJI"", ""DZA"", ""FSM"", ""GBR"", ""GRD"", ""ITA"", ""JAM"", ""KOR"", ""LAO"", ""MDV"", ""MWI"", ""NGA"", ""PHL"", ""PRY"", ""SEN"", ""SLB"", ""SLE"", ""SWZ"", ""SYC"", ""TJK"", ""TUN"", ""VEN"", ""VUT"", ""WSM""]"
2026,AI_RESOURCE_FOOTPRINT,"Energy, minerals and environmental footprint",3,122,AI-positive country-years with a resolved value for this code,9,2.459016393442623,False,False,"[""BWA"", ""COD"", ""MYS""]"
2026,AI_ECONOMY_LABOR,"Jobs, labour and economic transformation",15,113,AI-positive country-years with a resolved value for this code,18,13.274336283185841,False,False,"[""ALB"", ""ARG"", ""BLZ"", ""CHL"", ""DEU"", ""GBR"", ""GRC"", ""ITA"", ""KNA"", ""KOR"", ""LBN"", ""LTU"", ""MKD"", ""MWI"", ""SGP""]"
2026,AI_YOUTH_EDUCATION,"Youth, education and skills",9,117,AI-positive country-years with a resolved value for this code,14,7.6923076923076925,False,False,"[""COL"", ""EST"", ""GRD"", ""KNA"", ""KOR"", ""LUX"", ""MLI"", ""PAK"", ""SVK""]"
2026,AI_CHILD_PROTECTION,Protecting children from AI harms,3,126,AI-positive country-years with a resolved value for this code,5,2.380952380952381,False,False,"[""BEL"", ""BRA"", ""FRA""]"
2026,AI_NATIONAL_STRATEGY,National AI strategy and achievements,33,118,AI-positive country-years with a resolved value for this code,13,27.966101694915253,False,False,"[""ALB"", ""ARE"", ""ARG"", ""AUS"", ""BRA"", ""BRB"", ""BTN"", ""CHL"", ""COL"", ""EGY"", ""EST"", ""ETH"", ""FRA"", ""GAB"", ""GBR"", ""IND"", ""ISR"", ""KAZ"", ""KNA"", ""KOR"", ""LKA"", ""LSO"", ""LTU"", ""MDA"", ""MLI"", ""MUS"", ""NGA"", ""SAU"", ""SGP"", ""SRB"", ""TJK"", ""USA"", ""ZWE""]"
2026,AI_SOVEREIGNTY_CONCENTRATION,"Power concentration, dependence and sovereignty",26,112,AI-positive country-years with a resolved value for this code,19,23.214285714285715,False,False,"[""ALB"", ""ATG"", ""BEN"", ""BHS"", ""BLZ"", ""BRA"", ""BRB"", ""COG"", ""DEU"", ""DZA"", ""EGY"", ""ESP"", ""FRA"", ""GRC"", ""IND"", ""ITA"", ""KNA"", ""LBR"", ""LCA"", ""LSO"", ""MDV"", ""MLI"", ""MOZ"", ""MYS"", ""TON"", ""VUT""]"
2026,AI_GEOPOLITICAL_RIVALRY,Geopolitical competition and AI race,8,122,AI-positive country-years with a resolved value for this code,9,6.557377049180328,False,False,"[""ARG"", ""CZE"", ""FRA"", ""ITA"", ""LIE"", ""PRY"", ""SGP"", ""USA""]"
2026,AI_OPPORTUNITY_RISK_DUALITY,AI as both promise and peril,52,112,AI-positive country-years with a resolved value for this code,19,46.42857142857143,False,False,"[""ATG"", ""AUS"", ""BEL"", ""BEN"", ""BRA"", ""BRB"", ""CHL"", ""CIV"", ""COD"", ""CZE"", ""DEU"", ""ECU"", ""EGY"", ""EST"", ""FSM"", ""GBR"", ""GMB"", ""GRC"", ""HTI"", ""ISL"", ""ITA"", ""JAM"", ""JPN"", ""KHM"", ""KOR"", ""LCA"", ""LIE"", ""LUX"", ""LVA"", ""MCO"", ""MLI"", ""MWI"", ""MYS"", ""NGA"", ""NOR"", ""PHL"", ""POL"", ""PRK"", ""PRT"", ""PRY"", ""SGP"", ""SLB"", ""SMR"", ""SRB"", ""SUR"", ""SVK"", ""SWZ"", ""SYC"", ""TKM"", ""TTO"", ""VNM"", ""VUT""]"
2026,AI_TRANSFORMATIVE_ERA,AI as epochal transformation,32,100,AI-positive country-years with a resolved value for this code,31,32.0,False,False,"[""ALB"", ""AND"", ""ARG"", ""BEN"", ""BRB"", ""CHL"", ""CHN"", ""DEU"", ""FIN"", ""GBR"", ""GRC"", ""IND"", ""ISL"", ""ITA"", ""KNA"", ""KOR"", ""LBN"", ""LUX"", ""MKD"", ""MLT"", ""MYS"", ""NOR"", ""PHL"", ""PRY"", ""SRB"", ""SUR"", ""TJK"", ""TUV"", ""USA"", ""UZB"", ""VEN"", ""VUT""]"
2026,AI_TECH_LIST_MENTION,AI listed among technologies,4,123,AI-positive country-years with a resolved value for this code,8,3.252032520325203,False,False,"[""FSM"", ""GUY"", ""ISR"", ""ROU""]"
2026,AI_THREAT_LIST_MENTION,AI listed among threats or crises,7,121,AI-positive country-years with a resolved value for this code,10,5.785123966942149,False,False,"[""AUS"", ""CHE"", ""COM"", ""FIN"", ""MYS"", ""TZA"", ""VEN""]"
