year,term,n,N,countries,pct,first_observed_year,recurring,partial,caveat,first_recurring_year
2018,ai revolution,1,10,"[""BEL""]",10.0,2018,False,False,First observed in available corpus; source and collection differences remain.,
2018,rapid technological change,1,10,"[""MEX""]",10.0,2018,False,False,First observed in available corpus; source and collection differences remain.,
2018,fourth industrial revolution,1,10,"[""NAM""]",10.0,2018,False,False,First observed in available corpus; source and collection differences remain.,
2018,lethal autonomous weapons systems,1,10,"[""PAK""]",10.0,2018,False,False,First observed in available corpus; source and collection differences remain.,
2018,universally agreed legal frameworks,1,10,"[""PAK""]",10.0,2018,False,False,First observed in available corpus; source and collection differences remain.,
2018,frontier issues,1,10,"[""SGP""]",10.0,2018,False,False,First observed in available corpus; source and collection differences remain.,
2018,ai for warfare,1,10,"[""SUR""]",10.0,2018,False,False,First observed in available corpus; source and collection differences remain.,
2019,data economy,1,7,"[""BEL""]",14.285714285714286,2019,False,False,First observed in available corpus; source and collection differences remain.,
2019,international information security,1,7,"[""RUS""]",14.285714285714286,2019,False,False,First observed in available corpus; source and collection differences remain.,
2020,technological surveillance,1,3,"[""CZE""]",33.333333333333336,2020,False,False,First observed in available corpus; source and collection differences remain.,
2021,international research centre on artificial intelligence,1,4,"[""SVN""]",25.0,2021,False,False,First observed in available corpus; source and collection differences remain.,
2022,fourth industrial revolution,1,2,"[""BHR""]",50.0,2018,False,False,First observed in available corpus; source and collection differences remain.,
2022,regulatory supervisory regime,1,2,"[""LKA""]",50.0,2022,False,False,First observed in available corpus; source and collection differences remain.,
2023,disruptive technologies,1,17,"[""AUT""]",5.882352941176471,2023,False,False,First observed in available corpus; source and collection differences remain.,
2023,generative ai,3,17,"[""BRB"", ""DEU"", ""JPN""]",17.647058823529413,2023,True,False,First observed in available corpus; source and collection differences remain.,2023
2023,regulatory framework,1,17,"[""BRB""]",5.882352941176471,2023,False,False,First observed in available corpus; source and collection differences remain.,
2023,autonomous weapons systems,1,17,"[""CRI""]",5.882352941176471,2023,False,False,First observed in available corpus; source and collection differences remain.,
2023,belem communique,1,17,"[""CRI""]",5.882352941176471,2023,False,False,First observed in available corpus; source and collection differences remain.,
2023,global digital compact,2,17,"[""DEU"", ""SVN""]",11.764705882352942,2023,True,False,First observed in available corpus; source and collection differences remain.,2023
2023,responsible ai,1,17,"[""IND""]",5.882352941176471,2023,False,False,First observed in available corpus; source and collection differences remain.,
2023,hiroshima ai process,1,17,"[""JPN""]",5.882352941176471,2023,False,False,First observed in available corpus; source and collection differences remain.,
2023,trustworthy ai,1,17,"[""JPN""]",5.882352941176471,2023,False,False,First observed in available corpus; source and collection differences remain.,
2023,high-level advisory body on ai,1,17,"[""SVN""]",5.882352941176471,2023,False,False,First observed in available corpus; source and collection differences remain.,
2023,human rights-based approach,1,17,"[""SVN""]",5.882352941176471,2023,False,False,First observed in available corpus; source and collection differences remain.,
2023,uncontrollable ai,1,17,"[""VCT""]",5.882352941176471,2023,False,False,First observed in available corpus; source and collection differences remain.,
2023,fair and equitable regulation,1,17,"[""VEN""]",5.882352941176471,2023,False,False,First observed in available corpus; source and collection differences remain.,
2024,digital divide,2,16,"[""BDI"", ""SWE""]",12.5,2021,True,False,First observed in available corpus; source and collection differences remain.,2024
2024,digital disadvantage,1,16,"[""CIV""]",6.25,2024,False,False,First observed in available corpus; source and collection differences remain.,
2024,global digital compact,5,16,"[""CIV"", ""CRI"", ""MNG"", ""SWE"", ""VNM""]",31.25,2023,True,False,First observed in available corpus; source and collection differences remain.,2023
2024,international regulations,1,16,"[""CIV""]",6.25,2024,False,False,First observed in available corpus; source and collection differences remain.,
2024,ai governance frameworks,1,16,"[""CRI""]",6.25,2024,False,False,First observed in available corpus; source and collection differences remain.,
2024,autonomous systems,1,16,"[""CRI""]",6.25,2024,False,False,First observed in available corpus; source and collection differences remain.,
2024,ai in the military domain,1,16,"[""KEN""]",6.25,2024,False,False,First observed in available corpus; source and collection differences remain.,
2024,autonomous weapons systems,1,16,"[""KEN""]",6.25,2023,False,False,First observed in available corpus; source and collection differences remain.,
2024,ai-driven economy,1,16,"[""MDV""]",6.25,2024,False,False,First observed in available corpus; source and collection differences remain.,
2024,intelligence-driven future,1,16,"[""MDV""]",6.25,2024,False,False,First observed in available corpus; source and collection differences remain.,
2024,digital literacy,1,16,"[""MDV""]",6.25,2024,False,False,First observed in available corpus; source and collection differences remain.,
2024,resolution 78/265,1,16,"[""MNG""]",6.25,2024,False,False,First observed in available corpus; source and collection differences remain.,
2024,smart global governance frameworks,1,16,"[""VNM""]",6.25,2024,False,False,First observed in available corpus; source and collection differences remain.,
2025,digital divide,2,26,"[""BGD"", ""NGA""]",7.6923076923076925,2021,True,False,First observed in available corpus; source and collection differences remain.,2024
2025,large language models,1,26,"[""BGD""]",3.8461538461538463,2025,False,False,First observed in available corpus; source and collection differences remain.,
2025,deepfakes,1,26,"[""BGD""]",3.8461538461538463,2023,False,False,First observed in available corpus; source and collection differences remain.,
2025,global ai governance initiative,1,26,"[""CHN""]",3.8461538461538463,2025,False,False,First observed in available corpus; source and collection differences remain.,
2025,technology for good,1,26,"[""CHN""]",3.8461538461538463,2025,False,False,First observed in available corpus; source and collection differences remain.,
2025,world ai cooperation organization,1,26,"[""CHN""]",3.8461538461538463,2025,False,False,First observed in available corpus; source and collection differences remain.,
2025,global digital compact,1,26,"[""CPV""]",3.8461538461538463,2023,False,False,First observed in available corpus; source and collection differences remain.,2023
2025,common norms,1,26,"[""CUB""]",3.8461538461538463,2025,False,False,First observed in available corpus; source and collection differences remain.,
2025,cultural domination,1,26,"[""CUB""]",3.8461538461538463,2025,False,False,First observed in available corpus; source and collection differences remain.,
2025,dictatorship of the algorithm,1,26,"[""CUB""]",3.8461538461538463,2025,False,False,First observed in available corpus; source and collection differences remain.,
2025,ai-driven disinformation,1,26,"[""ISL""]",3.8461538461538463,2025,False,False,First observed in available corpus; source and collection differences remain.,
2025,ai hub for sustainable development,1,26,"[""ITA""]",3.8461538461538463,2025,False,False,First observed in available corpus; source and collection differences remain.,
2025,digital diplomacy,1,26,"[""MLT""]",3.8461538461538463,2025,False,False,First observed in available corpus; source and collection differences remain.,
2025,"safe, responsible and inclusive ai",1,26,"[""MNE""]",3.8461538461538463,2025,False,False,First observed in available corpus; source and collection differences remain.,
2025,autonomous weapons,1,26,"[""MOZ""]",3.8461538461538463,2025,False,False,First observed in available corpus; source and collection differences remain.,
2025,technological diplomacy,1,26,"[""MOZ""]",3.8461538461538463,2025,False,False,First observed in available corpus; source and collection differences remain.,
2025,technology transfer,1,26,"[""MOZ""]",3.8461538461538463,2024,False,False,First observed in available corpus; source and collection differences remain.,
2025,fourth industrial revolution,1,26,"[""MRT""]",3.8461538461538463,2018,False,False,First observed in available corpus; source and collection differences remain.,
2025,global dialogue on ai governance,1,26,"[""ZWE""]",3.8461538461538463,2025,False,False,First observed in available corpus; source and collection differences remain.,2026
2026,ai divide,1,34,"[""BGD""]",2.9411764705882355,2025,False,False,First observed in available corpus; source and collection differences remain.,
2026,digital divide,3,34,"[""BGD"", ""DJI"", ""LAO""]",8.823529411764707,2021,True,False,First observed in available corpus; source and collection differences remain.,2024
2026,technology transfer,1,34,"[""BGD""]",2.9411764705882355,2024,False,False,First observed in available corpus; source and collection differences remain.,
2026,effective human control,1,34,"[""BGR""]",2.9411764705882355,2026,False,False,First observed in available corpus; source and collection differences remain.,
2026,binding international framework,1,34,"[""BHR""]",2.9411764705882355,2026,False,False,First observed in available corpus; source and collection differences remain.,
2026,international ai treaty,1,34,"[""BHR""]",2.9411764705882355,2026,False,False,First observed in available corpus; source and collection differences remain.,
2026,world artificial intelligence cooperation organization,1,34,"[""BLR""]",2.9411764705882355,2026,False,False,First observed in available corpus; source and collection differences remain.,
2026,distortion of truth,1,34,"[""BRB""]",2.9411764705882355,2026,False,False,First observed in available corpus; source and collection differences remain.,
2026,surveillance,1,34,"[""BRB""]",2.9411764705882355,2019,False,False,First observed in available corpus; source and collection differences remain.,
2026,universal humanizing framework,1,34,"[""BRB""]",2.9411764705882355,2026,False,False,First observed in available corpus; source and collection differences remain.,
2026,globally agreed rules,1,34,"[""BRB""]",2.9411764705882355,2026,False,False,First observed in available corpus; source and collection differences remain.,
2026,independent international scientific panel on ai,2,34,"[""BRB"", ""MUS""]",5.882352941176471,2025,True,False,First observed in available corpus; source and collection differences remain.,2026
2026,meaningful human oversight,1,34,"[""BRB""]",2.9411764705882355,2026,False,False,First observed in available corpus; source and collection differences remain.,
2026,voluntary corporate practices,1,34,"[""BRB""]",2.9411764705882355,2026,False,False,First observed in available corpus; source and collection differences remain.,
2026,innovation and responsibility,1,34,"[""CHL""]",2.9411764705882355,2026,False,False,First observed in available corpus; source and collection differences remain.,
2026,responsible pace,1,34,"[""CHL""]",2.9411764705882355,2026,False,False,First observed in available corpus; source and collection differences remain.,
2026,ai in outer space,1,34,"[""COG""]",2.9411764705882355,2026,False,False,First observed in available corpus; source and collection differences remain.,
2026,digital sovereignty,2,34,"[""COG"", ""LSO""]",5.882352941176471,2026,True,False,First observed in available corpus; source and collection differences remain.,2026
2026,superintelligence,3,34,"[""COL"", ""TTO"", ""USA""]",8.823529411764707,2023,True,False,First observed in available corpus; source and collection differences remain.,2026
2026,cyber terrorism,1,34,"[""CRI""]",2.9411764705882355,2026,False,False,First observed in available corpus; source and collection differences remain.,
2026,technology sharing,1,34,"[""DJI""]",2.9411764705882355,2026,False,False,First observed in available corpus; source and collection differences remain.,
2026,tech oligarchs,1,34,"[""ESP""]",2.9411764705882355,2026,False,False,First observed in available corpus; source and collection differences remain.,
2026,code of conduct,1,34,"[""JPN""]",2.9411764705882355,2026,False,False,First observed in available corpus; source and collection differences remain.,
2026,generative ai,1,34,"[""JPN""]",2.9411764705882355,2023,False,False,First observed in available corpus; source and collection differences remain.,2023
2026,hiroshima ai process,1,34,"[""JPN""]",2.9411764705882355,2023,False,False,First observed in available corpus; source and collection differences remain.,
2026,ai summit,1,34,"[""JPN""]",2.9411764705882355,2026,False,False,First observed in available corpus; source and collection differences remain.,
2026,frontier ai,1,34,"[""JPN""]",2.9411764705882355,2023,False,False,First observed in available corpus; source and collection differences remain.,
2026,trustworthy ai,1,34,"[""JPN""]",2.9411764705882355,2023,False,False,First observed in available corpus; source and collection differences remain.,
2026,global digital compact,2,34,"[""LAO"", ""MCO""]",5.882352941176471,2023,True,False,First observed in available corpus; source and collection differences remain.,2023
2026,global fund for ai,1,34,"[""LSO""]",2.9411764705882355,2026,False,False,First observed in available corpus; source and collection differences remain.,
2026,un blueprint for national ai and data strategies,1,34,"[""LSO""]",2.9411764705882355,2026,False,False,First observed in available corpus; source and collection differences remain.,
2026,global dialogue on ai governance,3,34,"[""MCO"", ""MUS"", ""SLV""]",8.823529411764707,2025,True,False,First observed in available corpus; source and collection differences remain.,2026
2026,normative framework on ai,1,34,"[""MCO""]",2.9411764705882355,2026,False,False,First observed in available corpus; source and collection differences remain.,
2026,global rules for ai,1,34,"[""MDV""]",2.9411764705882355,2026,False,False,First observed in available corpus; source and collection differences remain.,
2026,technological dependence,1,34,"[""MDV""]",2.9411764705882355,2026,False,False,First observed in available corpus; source and collection differences remain.,
2026,human-centred ai,1,34,"[""MNE""]",2.9411764705882355,2020,False,False,First observed in available corpus; source and collection differences remain.,
2026,national ai strategy,1,34,"[""MUS""]",2.9411764705882355,2026,False,False,First observed in available corpus; source and collection differences remain.,
2026,anxiety surrounding ai,1,34,"[""NGA""]",2.9411764705882355,2026,False,False,First observed in available corpus; source and collection differences remain.,
2026,digital public infrastructure,1,34,"[""NGA""]",2.9411764705882355,2026,False,False,First observed in available corpus; source and collection differences remain.,
2026,paranoia,1,34,"[""NGA""]",2.9411764705882355,2026,False,False,First observed in available corpus; source and collection differences remain.,
2026,ai skills,1,34,"[""PAK""]",2.9411764705882355,2026,False,False,First observed in available corpus; source and collection differences remain.,
2026,microchips,1,34,"[""PRY""]",2.9411764705882355,2026,False,False,First observed in available corpus; source and collection differences remain.,
2026,magnifica humanitas,1,34,"[""PRY""]",2.9411764705882355,2026,False,False,First observed in available corpus; source and collection differences remain.,
2026,autonomous weapons,1,34,"[""TTO""]",2.9411764705882355,2025,False,False,First observed in available corpus; source and collection differences remain.,
2026,criminal misuse of ai,1,34,"[""TTO""]",2.9411764705882355,2026,False,False,First observed in available corpus; source and collection differences remain.,
2026,deepfakes,1,34,"[""TTO""]",2.9411764705882355,2023,False,False,First observed in available corpus; source and collection differences remain.,
2026,ungoverned ai,1,34,"[""TZA""]",2.9411764705882355,2026,False,False,First observed in available corpus; source and collection differences remain.,
2026,globalist scheme,1,34,"[""USA""]",2.9411764705882355,2026,False,False,First observed in available corpus; source and collection differences remain.,
