stage,output_tokens,requests_lower,requests_upper,lower_usd,upper_usd
review,900,4370,4370,30.023056,30.023056
review,2000,4370,4370,51.654556,51.654556
review,3000,4370,4370,71.319556,71.319556
embeddings,900,21,21,0.048887,0.048887
embeddings,2000,21,21,0.048887,0.048887
embeddings,3000,21,21,0.048887,0.048887
discovery,900,16,28,0.139108,0.458472
discovery,2000,16,28,0.218308,0.597072
discovery,3000,16,28,0.290308,0.723072
taxonomy,900,2,4,0.02578,0.109209
taxonomy,2000,2,4,0.03568,0.129009
taxonomy,3000,2,4,0.04468,0.147009
classification,900,1332,1332,10.554108,10.554108
classification,2000,1332,1332,17.147508,17.147508
classification,3000,1332,1332,23.141508,23.141508
references,900,12,15,0.106148,0.13293
references,2000,12,15,0.165548,0.20718
references,3000,12,15,0.219548,0.27468
report,900,2,2,0.054605,0.054605
report,2000,2,2,0.064505,0.064505
report,3000,2,2,0.073505,0.073505
