date,statement_number,iso3,reason,url
2026-09-22T00:00:00.000Z,5,UN,institution or chair,https://transcripts.un.org/en/asset/k17/k17s3dutob?t=23:33
2026-09-22T00:00:00.000Z,6,GA,institution or chair,https://transcripts.un.org/en/asset/k17/k17s3dutob?t=56:19
2026-09-22T00:00:00.000Z,70,GA,institution or chair,https://transcripts.un.org/en/asset/k17/k17s3dutob?t=12:27:26
2026-09-22T00:00:00.000Z,71,ARG,right of reply,https://transcripts.un.org/en/asset/k17/k17s3dutob?t=12:29:15
2026-09-24T00:00:00.000Z,9,PSE,observer state,https://transcripts.un.org/en/asset/k18/k18iyhzwip?t=1:28:35
2026-09-24T00:00:00.000Z,25,EU,institution or chair,https://transcripts.un.org/en/asset/k18/k18iyhzwip?t=4:03:32
2026-09-24T00:00:00.000Z,79,GA,institution or chair,https://transcripts.un.org/en/asset/k18/k18iyhzwip?t=12:12:57
2026-09-24T00:00:00.000Z,80,IRN,right of reply,https://transcripts.un.org/en/asset/k18/k18iyhzwip?t=12:14:13
2026-09-24T00:00:00.000Z,82,TUR,right of reply,https://transcripts.un.org/en/asset/k18/k18iyhzwip?t=12:23:51
2026-09-24T00:00:00.000Z,84,QAT,right of reply,https://transcripts.un.org/en/asset/k18/k18iyhzwip?t=12:26:00
